customer_id,customer_name,age,customer_segment,city,registration_date
1,Joko Pratama,24,College Student,Makassar,2026-02-03
2,Lina Pratama,25,Office Worker,Pekanbaru,2025-01-06
3,Dina Sari,23,Office Worker,Jakarta,2025-03-22
4,Gita Nugraha,22,College Student,Bandung,2025-07-08
5,Fajar Saputra,18,High School Student,Palembang,2025-01-28
6,Gita Kurniawan,16,High School Student,Surabaya,2025-05-15
7,Nanda Lestari,17,High School Student,Padang,2025-11-01
8,Dina Wijaya,32,Office Worker,Yogyakarta,2026-05-10
9,Nanda Ramadhan,24,Office Worker,Yogyakarta,2025-10-07
10,Oki Putra,35,Office Worker,Semarang,2025-03-21
11,Eka Wijaya,15,High School Student,Makassar,2026-01-26
12,Citra Saputra,27,Office Worker,Jakarta,2025-01-15
13,Andi Putra,22,Office Worker,Jakarta,2025-08-11
14,Tio Kurniawan,17,High School Student,Yogyakarta,2025-09-23
15,Nanda Saputra,18,High School Student,Surabaya,2025-11-16
16,Joko Kurniawan,18,High School Student,Padang,2025-04-16
17,Fajar Pratama,18,College Student,Semarang,2025-09-10
18,Eka Lestari,20,College Student,Surabaya,2025-07-18
19,Maya Ramadhan,23,College Student,Jakarta,2025-02-25
20,Dina Pratama,21,College Student,Palembang,2026-02-11
21,Budi Putra,22,Office Worker,Yogyakarta,2026-03-14
22,Dina Pratama,18,High School Student,Jakarta,2026-04-02
23,Joko Sari,23,College Student,Pekanbaru,2026-04-22
24,Lina Saputra,20,College Student,Medan,2025-12-13
25,Citra Kurniawan,19,College Student,Bandung,2026-05-01
26,Oki Kurniawan,32,Office Worker,Jakarta,2025-12-29
27,Budi Wijaya,17,High School Student,Jakarta,2025-07-31
28,Putri Kurniawan,20,College Student,Semarang,2026-03-13
29,Andi Saputra,23,College Student,Padang,2025-05-23
30,Putri Saputra,18,High School Student,Makassar,2025-10-12
31,Tio Lestari,27,Office Worker,Bandung,2025-03-11
32,Tio Lestari,15,High School Student,Makassar,2026-06-12
33,Putri Saputra,15,High School Student,Padang,2025-11-06
34,Hadi Putra,35,Office Worker,Jakarta,2025-09-20
35,Salsa Kurniawan,35,Office Worker,Jakarta,2025-03-01
36,Gita Nugraha,31,Office Worker,Palembang,2026-06-06
37,Salsa Ramadhan,19,College Student,Yogyakarta,2025-11-05
38,Intan Ramadhan,17,High School Student,Semarang,2026-06-04
39,Salsa Pratama,29,Office Worker,Palembang,2026-01-17
40,Lina Wijaya,24,College Student,Jakarta,2025-12-07
41,Eka Sari,18,High School Student,Jakarta,2025-03-25
42,Joko Lestari,21,College Student,Jakarta,2025-08-22
43,Tio Kurniawan,18,High School Student,Jakarta,2025-08-28
44,Dina Lestari,28,Office Worker,Yogyakarta,2025-04-14
45,Salsa Wijaya,19,College Student,Makassar,2025-08-13
46,Citra Nugraha,32,Office Worker,Bandung,2025-10-06
47,Putri Permata,24,College Student,Yogyakarta,2026-01-28
48,Maya Lestari,18,College Student,Jakarta,2026-03-05
49,Maya Wijaya,22,College Student,Bandung,2026-02-06
50,Fajar Putra,17,High School Student,Bandung,2025-02-15
51,Maya Permata,33,Office Worker,Jakarta,2026-05-29
52,Eka Wijaya,32,Office Worker,Jakarta,2025-06-25
53,Eka Nugraha,27,Office Worker,Surabaya,2026-01-01
54,Nanda Permata,30,Office Worker,Medan,2025-06-22
55,Lina Ramadhan,22,College Student,Surabaya,2025-10-31
56,Tio Lestari,22,Office Worker,Padang,2025-06-01
57,Andi Sari,17,High School Student,Surabaya,2025-12-17
58,Putri Permata,18,High School Student,Makassar,2025-04-02
59,Intan Saputra,16,High School Student,Yogyakarta,2025-06-10
60,Rian Wijaya,22,College Student,Makassar,2025-04-16
61,Gita Kurniawan,18,College Student,Pekanbaru,2025-04-13
62,Salsa Ramadhan,19,College Student,Palembang,2025-05-12
63,Tio Nugraha,33,Office Worker,Jakarta,2025-10-16
64,Lina Kurniawan,20,College Student,Semarang,2026-04-03
65,Citra Pratama,20,College Student,Bandung,2025-04-11
66,Eka Pratama,22,College Student,Jakarta,2025-01-21
67,Hadi Sari,15,High School Student,Jakarta,2025-09-06
68,Oki Saputra,25,Office Worker,Medan,2025-07-11
69,Nanda Kurniawan,16,High School Student,Bandung,2025-11-09
70,Eka Sari,34,Office Worker,Makassar,2025-06-17
71,Dina Pratama,29,Office Worker,Bandung,2025-06-20
72,Maya Pratama,16,High School Student,Yogyakarta,2025-08-04
73,Citra Ramadhan,15,High School Student,Surabaya,2026-05-24
74,Hadi Putra,22,Office Worker,Semarang,2025-06-23
75,Salsa Kurniawan,33,Office Worker,Palembang,2026-06-20
76,Putri Permata,22,Office Worker,Pekanbaru,2026-02-12
77,Vina Saputra,24,Office Worker,Medan,2026-05-16
78,Rian Lestari,16,High School Student,Palembang,2025-05-18
79,Gita Lestari,19,College Student,Medan,2025-04-09
80,Tio Permata,17,High School Student,Pekanbaru,2025-02-26
81,Intan Ramadhan,29,Office Worker,Pekanbaru,2025-09-04
82,Rian Kurniawan,32,Office Worker,Bandung,2025-04-17
83,Intan Nugraha,20,College Student,Surabaya,2025-02-17
84,Gita Putra,16,High School Student,Jakarta,2025-10-13
85,Nanda Saputra,22,College Student,Yogyakarta,2025-02-15
86,Joko Nugraha,20,College Student,Semarang,2026-01-31
87,Putri Wijaya,28,Office Worker,Jakarta,2025-04-30
88,Karin Ramadhan,33,Office Worker,Surabaya,2025-03-01
89,Fajar Sari,24,Office Worker,Medan,2025-05-27
90,Putri Wijaya,21,College Student,Surabaya,2026-05-12
91,Intan Putra,15,High School Student,Yogyakarta,2025-04-28
92,Citra Ramadhan,34,Office Worker,Semarang,2025-08-25
93,Rian Wijaya,25,Office Worker,Yogyakarta,2025-08-06
94,Budi Putra,20,College Student,Makassar,2025-05-04
95,Fajar Lestari,26,Office Worker,Pekanbaru,2025-09-20
96,Karin Putra,24,College Student,Palembang,2025-06-19
97,Salsa Ramadhan,22,College Student,Semarang,2026-01-27
98,Intan Nugraha,21,College Student,Semarang,2025-05-30
99,Tio Saputra,18,High School Student,Yogyakarta,2025-09-03
100,Andi Lestari,18,High School Student,Yogyakarta,2026-05-16
101,Putri Ramadhan,16,High School Student,Jakarta,2025-07-10
102,Salsa Wijaya,31,Office Worker,Makassar,2025-06-23
103,Andi Ramadhan,22,College Student,Semarang,2025-06-21
104,Tio Ramadhan,23,College Student,Jakarta,2025-12-04
105,Tio Putra,27,Office Worker,Yogyakarta,2026-02-15
106,Eka Permata,16,High School Student,Surabaya,2025-03-11
107,Intan Nugraha,20,College Student,Yogyakarta,2025-04-08
108,Nanda Permata,22,Office Worker,Makassar,2026-06-01
109,Hadi Permata,15,High School Student,Bandung,2025-07-04
110,Rian Saputra,15,High School Student,Yogyakarta,2026-02-17
111,Vina Lestari,19,College Student,Yogyakarta,2026-01-13
112,Budi Lestari,18,High School Student,Palembang,2025-01-12
113,Tio Kurniawan,28,Office Worker,Surabaya,2026-02-13
114,Nanda Kurniawan,26,Office Worker,Jakarta,2026-02-22
115,Gita Permata,23,Office Worker,Padang,2025-11-27
116,Rian Wijaya,29,Office Worker,Jakarta,2025-10-07
117,Oki Putra,32,Office Worker,Padang,2025-04-25
118,Dina Lestari,17,High School Student,Yogyakarta,2025-07-29
119,Joko Saputra,34,Office Worker,Makassar,2026-03-23
120,Nanda Putra,22,College Student,Jakarta,2026-01-29
121,Joko Kurniawan,27,Office Worker,Bandung,2025-06-30
122,Salsa Nugraha,25,Office Worker,Yogyakarta,2026-04-10
123,Maya Saputra,22,College Student,Medan,2025-01-28
124,Budi Lestari,18,High School Student,Makassar,2025-07-12
125,Dina Putra,16,High School Student,Yogyakarta,2025-09-13
126,Oki Nugraha,20,College Student,Semarang,2026-02-28
127,Intan Permata,28,Office Worker,Jakarta,2025-04-01
128,Citra Lestari,24,Office Worker,Jakarta,2025-05-25
129,Oki Putra,15,High School Student,Surabaya,2026-03-28
130,Rian Kurniawan,22,College Student,Bandung,2026-03-04
131,Putri Permata,19,College Student,Semarang,2025-08-30
132,Karin Kurniawan,16,High School Student,Medan,2026-05-01
133,Hadi Wijaya,16,High School Student,Padang,2025-01-31
134,Tio Kurniawan,23,College Student,Yogyakarta,2025-03-01
135,Citra Permata,25,Office Worker,Medan,2026-04-21
136,Dina Wijaya,23,College Student,Pekanbaru,2025-04-11
137,Putri Sari,20,College Student,Yogyakarta,2025-09-30
138,Rian Lestari,28,Office Worker,Medan,2026-04-23
139,Rian Permata,24,College Student,Jakarta,2025-02-27
140,Fajar Sari,25,Office Worker,Padang,2026-05-20
141,Nanda Nugraha,23,Office Worker,Pekanbaru,2026-01-22
142,Eka Permata,20,College Student,Padang,2026-04-06
143,Oki Lestari,24,College Student,Bandung,2025-02-14
144,Andi Kurniawan,20,College Student,Bandung,2025-10-18
145,Intan Wijaya,24,College Student,Surabaya,2025-09-15
146,Dina Sari,15,High School Student,Jakarta,2025-09-03
147,Nanda Saputra,23,Office Worker,Palembang,2025-08-28
148,Putri Saputra,19,College Student,Palembang,2026-02-17
149,Joko Sari,18,High School Student,Palembang,2025-05-08
150,Oki Kurniawan,18,College Student,Bandung,2025-10-03
151,Gita Putra,33,Office Worker,Bandung,2026-02-22
152,Putri Lestari,17,High School Student,Yogyakarta,2025-07-26
153,Citra Pratama,18,High School Student,Semarang,2025-12-31
154,Hadi Saputra,24,College Student,Yogyakarta,2025-12-12
155,Vina Lestari,35,Office Worker,Medan,2025-06-09
156,Citra Putra,16,High School Student,Pekanbaru,2025-04-06
157,Budi Wijaya,35,Office Worker,Semarang,2026-03-01
158,Rian Nugraha,27,Office Worker,Makassar,2025-04-26
159,Vina Pratama,16,High School Student,Makassar,2025-07-31
160,Joko Kurniawan,22,Office Worker,Makassar,2025-11-03
161,Fajar Saputra,19,College Student,Makassar,2025-09-25
162,Lina Kurniawan,25,Office Worker,Palembang,2025-02-13
163,Lina Nugraha,24,Office Worker,Jakarta,2026-04-03
164,Salsa Permata,23,College Student,Semarang,2026-04-17
165,Lina Pratama,15,High School Student,Bandung,2025-01-09
166,Andi Ramadhan,29,Office Worker,Jakarta,2025-07-08
167,Salsa Ramadhan,24,College Student,Semarang,2026-01-16
168,Putri Pratama,18,High School Student,Semarang,2025-04-25
169,Joko Wijaya,18,High School Student,Palembang,2026-05-17
170,Putri Kurniawan,21,College Student,Surabaya,2026-01-23
171,Budi Putra,33,Office Worker,Padang,2026-03-15
172,Fajar Ramadhan,15,High School Student,Makassar,2025-11-15
173,Eka Permata,20,College Student,Semarang,2026-03-20
174,Dina Nugraha,16,High School Student,Padang,2025-01-28
175,Gita Ramadhan,25,Office Worker,Pekanbaru,2026-02-02
176,Maya Permata,15,High School Student,Makassar,2025-03-18
177,Maya Permata,31,Office Worker,Surabaya,2025-12-24
178,Joko Permata,24,College Student,Jakarta,2025-07-05
179,Andi Nugraha,22,Office Worker,Surabaya,2025-08-22
180,Hadi Sari,15,High School Student,Medan,2025-09-05
181,Eka Wijaya,18,College Student,Bandung,2026-02-03
182,Oki Pratama,18,High School Student,Padang,2025-11-25
183,Maya Wijaya,22,Office Worker,Surabaya,2025-01-05
184,Vina Nugraha,23,Office Worker,Jakarta,2025-12-14
185,Maya Putra,21,College Student,Jakarta,2026-02-03
186,Intan Wijaya,28,Office Worker,Makassar,2025-09-16
187,Karin Lestari,23,Office Worker,Palembang,2026-02-23
188,Andi Pratama,22,College Student,Surabaya,2026-01-26
189,Maya Pratama,24,College Student,Surabaya,2025-04-25
190,Budi Saputra,15,High School Student,Padang,2025-01-04
191,Gita Kurniawan,16,High School Student,Palembang,2025-05-08
192,Dina Saputra,27,Office Worker,Pekanbaru,2025-01-09
193,Tio Lestari,25,Office Worker,Makassar,2025-11-20
194,Eka Kurniawan,27,Office Worker,Palembang,2025-04-28
195,Maya Wijaya,24,College Student,Makassar,2026-04-12
196,Intan Lestari,21,College Student,Jakarta,2026-04-08
197,Tio Lestari,28,Office Worker,Makassar,2025-05-05
198,Lina Putra,30,Office Worker,Semarang,2025-08-11
199,Putri Pratama,24,Office Worker,Jakarta,2025-11-24
200,Vina Permata,24,Office Worker,Bandung,2025-09-16
201,Fajar Saputra,23,Office Worker,Pekanbaru,2025-03-08
202,Gita Nugraha,15,High School Student,Jakarta,2025-03-03
203,Joko Ramadhan,16,High School Student,Yogyakarta,2026-06-10
204,Nanda Ramadhan,22,Office Worker,Yogyakarta,2025-10-06
205,Nanda Ramadhan,34,Office Worker,Surabaya,2025-05-03
206,Lina Putra,17,High School Student,Jakarta,2025-09-29
207,Joko Permata,16,High School Student,Makassar,2026-05-17
208,Hadi Kurniawan,28,Office Worker,Bandung,2025-09-26
209,Maya Permata,17,High School Student,Jakarta,2025-08-06
210,Rian Wijaya,17,High School Student,Surabaya,2025-06-08
211,Rian Sari,18,College Student,Makassar,2025-12-26
212,Andi Permata,35,Office Worker,Yogyakarta,2026-04-10
213,Nanda Pratama,23,Office Worker,Padang,2026-06-28
214,Maya Saputra,17,High School Student,Surabaya,2025-09-05
215,Nanda Pratama,22,Office Worker,Medan,2025-10-18
216,Eka Sari,16,High School Student,Jakarta,2025-02-05
217,Tio Putra,23,College Student,Semarang,2025-03-07
218,Nanda Nugraha,32,Office Worker,Jakarta,2026-03-03
219,Eka Nugraha,26,Office Worker,Padang,2025-06-06
220,Budi Saputra,29,Office Worker,Pekanbaru,2025-05-01
221,Intan Lestari,33,Office Worker,Jakarta,2025-07-11
222,Salsa Permata,20,College Student,Makassar,2026-04-21
223,Hadi Saputra,16,High School Student,Surabaya,2025-12-20
224,Vina Lestari,18,College Student,Jakarta,2026-06-27
225,Rian Saputra,24,College Student,Yogyakarta,2025-12-23
226,Gita Pratama,16,High School Student,Jakarta,2026-06-15
227,Andi Saputra,29,Office Worker,Jakarta,2026-04-25
228,Dina Sari,20,College Student,Padang,2025-03-14
229,Vina Nugraha,34,Office Worker,Jakarta,2026-01-26
230,Vina Permata,35,Office Worker,Makassar,2025-03-17
231,Fajar Wijaya,29,Office Worker,Jakarta,2025-07-07
232,Fajar Sari,19,College Student,Jakarta,2025-12-04
233,Gita Putra,23,College Student,Yogyakarta,2026-04-21
234,Dina Pratama,23,College Student,Bandung,2025-11-02
235,Fajar Putra,15,High School Student,Makassar,2025-06-11
236,Eka Wijaya,33,Office Worker,Surabaya,2025-02-16
237,Dina Putra,24,College Student,Jakarta,2025-01-24
238,Fajar Nugraha,16,High School Student,Jakarta,2025-12-02
239,Maya Kurniawan,29,Office Worker,Bandung,2025-10-11
240,Joko Wijaya,15,High School Student,Medan,2025-06-23
241,Maya Permata,28,Office Worker,Jakarta,2025-11-03
242,Joko Lestari,25,Office Worker,Pekanbaru,2025-08-18
243,Citra Pratama,30,Office Worker,Surabaya,2025-04-28
244,Intan Pratama,21,College Student,Surabaya,2025-02-22
245,Salsa Kurniawan,18,High School Student,Bandung,2025-07-11
246,Vina Kurniawan,25,Office Worker,Padang,2026-06-07
247,Intan Saputra,18,College Student,Bandung,2025-05-21
248,Tio Wijaya,35,Office Worker,Jakarta,2025-04-23
249,Putri Nugraha,29,Office Worker,Makassar,2025-09-21
250,Maya Wijaya,25,Office Worker,Surabaya,2026-05-06
251,Joko Ramadhan,23,College Student,Jakarta,2025-12-10
252,Salsa Ramadhan,24,College Student,Bandung,2026-06-07
253,Fajar Saputra,29,Office Worker,Surabaya,2025-04-09
254,Fajar Ramadhan,24,College Student,Yogyakarta,2026-04-18
255,Maya Nugraha,16,High School Student,Jakarta,2025-01-23
256,Gita Nugraha,22,College Student,Medan,2025-08-27
257,Andi Kurniawan,27,Office Worker,Medan,2025-09-20
258,Citra Saputra,29,Office Worker,Makassar,2025-11-21
259,Hadi Saputra,24,College Student,Jakarta,2026-01-22
260,Dina Saputra,15,High School Student,Palembang,2025-05-02
261,Maya Saputra,33,Office Worker,Bandung,2025-10-27
262,Joko Saputra,34,Office Worker,Pekanbaru,2025-11-13
263,Lina Nugraha,15,High School Student,Pekanbaru,2025-01-20
264,Lina Sari,21,College Student,Jakarta,2026-06-26
265,Andi Saputra,35,Office Worker,Medan,2025-10-27
266,Putri Ramadhan,33,Office Worker,Medan,2026-04-15
267,Budi Permata,23,Office Worker,Surabaya,2025-03-27
268,Putri Ramadhan,32,Office Worker,Bandung,2026-02-09
269,Maya Sari,18,College Student,Bandung,2025-04-22
270,Joko Nugraha,21,College Student,Jakarta,2025-05-19
271,Hadi Ramadhan,25,Office Worker,Jakarta,2025-01-10
272,Eka Permata,26,Office Worker,Pekanbaru,2025-10-18
273,Fajar Ramadhan,23,Office Worker,Bandung,2026-01-14
274,Rian Ramadhan,28,Office Worker,Jakarta,2025-08-26
275,Rian Nugraha,24,College Student,Semarang,2025-11-26
276,Rian Pratama,22,College Student,Padang,2025-07-04
277,Maya Ramadhan,27,Office Worker,Makassar,2026-03-01
278,Gita Ramadhan,25,Office Worker,Yogyakarta,2025-11-19
279,Fajar Wijaya,29,Office Worker,Semarang,2026-04-27
280,Intan Nugraha,29,Office Worker,Jakarta,2025-12-24
281,Salsa Lestari,33,Office Worker,Palembang,2025-12-28
282,Joko Sari,22,College Student,Semarang,2025-02-05
283,Citra Pratama,21,College Student,Yogyakarta,2026-05-31
284,Citra Kurniawan,16,High School Student,Bandung,2025-11-26
285,Eka Sari,20,College Student,Palembang,2025-09-26
286,Citra Permata,15,High School Student,Palembang,2025-03-11
287,Rian Wijaya,18,College Student,Surabaya,2026-06-03
288,Dina Saputra,18,College Student,Palembang,2026-01-13
289,Nanda Nugraha,20,College Student,Jakarta,2025-10-20
290,Budi Ramadhan,21,College Student,Palembang,2025-10-13
291,Joko Permata,15,High School Student,Palembang,2025-12-26
292,Andi Wijaya,17,High School Student,Bandung,2026-06-08
293,Nanda Kurniawan,23,Office Worker,Yogyakarta,2025-12-03
294,Nanda Pratama,21,College Student,Yogyakarta,2026-06-26
295,Intan Pratama,17,High School Student,Bandung,2025-02-05
296,Nanda Ramadhan,23,College Student,Jakarta,2026-05-03
297,Gita Saputra,32,Office Worker,Palembang,2026-01-14
298,Hadi Putra,18,High School Student,Medan,2025-12-10
299,Fajar Kurniawan,22,Office Worker,Medan,2025-08-18
300,Citra Saputra,18,High School Student,Yogyakarta,2026-02-01
301,Salsa Ramadhan,17,High School Student,Makassar,2026-02-25
302,Fajar Wijaya,18,College Student,Medan,2026-02-06
303,Putri Nugraha,19,College Student,Jakarta,2026-05-03
304,Budi Sari,29,Office Worker,Pekanbaru,2025-02-15
305,Putri Putra,27,Office Worker,Palembang,2025-06-03
306,Dina Pratama,30,Office Worker,Yogyakarta,2025-09-18
307,Budi Permata,19,College Student,Jakarta,2025-10-14
308,Gita Saputra,20,College Student,Padang,2025-11-27
309,Fajar Saputra,30,Office Worker,Medan,2026-04-17
310,Gita Saputra,18,College Student,Palembang,2025-09-26
311,Tio Kurniawan,22,College Student,Jakarta,2025-06-06
312,Dina Nugraha,16,High School Student,Makassar,2026-03-05
313,Gita Putra,16,High School Student,Padang,2025-09-09
314,Oki Wijaya,24,Office Worker,Yogyakarta,2025-09-24
315,Karin Permata,26,Office Worker,Surabaya,2025-02-28
316,Dina Saputra,23,Office Worker,Palembang,2025-06-20
317,Nanda Lestari,24,College Student,Makassar,2025-11-15
318,Fajar Kurniawan,16,High School Student,Makassar,2026-02-02
319,Putri Saputra,17,High School Student,Makassar,2025-01-15
320,Andi Putra,23,College Student,Jakarta,2026-04-07
321,Andi Pratama,19,College Student,Medan,2025-05-18
322,Tio Nugraha,24,Office Worker,Jakarta,2025-05-30
323,Joko Saputra,28,Office Worker,Surabaya,2025-10-27
324,Lina Pratama,19,College Student,Jakarta,2026-02-27
325,Andi Putra,33,Office Worker,Palembang,2026-02-23
326,Joko Lestari,22,Office Worker,Yogyakarta,2025-07-12
327,Joko Saputra,24,College Student,Padang,2025-10-10
328,Intan Kurniawan,27,Office Worker,Yogyakarta,2025-09-11
329,Budi Wijaya,24,College Student,Jakarta,2026-05-19
330,Budi Ramadhan,18,High School Student,Yogyakarta,2025-11-09
331,Lina Ramadhan,20,College Student,Jakarta,2025-10-05
332,Tio Wijaya,24,Office Worker,Medan,2025-11-06
333,Lina Saputra,17,High School Student,Medan,2025-07-05
334,Putri Saputra,18,High School Student,Yogyakarta,2025-08-12
335,Karin Nugraha,18,High School Student,Makassar,2026-02-26
336,Fajar Kurniawan,17,High School Student,Bandung,2025-01-27
337,Karin Nugraha,30,Office Worker,Jakarta,2026-01-16
338,Joko Permata,30,Office Worker,Palembang,2025-11-16
339,Intan Lestari,22,College Student,Padang,2025-05-11
340,Nanda Nugraha,16,High School Student,Pekanbaru,2026-06-07
341,Andi Nugraha,22,College Student,Jakarta,2025-10-07
342,Putri Nugraha,18,College Student,Yogyakarta,2025-10-12
343,Eka Saputra,18,High School Student,Bandung,2025-07-16
344,Fajar Nugraha,19,College Student,Surabaya,2025-10-02
345,Salsa Lestari,21,College Student,Bandung,2025-03-09
346,Oki Putra,26,Office Worker,Makassar,2025-08-21
347,Karin Lestari,32,Office Worker,Jakarta,2025-08-10
348,Tio Kurniawan,18,High School Student,Semarang,2026-03-29
349,Maya Permata,22,College Student,Bandung,2025-10-31
350,Citra Sari,26,Office Worker,Medan,2026-02-04
351,Lina Putra,22,College Student,Makassar,2025-11-16
352,Rian Pratama,32,Office Worker,Jakarta,2025-09-21
353,Hadi Lestari,24,Office Worker,Makassar,2025-12-31
354,Tio Putra,17,High School Student,Makassar,2026-01-24
355,Tio Permata,17,High School Student,Semarang,2025-08-15
356,Joko Sari,23,Office Worker,Jakarta,2026-04-01
357,Citra Permata,17,High School Student,Yogyakarta,2025-11-01
358,Putri Putra,20,College Student,Makassar,2026-05-20
359,Dina Kurniawan,24,Office Worker,Makassar,2025-11-24
360,Vina Permata,21,College Student,Yogyakarta,2026-06-05
361,Maya Nugraha,20,College Student,Medan,2025-11-16
362,Rian Sari,31,Office Worker,Semarang,2026-05-07
363,Putri Kurniawan,22,College Student,Padang,2026-04-06
364,Rian Ramadhan,21,College Student,Surabaya,2026-06-19
365,Citra Permata,30,Office Worker,Palembang,2026-03-20
366,Dina Putra,20,College Student,Yogyakarta,2026-03-19
367,Vina Kurniawan,28,Office Worker,Palembang,2025-08-15
368,Andi Lestari,29,Office Worker,Yogyakarta,2026-06-11
369,Budi Sari,15,High School Student,Jakarta,2026-05-31
370,Joko Sari,15,High School Student,Surabaya,2026-02-22
371,Tio Pratama,18,High School Student,Surabaya,2025-04-11
372,Maya Lestari,17,High School Student,Jakarta,2026-02-12
373,Nanda Lestari,15,High School Student,Medan,2026-02-09
374,Gita Lestari,27,Office Worker,Makassar,2025-05-10
375,Andi Wijaya,17,High School Student,Padang,2026-06-03
376,Maya Saputra,24,College Student,Bandung,2025-02-04
377,Rian Nugraha,23,Office Worker,Surabaya,2025-06-03
378,Citra Lestari,16,High School Student,Palembang,2026-02-06
379,Oki Putra,34,Office Worker,Surabaya,2025-03-05
380,Fajar Lestari,23,College Student,Padang,2025-08-17
381,Intan Kurniawan,17,High School Student,Bandung,2025-09-10
382,Karin Ramadhan,34,Office Worker,Surabaya,2026-05-03
383,Budi Kurniawan,27,Office Worker,Semarang,2025-01-15
384,Salsa Wijaya,34,Office Worker,Pekanbaru,2025-12-06
385,Salsa Nugraha,26,Office Worker,Jakarta,2025-12-29
386,Salsa Permata,25,Office Worker,Makassar,2025-06-29
387,Oki Wijaya,18,College Student,Jakarta,2025-08-03
388,Eka Ramadhan,15,High School Student,Jakarta,2025-06-03
389,Maya Sari,23,Office Worker,Semarang,2025-02-14
390,Joko Putra,28,Office Worker,Semarang,2025-12-18
391,Nanda Permata,31,Office Worker,Jakarta,2025-01-21
392,Vina Sari,20,College Student,Palembang,2026-01-04
393,Lina Lestari,22,College Student,Jakarta,2025-03-19
394,Joko Kurniawan,29,Office Worker,Makassar,2025-04-29
395,Karin Saputra,22,College Student,Semarang,2025-12-25
396,Maya Ramadhan,34,Office Worker,Jakarta,2026-05-29
397,Hadi Nugraha,29,Office Worker,Jakarta,2026-05-18
398,Hadi Pratama,23,College Student,Pekanbaru,2025-02-01
399,Fajar Lestari,26,Office Worker,Palembang,2025-12-24
400,Maya Kurniawan,34,Office Worker,Yogyakarta,2025-03-03
401,Fajar Sari,16,High School Student,Makassar,2025-04-07
402,Putri Permata,30,Office Worker,Surabaya,2026-01-13
403,Rian Kurniawan,18,College Student,Yogyakarta,2026-05-11
404,Lina Ramadhan,32,Office Worker,Pekanbaru,2026-03-28
405,Tio Permata,19,College Student,Medan,2025-08-03
406,Lina Ramadhan,34,Office Worker,Semarang,2025-03-25
407,Fajar Kurniawan,18,College Student,Jakarta,2026-02-10
408,Vina Nugraha,18,High School Student,Bandung,2025-04-17
409,Citra Saputra,25,Office Worker,Yogyakarta,2026-05-04
410,Hadi Lestari,18,High School Student,Padang,2025-12-23
411,Oki Kurniawan,22,College Student,Makassar,2025-05-11
412,Joko Kurniawan,26,Office Worker,Jakarta,2025-01-22
413,Nanda Nugraha,29,Office Worker,Surabaya,2025-08-14
414,Intan Permata,20,College Student,Surabaya,2025-04-16
415,Budi Wijaya,32,Office Worker,Medan,2026-01-29
416,Andi Nugraha,20,College Student,Makassar,2025-04-11
417,Andi Pratama,23,College Student,Surabaya,2025-05-28
418,Nanda Sari,21,College Student,Padang,2025-08-18
419,Budi Putra,34,Office Worker,Padang,2025-03-28
420,Vina Kurniawan,33,Office Worker,Yogyakarta,2026-06-07
421,Oki Lestari,24,Office Worker,Padang,2025-04-03
422,Hadi Lestari,34,Office Worker,Palembang,2025-06-02
423,Tio Wijaya,16,High School Student,Semarang,2026-02-27
424,Vina Kurniawan,18,College Student,Jakarta,2025-12-20
425,Intan Nugraha,15,High School Student,Makassar,2026-02-13
426,Fajar Putra,20,College Student,Yogyakarta,2025-03-28
427,Karin Putra,24,College Student,Surabaya,2025-07-30
428,Lina Lestari,33,Office Worker,Semarang,2026-01-18
429,Dina Permata,19,College Student,Yogyakarta,2026-06-08
430,Fajar Kurniawan,15,High School Student,Yogyakarta,2025-06-02
431,Eka Nugraha,17,High School Student,Jakarta,2025-01-05
432,Fajar Pratama,33,Office Worker,Semarang,2025-03-17
433,Rian Kurniawan,32,Office Worker,Jakarta,2026-02-15
434,Maya Pratama,18,High School Student,Jakarta,2025-01-04
435,Nanda Saputra,17,High School Student,Yogyakarta,2026-01-07
436,Tio Lestari,27,Office Worker,Yogyakarta,2025-03-24
437,Citra Saputra,15,High School Student,Pekanbaru,2026-03-07
438,Budi Ramadhan,30,Office Worker,Pekanbaru,2026-04-17
439,Gita Permata,25,Office Worker,Semarang,2025-12-28
440,Rian Ramadhan,16,High School Student,Makassar,2026-02-16
441,Gita Permata,15,High School Student,Medan,2025-02-04
442,Fajar Kurniawan,32,Office Worker,Jakarta,2025-08-30
443,Vina Lestari,22,College Student,Yogyakarta,2025-03-21
444,Dina Lestari,18,College Student,Surabaya,2025-03-16
445,Eka Wijaya,23,Office Worker,Jakarta,2025-10-11
446,Joko Saputra,23,Office Worker,Palembang,2025-08-26
447,Oki Kurniawan,26,Office Worker,Pekanbaru,2025-12-03
448,Andi Nugraha,22,Office Worker,Medan,2026-06-15
449,Eka Putra,22,College Student,Yogyakarta,2025-03-24
450,Vina Pratama,18,High School Student,Bandung,2025-11-14
451,Tio Lestari,31,Office Worker,Jakarta,2025-10-24
452,Joko Pratama,19,College Student,Surabaya,2025-12-08
453,Eka Saputra,21,College Student,Jakarta,2026-02-28
454,Rian Permata,30,Office Worker,Pekanbaru,2025-01-19
455,Gita Kurniawan,16,High School Student,Surabaya,2025-01-04
456,Eka Putra,24,College Student,Yogyakarta,2026-04-12
457,Hadi Kurniawan,18,High School Student,Yogyakarta,2025-07-09
458,Tio Wijaya,23,College Student,Medan,2025-10-08
459,Intan Sari,16,High School Student,Bandung,2025-03-04
460,Vina Pratama,16,High School Student,Medan,2025-09-11
461,Putri Sari,17,High School Student,Palembang,2025-01-02
462,Citra Nugraha,28,Office Worker,Jakarta,2025-03-08
463,Tio Putra,32,Office Worker,Yogyakarta,2025-10-13
464,Eka Lestari,18,College Student,Surabaya,2025-05-12
465,Fajar Saputra,25,Office Worker,Makassar,2025-02-17
466,Tio Ramadhan,22,College Student,Padang,2025-02-16
467,Fajar Saputra,24,College Student,Yogyakarta,2025-08-19
468,Eka Putra,22,Office Worker,Palembang,2025-10-11
469,Nanda Putra,15,High School Student,Pekanbaru,2025-01-28
470,Oki Wijaya,22,Office Worker,Semarang,2026-02-15
471,Eka Ramadhan,17,High School Student,Yogyakarta,2026-04-18
472,Budi Putra,27,Office Worker,Palembang,2025-08-10
473,Eka Ramadhan,18,High School Student,Yogyakarta,2026-01-11
474,Rian Lestari,24,Office Worker,Jakarta,2025-01-09
475,Budi Permata,21,College Student,Bandung,2026-02-17
476,Karin Kurniawan,26,Office Worker,Bandung,2026-04-16
477,Fajar Putra,15,High School Student,Yogyakarta,2025-03-11
478,Budi Lestari,19,College Student,Jakarta,2025-12-08
479,Oki Nugraha,31,Office Worker,Yogyakarta,2025-03-07
480,Lina Pratama,21,College Student,Surabaya,2025-03-11
481,Dina Lestari,35,Office Worker,Jakarta,2025-09-18
482,Andi Kurniawan,35,Office Worker,Medan,2026-06-16
483,Budi Sari,21,College Student,Surabaya,2026-01-31
484,Tio Saputra,32,Office Worker,Pekanbaru,2025-12-24
485,Vina Sari,19,College Student,Medan,2025-12-24
486,Intan Wijaya,24,Office Worker,Bandung,2026-01-27
487,Putri Sari,15,High School Student,Yogyakarta,2026-01-11
488,Eka Kurniawan,19,College Student,Medan,2025-07-05
489,Gita Wijaya,26,Office Worker,Medan,2025-11-01
490,Rian Nugraha,30,Office Worker,Yogyakarta,2025-03-05
491,Tio Kurniawan,20,College Student,Jakarta,2025-06-27
492,Salsa Wijaya,33,Office Worker,Surabaya,2025-08-23
493,Dina Lestari,19,College Student,Medan,2025-02-09
494,Andi Permata,17,High School Student,Padang,2025-10-14
495,Dina Kurniawan,21,College Student,Jakarta,2025-09-16
496,Hadi Saputra,18,College Student,Jakarta,2026-04-12
497,Fajar Sari,19,College Student,Medan,2025-08-28
498,Karin Permata,15,High School Student,Jakarta,2026-05-18
499,Nanda Nugraha,22,Office Worker,Bandung,2026-06-26
500,Intan Saputra,27,Office Worker,Bandung,2025-12-17
501,Andi Permata,33,Office Worker,Padang,2026-06-25
502,Lina Nugraha,19,College Student,Jakarta,2025-11-08
503,Intan Ramadhan,19,College Student,Palembang,2025-04-18
504,Dina Saputra,28,Office Worker,Yogyakarta,2025-01-30
505,Putri Nugraha,22,Office Worker,Semarang,2025-11-05
506,Karin Pratama,16,High School Student,Yogyakarta,2026-05-01
507,Oki Putra,25,Office Worker,Palembang,2025-02-15
508,Dina Saputra,30,Office Worker,Padang,2025-12-25
509,Rian Sari,34,Office Worker,Bandung,2025-05-17
510,Salsa Permata,22,Office Worker,Bandung,2026-03-07
511,Vina Lestari,30,Office Worker,Surabaya,2025-09-08
512,Andi Saputra,22,College Student,Jakarta,2026-03-09
513,Rian Ramadhan,27,Office Worker,Makassar,2025-07-26
514,Citra Pratama,28,Office Worker,Makassar,2026-03-22
515,Lina Putra,18,High School Student,Jakarta,2025-02-28
516,Lina Permata,16,High School Student,Pekanbaru,2025-07-25
517,Joko Sari,23,College Student,Medan,2025-11-27
518,Joko Saputra,27,Office Worker,Semarang,2026-06-09
519,Fajar Sari,28,Office Worker,Palembang,2025-06-07
520,Rian Pratama,17,High School Student,Jakarta,2025-04-14
521,Salsa Saputra,24,College Student,Palembang,2025-12-25
522,Andi Saputra,23,College Student,Palembang,2025-12-31
523,Putri Ramadhan,32,Office Worker,Padang,2025-06-28
524,Citra Permata,34,Office Worker,Medan,2025-12-24
525,Andi Nugraha,33,Office Worker,Makassar,2025-09-21
526,Vina Putra,23,College Student,Yogyakarta,2025-12-19
527,Tio Lestari,19,College Student,Pekanbaru,2025-12-30
528,Andi Lestari,22,College Student,Jakarta,2025-09-07
529,Eka Pratama,17,High School Student,Medan,2025-04-30
530,Karin Nugraha,28,Office Worker,Semarang,2025-07-11
531,Intan Nugraha,25,Office Worker,Jakarta,2025-03-03
532,Budi Saputra,22,Office Worker,Medan,2025-07-29
533,Lina Nugraha,33,Office Worker,Jakarta,2025-02-21
534,Joko Permata,21,College Student,Surabaya,2025-11-09
535,Budi Permata,27,Office Worker,Jakarta,2025-10-06
536,Lina Permata,27,Office Worker,Jakarta,2026-01-23
537,Karin Kurniawan,28,Office Worker,Medan,2025-07-21
538,Joko Ramadhan,17,High School Student,Makassar,2025-05-19
539,Oki Lestari,20,College Student,Padang,2025-01-19
540,Fajar Pratama,18,High School Student,Medan,2025-11-17
541,Vina Nugraha,24,Office Worker,Yogyakarta,2025-04-05
542,Dina Sari,35,Office Worker,Bandung,2025-05-10
543,Nanda Permata,16,High School Student,Jakarta,2025-04-15
544,Vina Putra,31,Office Worker,Bandung,2025-07-16
545,Karin Wijaya,23,Office Worker,Yogyakarta,2025-09-17
546,Hadi Saputra,22,College Student,Palembang,2025-02-08
547,Rian Ramadhan,16,High School Student,Jakarta,2026-05-16
548,Oki Lestari,30,Office Worker,Palembang,2025-05-11
549,Salsa Pratama,19,College Student,Makassar,2025-06-03
550,Salsa Nugraha,24,Office Worker,Jakarta,2025-11-17
551,Fajar Pratama,21,College Student,Palembang,2025-05-02
552,Gita Permata,34,Office Worker,Surabaya,2025-05-24
553,Intan Ramadhan,19,College Student,Padang,2025-07-05
554,Rian Permata,21,College Student,Padang,2025-07-30
555,Salsa Ramadhan,33,Office Worker,Yogyakarta,2026-02-04
556,Dina Kurniawan,19,College Student,Pekanbaru,2025-02-02
557,Nanda Wijaya,15,High School Student,Pekanbaru,2025-06-08
558,Andi Pratama,15,High School Student,Surabaya,2026-02-10
559,Lina Kurniawan,26,Office Worker,Jakarta,2025-12-30
560,Intan Nugraha,22,Office Worker,Semarang,2025-06-12
561,Oki Saputra,26,Office Worker,Jakarta,2025-05-11
562,Intan Putra,18,High School Student,Surabaya,2025-04-06
563,Maya Lestari,18,High School Student,Bandung,2025-09-27
564,Joko Ramadhan,17,High School Student,Surabaya,2026-01-02
565,Gita Ramadhan,19,College Student,Surabaya,2025-12-31
566,Eka Permata,21,College Student,Semarang,2026-03-10
567,Gita Permata,22,College Student,Bandung,2025-03-02
568,Joko Lestari,24,College Student,Pekanbaru,2025-11-19
569,Maya Ramadhan,22,Office Worker,Medan,2025-07-27
570,Vina Wijaya,24,College Student,Yogyakarta,2025-12-14
571,Karin Ramadhan,22,College Student,Medan,2025-02-14
572,Andi Saputra,27,Office Worker,Yogyakarta,2025-12-13
573,Oki Permata,22,College Student,Jakarta,2026-01-04
574,Eka Lestari,22,Office Worker,Palembang,2026-06-18
575,Rian Saputra,35,Office Worker,Jakarta,2025-12-24
576,Vina Putra,35,Office Worker,Semarang,2026-05-10
577,Joko Permata,18,High School Student,Bandung,2025-03-01
578,Citra Wijaya,22,Office Worker,Surabaya,2025-10-25
579,Eka Wijaya,23,College Student,Surabaya,2025-02-28
580,Hadi Nugraha,19,College Student,Yogyakarta,2026-02-28
581,Lina Sari,21,College Student,Jakarta,2025-08-19
582,Karin Putra,28,Office Worker,Palembang,2026-03-24
583,Eka Putra,19,College Student,Makassar,2026-01-03
584,Lina Wijaya,19,College Student,Jakarta,2025-01-29
585,Putri Sari,22,Office Worker,Makassar,2025-10-04
586,Hadi Sari,18,High School Student,Jakarta,2026-01-14
587,Salsa Putra,15,High School Student,Yogyakarta,2025-02-07
588,Fajar Lestari,17,High School Student,Makassar,2025-07-26
589,Tio Permata,18,High School Student,Makassar,2025-10-16
590,Citra Pratama,15,High School Student,Medan,2026-05-08
591,Tio Lestari,16,High School Student,Yogyakarta,2025-08-13
592,Fajar Lestari,35,Office Worker,Jakarta,2026-03-28
593,Lina Wijaya,18,High School Student,Medan,2025-01-28
594,Fajar Permata,19,College Student,Surabaya,2025-11-30
595,Vina Lestari,34,Office Worker,Surabaya,2026-01-08
596,Putri Saputra,23,College Student,Semarang,2025-10-28
597,Nanda Permata,23,Office Worker,Jakarta,2025-07-23
598,Lina Permata,17,High School Student,Makassar,2026-01-14
599,Hadi Sari,17,High School Student,Palembang,2025-04-25
600,Intan Putra,18,High School Student,Yogyakarta,2025-01-20
601,Rian Lestari,17,High School Student,Yogyakarta,2026-01-31
602,Citra Nugraha,18,College Student,Yogyakarta,2025-02-21
603,Hadi Lestari,16,High School Student,Jakarta,2025-07-05
604,Gita Saputra,16,High School Student,Padang,2025-12-19
605,Karin Ramadhan,16,High School Student,Surabaya,2025-04-24
606,Vina Nugraha,21,College Student,Jakarta,2026-05-29
607,Nanda Nugraha,18,High School Student,Surabaya,2026-06-30
608,Maya Permata,24,College Student,Palembang,2025-10-09
609,Vina Permata,23,College Student,Bandung,2025-06-19
610,Karin Saputra,35,Office Worker,Medan,2025-11-17
611,Andi Saputra,16,High School Student,Medan,2026-01-01
612,Gita Pratama,31,Office Worker,Jakarta,2026-06-04
613,Dina Saputra,35,Office Worker,Palembang,2025-04-20
614,Oki Wijaya,15,High School Student,Palembang,2026-06-28
615,Gita Ramadhan,35,Office Worker,Makassar,2026-06-27
616,Oki Ramadhan,30,Office Worker,Bandung,2025-11-20
617,Hadi Putra,16,High School Student,Medan,2025-01-12
618,Andi Lestari,21,College Student,Medan,2025-01-23
619,Maya Sari,22,Office Worker,Makassar,2025-06-10
620,Maya Permata,23,Office Worker,Medan,2025-09-21
621,Gita Ramadhan,18,High School Student,Medan,2026-01-15
622,Lina Ramadhan,18,High School Student,Bandung,2025-03-21
623,Nanda Wijaya,23,College Student,Jakarta,2025-09-28
624,Putri Lestari,19,College Student,Jakarta,2026-03-01
625,Dina Nugraha,29,Office Worker,Semarang,2026-03-12
626,Intan Putra,23,College Student,Semarang,2025-03-19
627,Citra Ramadhan,24,College Student,Surabaya,2026-06-08
628,Joko Pratama,23,Office Worker,Medan,2025-04-21
629,Tio Lestari,18,High School Student,Bandung,2026-03-28
630,Lina Sari,21,College Student,Semarang,2026-02-18
631,Gita Saputra,22,Office Worker,Yogyakarta,2025-09-17
632,Tio Sari,28,Office Worker,Makassar,2025-12-17
633,Lina Ramadhan,21,College Student,Jakarta,2025-07-03
634,Gita Lestari,20,College Student,Semarang,2025-06-24
635,Vina Lestari,16,High School Student,Makassar,2026-01-21
636,Eka Saputra,18,College Student,Palembang,2025-09-29
637,Intan Sari,21,College Student,Surabaya,2025-07-05
638,Joko Nugraha,15,High School Student,Palembang,2025-06-16
639,Gita Nugraha,20,College Student,Semarang,2025-05-23
640,Oki Wijaya,22,College Student,Surabaya,2026-05-08
641,Joko Putra,16,High School Student,Jakarta,2025-03-13
642,Intan Ramadhan,23,College Student,Palembang,2025-12-10
643,Budi Wijaya,16,High School Student,Yogyakarta,2026-05-14
644,Maya Lestari,23,College Student,Makassar,2025-05-27
645,Oki Ramadhan,16,High School Student,Bandung,2026-05-16
646,Andi Saputra,25,Office Worker,Semarang,2025-12-04
647,Karin Putra,24,College Student,Jakarta,2025-03-26
648,Citra Saputra,35,Office Worker,Makassar,2025-05-23
649,Putri Ramadhan,35,Office Worker,Jakarta,2025-11-07
650,Andi Lestari,20,College Student,Surabaya,2026-01-04
651,Fajar Kurniawan,17,High School Student,Jakarta,2026-03-17
652,Gita Kurniawan,20,College Student,Palembang,2025-03-08
653,Budi Nugraha,18,College Student,Surabaya,2026-06-18
654,Intan Sari,22,Office Worker,Semarang,2025-12-07
655,Nanda Ramadhan,23,College Student,Padang,2025-04-12
656,Putri Sari,16,High School Student,Medan,2025-11-10
657,Joko Nugraha,19,College Student,Surabaya,2025-04-20
658,Fajar Pratama,18,College Student,Jakarta,2026-03-08
659,Andi Saputra,33,Office Worker,Bandung,2025-12-08
660,Nanda Permata,23,College Student,Palembang,2025-06-28
661,Intan Sari,21,College Student,Padang,2025-05-14
662,Fajar Pratama,27,Office Worker,Jakarta,2025-01-30
663,Karin Permata,33,Office Worker,Pekanbaru,2026-04-18
664,Intan Wijaya,15,High School Student,Jakarta,2026-01-20
665,Dina Putra,18,High School Student,Padang,2025-01-09
666,Citra Wijaya,17,High School Student,Makassar,2025-05-16
667,Andi Sari,15,High School Student,Surabaya,2025-10-17
668,Fajar Ramadhan,16,High School Student,Semarang,2025-02-12
669,Citra Wijaya,15,High School Student,Semarang,2025-04-15
670,Putri Lestari,24,College Student,Medan,2025-01-31
671,Rian Sari,17,High School Student,Pekanbaru,2025-08-07
672,Maya Lestari,33,Office Worker,Medan,2025-04-23
673,Gita Putra,17,High School Student,Bandung,2025-09-17
674,Fajar Putra,20,College Student,Semarang,2025-01-12
675,Andi Pratama,24,College Student,Semarang,2026-04-16
676,Lina Permata,24,Office Worker,Makassar,2025-12-06
677,Citra Ramadhan,16,High School Student,Palembang,2025-09-03
678,Putri Kurniawan,19,College Student,Surabaya,2025-09-07
679,Karin Permata,34,Office Worker,Semarang,2026-05-24
680,Maya Sari,25,Office Worker,Palembang,2025-10-31
681,Tio Wijaya,31,Office Worker,Palembang,2026-05-28
682,Lina Wijaya,20,College Student,Yogyakarta,2025-12-27
683,Hadi Ramadhan,18,High School Student,Makassar,2025-02-13
684,Intan Kurniawan,23,Office Worker,Jakarta,2025-11-15
685,Rian Ramadhan,22,Office Worker,Surabaya,2026-05-04
686,Dina Permata,20,College Student,Palembang,2025-10-21
687,Tio Kurniawan,19,College Student,Pekanbaru,2026-05-24
688,Budi Pratama,23,College Student,Palembang,2026-06-05
689,Oki Lestari,30,Office Worker,Medan,2025-11-22
690,Citra Permata,17,High School Student,Medan,2025-09-10
691,Dina Ramadhan,22,College Student,Jakarta,2025-11-04
692,Andi Pratama,24,College Student,Palembang,2025-11-19
693,Salsa Permata,20,College Student,Jakarta,2025-02-05
694,Oki Kurniawan,18,High School Student,Palembang,2025-10-18
695,Joko Kurniawan,16,High School Student,Makassar,2026-06-26
696,Rian Kurniawan,26,Office Worker,Bandung,2026-05-04
697,Lina Permata,22,College Student,Jakarta,2025-08-24
698,Lina Nugraha,22,College Student,Jakarta,2026-01-20
699,Putri Pratama,18,High School Student,Surabaya,2025-12-27
700,Oki Putra,21,College Student,Bandung,2025-09-13
701,Budi Putra,24,College Student,Padang,2025-12-25
702,Joko Sari,15,High School Student,Padang,2026-06-27
703,Joko Kurniawan,24,College Student,Surabaya,2025-01-25
704,Dina Kurniawan,15,High School Student,Semarang,2025-01-01
705,Dina Wijaya,15,High School Student,Makassar,2025-12-24
706,Karin Wijaya,23,Office Worker,Bandung,2025-04-28
707,Salsa Lestari,22,College Student,Yogyakarta,2026-04-24
708,Tio Putra,29,Office Worker,Jakarta,2026-04-04
709,Karin Putra,21,College Student,Bandung,2025-04-23
710,Budi Saputra,25,Office Worker,Pekanbaru,2025-07-14
711,Budi Lestari,23,Office Worker,Surabaya,2025-01-20
712,Oki Ramadhan,19,College Student,Jakarta,2025-10-13
713,Lina Pratama,20,College Student,Bandung,2026-04-03
714,Salsa Pratama,18,College Student,Makassar,2026-03-24
715,Oki Sari,18,College Student,Jakarta,2025-03-26
716,Fajar Saputra,29,Office Worker,Yogyakarta,2025-10-01
717,Budi Saputra,29,Office Worker,Semarang,2026-02-07
718,Hadi Sari,29,Office Worker,Jakarta,2025-09-10
719,Andi Permata,18,High School Student,Surabaya,2025-12-31
720,Karin Permata,29,Office Worker,Jakarta,2025-09-17
721,Gita Saputra,22,Office Worker,Jakarta,2026-03-10
722,Dina Pratama,16,High School Student,Jakarta,2025-05-02
723,Karin Permata,18,High School Student,Bandung,2026-06-01
724,Karin Pratama,30,Office Worker,Jakarta,2026-06-27
725,Budi Saputra,20,College Student,Jakarta,2026-06-03
726,Putri Lestari,32,Office Worker,Padang,2025-01-12
727,Putri Wijaya,15,High School Student,Surabaya,2025-01-10
728,Hadi Ramadhan,23,Office Worker,Makassar,2025-06-06
729,Budi Ramadhan,17,High School Student,Jakarta,2025-05-21
730,Andi Kurniawan,17,High School Student,Palembang,2025-05-17
731,Dina Permata,16,High School Student,Makassar,2026-02-04
732,Intan Wijaya,28,Office Worker,Jakarta,2026-03-19
733,Eka Pratama,33,Office Worker,Padang,2026-03-18
734,Tio Pratama,23,College Student,Medan,2025-09-24
735,Joko Ramadhan,20,College Student,Makassar,2026-05-28
736,Lina Lestari,23,Office Worker,Palembang,2025-10-04
737,Budi Putra,24,College Student,Surabaya,2025-12-22
738,Nanda Saputra,30,Office Worker,Semarang,2025-04-03
739,Dina Wijaya,24,College Student,Pekanbaru,2025-05-16
740,Intan Saputra,24,College Student,Surabaya,2025-04-21
741,Tio Sari,21,College Student,Yogyakarta,2025-02-13
742,Dina Ramadhan,22,College Student,Palembang,2025-07-30
743,Tio Pratama,34,Office Worker,Jakarta,2025-12-09
744,Putri Ramadhan,18,College Student,Yogyakarta,2025-12-25
745,Dina Saputra,18,High School Student,Surabaya,2025-12-27
746,Eka Ramadhan,25,Office Worker,Palembang,2025-11-27
747,Fajar Kurniawan,21,College Student,Surabaya,2026-02-15
748,Budi Ramadhan,21,College Student,Makassar,2026-05-23
749,Intan Permata,34,Office Worker,Palembang,2025-08-20
750,Lina Ramadhan,23,Office Worker,Pekanbaru,2025-06-19
751,Rian Nugraha,18,High School Student,Makassar,2026-02-08
752,Vina Lestari,31,Office Worker,Bandung,2025-08-22
753,Oki Saputra,28,Office Worker,Jakarta,2026-06-04
754,Salsa Saputra,24,College Student,Padang,2025-10-29
755,Karin Permata,18,High School Student,Medan,2025-04-10
756,Oki Ramadhan,32,Office Worker,Medan,2025-09-10
757,Karin Saputra,27,Office Worker,Palembang,2025-11-04
758,Putri Lestari,20,College Student,Palembang,2026-01-22
759,Lina Kurniawan,28,Office Worker,Surabaya,2025-05-03
760,Maya Ramadhan,27,Office Worker,Yogyakarta,2025-05-12
761,Fajar Wijaya,17,High School Student,Palembang,2025-08-24
762,Karin Lestari,21,College Student,Makassar,2025-08-09
763,Oki Sari,16,High School Student,Makassar,2025-03-03
764,Hadi Nugraha,35,Office Worker,Jakarta,2026-02-07
765,Budi Wijaya,15,High School Student,Semarang,2025-06-20
766,Intan Ramadhan,18,College Student,Surabaya,2026-04-21
767,Hadi Putra,35,Office Worker,Yogyakarta,2025-01-14
768,Nanda Nugraha,27,Office Worker,Semarang,2025-09-27
769,Rian Ramadhan,22,College Student,Jakarta,2025-02-23
770,Gita Kurniawan,25,Office Worker,Makassar,2026-02-17
771,Putri Saputra,17,High School Student,Semarang,2025-05-11
772,Maya Saputra,32,Office Worker,Makassar,2026-06-01
773,Joko Pratama,17,High School Student,Bandung,2025-10-28
774,Salsa Wijaya,19,College Student,Yogyakarta,2026-03-03
775,Budi Permata,25,Office Worker,Palembang,2025-04-26
776,Karin Wijaya,15,High School Student,Pekanbaru,2025-08-24
777,Intan Lestari,18,High School Student,Yogyakarta,2025-01-13
778,Budi Sari,25,Office Worker,Palembang,2025-08-06
779,Oki Wijaya,32,Office Worker,Palembang,2025-11-25
780,Joko Putra,34,Office Worker,Bandung,2025-03-09
781,Vina Permata,30,Office Worker,Yogyakarta,2026-01-26
782,Karin Wijaya,23,College Student,Palembang,2025-04-02
783,Rian Sari,20,College Student,Yogyakarta,2025-04-14
784,Karin Saputra,22,College Student,Surabaya,2026-03-02
785,Nanda Ramadhan,16,High School Student,Surabaya,2025-10-31
786,Intan Ramadhan,27,Office Worker,Jakarta,2026-01-14
787,Citra Pratama,23,College Student,Yogyakarta,2025-12-14
788,Lina Permata,20,College Student,Surabaya,2025-06-24
789,Vina Putra,24,College Student,Surabaya,2026-01-27
790,Joko Lestari,31,Office Worker,Semarang,2026-02-09
791,Gita Lestari,17,High School Student,Bandung,2025-03-29
792,Gita Sari,21,College Student,Makassar,2025-09-06
793,Salsa Kurniawan,24,College Student,Padang,2026-01-01
794,Salsa Pratama,34,Office Worker,Makassar,2025-03-30
795,Karin Pratama,18,High School Student,Jakarta,2026-04-01
796,Rian Permata,31,Office Worker,Surabaya,2026-02-19
797,Dina Kurniawan,27,Office Worker,Surabaya,2026-03-31
798,Maya Pratama,20,College Student,Semarang,2026-05-26
799,Citra Wijaya,27,Office Worker,Bandung,2025-06-24
800,Hadi Saputra,23,Office Worker,Surabaya,2025-07-28
801,Fajar Permata,29,Office Worker,Makassar,2025-11-09
802,Fajar Nugraha,18,High School Student,Jakarta,2026-01-06
803,Lina Kurniawan,23,College Student,Semarang,2025-11-09
804,Intan Pratama,32,Office Worker,Semarang,2026-05-19
805,Tio Pratama,24,College Student,Jakarta,2025-03-27
806,Putri Wijaya,32,Office Worker,Semarang,2025-09-23
807,Nanda Pratama,30,Office Worker,Pekanbaru,2025-08-08
808,Putri Nugraha,29,Office Worker,Bandung,2025-10-22
809,Lina Putra,23,College Student,Surabaya,2026-05-21
810,Budi Putra,15,High School Student,Yogyakarta,2025-06-12
811,Lina Nugraha,30,Office Worker,Bandung,2025-05-07
812,Putri Putra,27,Office Worker,Padang,2025-04-27
813,Putri Lestari,16,High School Student,Semarang,2026-02-10
814,Vina Permata,33,Office Worker,Jakarta,2025-12-22
815,Oki Permata,28,Office Worker,Makassar,2025-08-10
816,Karin Ramadhan,20,College Student,Bandung,2026-01-11
817,Dina Kurniawan,22,College Student,Surabaya,2025-11-10
818,Intan Wijaya,24,College Student,Palembang,2025-05-30
819,Eka Kurniawan,15,High School Student,Jakarta,2025-08-24
820,Budi Wijaya,19,College Student,Palembang,2025-06-17
821,Lina Nugraha,35,Office Worker,Makassar,2026-05-10
822,Joko Sari,16,High School Student,Bandung,2026-02-16
823,Maya Putra,19,College Student,Surabaya,2025-03-10
824,Hadi Pratama,23,College Student,Bandung,2025-09-24
825,Rian Wijaya,22,College Student,Yogyakarta,2025-05-30
826,Andi Pratama,27,Office Worker,Jakarta,2026-06-09
827,Putri Pratama,22,College Student,Surabaya,2026-01-17
828,Budi Kurniawan,23,College Student,Palembang,2026-01-09
829,Nanda Sari,30,Office Worker,Medan,2026-05-21
830,Tio Pratama,22,College Student,Jakarta,2025-08-25
831,Rian Lestari,15,High School Student,Makassar,2025-11-21
832,Fajar Sari,24,College Student,Surabaya,2025-09-07
833,Fajar Nugraha,15,High School Student,Medan,2026-03-27
834,Budi Saputra,15,High School Student,Jakarta,2026-02-26
835,Rian Putra,23,College Student,Yogyakarta,2025-08-04
836,Gita Nugraha,22,College Student,Bandung,2025-01-21
837,Tio Sari,30,Office Worker,Jakarta,2025-11-01
838,Gita Saputra,24,College Student,Surabaya,2025-12-19
839,Citra Wijaya,23,College Student,Makassar,2026-03-21
840,Vina Kurniawan,24,Office Worker,Jakarta,2025-09-23
841,Oki Pratama,17,High School Student,Jakarta,2025-06-17
842,Oki Sari,29,Office Worker,Pekanbaru,2025-02-27
843,Gita Permata,17,High School Student,Surabaya,2025-11-20
844,Karin Pratama,29,Office Worker,Yogyakarta,2025-09-23
845,Citra Nugraha,15,High School Student,Semarang,2025-03-03
846,Budi Sari,24,College Student,Jakarta,2025-03-30
847,Gita Lestari,17,High School Student,Pekanbaru,2026-02-20
848,Eka Lestari,23,Office Worker,Jakarta,2025-03-17
849,Rian Permata,23,College Student,Medan,2026-02-09
850,Vina Putra,19,College Student,Semarang,2025-12-31
851,Oki Saputra,16,High School Student,Medan,2026-01-20
852,Rian Sari,35,Office Worker,Jakarta,2025-01-09
853,Fajar Nugraha,18,High School Student,Jakarta,2026-05-30
854,Maya Putra,30,Office Worker,Yogyakarta,2026-01-04
855,Karin Saputra,17,High School Student,Makassar,2025-11-05
856,Salsa Kurniawan,16,High School Student,Surabaya,2025-06-19
857,Rian Ramadhan,17,High School Student,Jakarta,2025-05-27
858,Maya Wijaya,23,College Student,Makassar,2026-06-02
859,Gita Permata,20,College Student,Pekanbaru,2025-03-21
860,Karin Saputra,16,High School Student,Medan,2026-03-28
861,Gita Nugraha,22,Office Worker,Semarang,2026-04-11
862,Putri Ramadhan,23,College Student,Jakarta,2026-02-16
863,Citra Lestari,21,College Student,Pekanbaru,2025-10-22
864,Budi Pratama,20,College Student,Makassar,2025-05-10
865,Joko Saputra,20,College Student,Jakarta,2025-06-14
866,Lina Putra,21,College Student,Palembang,2026-03-26
867,Citra Permata,15,High School Student,Pekanbaru,2026-05-22
868,Citra Ramadhan,17,High School Student,Makassar,2025-03-10
869,Budi Wijaya,22,Office Worker,Bandung,2026-05-15
870,Rian Kurniawan,24,Office Worker,Yogyakarta,2025-05-15
871,Dina Ramadhan,24,College Student,Surabaya,2026-05-17
872,Budi Putra,22,College Student,Medan,2025-12-11
873,Intan Lestari,28,Office Worker,Bandung,2025-02-23
874,Karin Saputra,20,College Student,Yogyakarta,2025-11-28
875,Budi Nugraha,15,High School Student,Jakarta,2026-02-24
876,Gita Ramadhan,16,High School Student,Yogyakarta,2025-11-09
877,Dina Saputra,22,Office Worker,Medan,2025-05-18
878,Lina Lestari,32,Office Worker,Yogyakarta,2025-12-21
879,Andi Wijaya,18,High School Student,Bandung,2026-05-17
880,Putri Kurniawan,16,High School Student,Jakarta,2025-08-13
881,Oki Lestari,18,High School Student,Pekanbaru,2025-04-09
882,Gita Permata,31,Office Worker,Padang,2025-11-03
883,Salsa Putra,18,High School Student,Surabaya,2026-01-26
884,Lina Pratama,16,High School Student,Palembang,2025-04-01
885,Budi Wijaya,34,Office Worker,Jakarta,2026-01-09
886,Gita Ramadhan,16,High School Student,Palembang,2025-07-23
887,Nanda Sari,23,Office Worker,Bandung,2025-04-27
888,Eka Permata,16,High School Student,Jakarta,2025-03-07
889,Oki Sari,17,High School Student,Makassar,2025-05-11
890,Citra Lestari,18,High School Student,Medan,2026-01-21
891,Budi Putra,22,Office Worker,Yogyakarta,2025-04-02
892,Lina Wijaya,25,Office Worker,Jakarta,2025-03-18
893,Tio Nugraha,26,Office Worker,Jakarta,2025-09-09
894,Citra Ramadhan,20,College Student,Padang,2025-11-16
895,Budi Putra,35,Office Worker,Surabaya,2025-02-23
896,Maya Kurniawan,17,High School Student,Jakarta,2025-05-25
897,Maya Sari,24,College Student,Jakarta,2025-03-27
898,Nanda Wijaya,31,Office Worker,Bandung,2025-05-21
899,Karin Lestari,18,High School Student,Bandung,2025-02-14
900,Vina Lestari,16,High School Student,Yogyakarta,2025-04-27
901,Budi Kurniawan,15,High School Student,Medan,2025-05-27
902,Putri Nugraha,16,High School Student,Palembang,2025-01-21
903,Salsa Lestari,18,High School Student,Jakarta,2026-06-20
904,Fajar Sari,24,College Student,Yogyakarta,2025-06-07
905,Maya Saputra,20,College Student,Bandung,2026-04-21
906,Oki Pratama,35,Office Worker,Surabaya,2025-02-17
907,Maya Sari,22,Office Worker,Jakarta,2026-02-23
908,Andi Wijaya,21,College Student,Medan,2025-04-20
909,Vina Saputra,20,College Student,Yogyakarta,2026-06-13
910,Gita Nugraha,23,College Student,Surabaya,2025-10-31
911,Rian Putra,18,College Student,Makassar,2026-04-27
912,Joko Sari,18,College Student,Yogyakarta,2025-05-17
913,Putri Permata,28,Office Worker,Jakarta,2025-03-18
914,Salsa Sari,24,College Student,Surabaya,2025-09-27
915,Karin Saputra,21,College Student,Makassar,2025-03-26
916,Fajar Pratama,18,College Student,Jakarta,2026-04-13
917,Gita Permata,22,College Student,Yogyakarta,2025-08-30
918,Dina Lestari,30,Office Worker,Makassar,2025-03-05
919,Budi Kurniawan,35,Office Worker,Yogyakarta,2025-08-28
920,Joko Permata,17,High School Student,Semarang,2025-04-05
921,Karin Kurniawan,26,Office Worker,Yogyakarta,2026-02-02
922,Nanda Wijaya,24,College Student,Palembang,2025-02-18
923,Andi Sari,29,Office Worker,Medan,2026-03-29
924,Dina Sari,28,Office Worker,Jakarta,2025-05-25
925,Putri Lestari,18,College Student,Yogyakarta,2026-02-02
926,Oki Ramadhan,16,High School Student,Makassar,2025-10-30
927,Dina Permata,18,College Student,Padang,2026-03-04
928,Dina Ramadhan,24,College Student,Padang,2025-01-17
929,Rian Saputra,34,Office Worker,Medan,2025-03-22
930,Vina Ramadhan,18,College Student,Yogyakarta,2025-07-03
931,Andi Putra,17,High School Student,Jakarta,2026-04-12
932,Salsa Nugraha,28,Office Worker,Palembang,2025-10-10
933,Dina Nugraha,22,Office Worker,Makassar,2025-03-12
934,Eka Lestari,18,College Student,Jakarta,2025-03-31
935,Hadi Lestari,15,High School Student,Makassar,2025-12-31
936,Gita Kurniawan,18,College Student,Makassar,2025-07-22
937,Karin Pratama,18,High School Student,Makassar,2025-08-19
938,Salsa Putra,27,Office Worker,Medan,2025-01-06
939,Fajar Lestari,18,High School Student,Surabaya,2025-12-23
940,Intan Lestari,22,College Student,Semarang,2026-03-25
941,Eka Sari,19,College Student,Surabaya,2025-05-26
942,Oki Nugraha,21,College Student,Jakarta,2025-02-24
943,Dina Wijaya,29,Office Worker,Makassar,2025-03-08
944,Maya Pratama,27,Office Worker,Palembang,2025-05-27
945,Andi Ramadhan,17,High School Student,Bandung,2025-08-20
946,Nanda Kurniawan,16,High School Student,Jakarta,2026-04-13
947,Lina Saputra,18,High School Student,Semarang,2025-04-06
948,Intan Putra,32,Office Worker,Yogyakarta,2026-05-06
949,Nanda Kurniawan,26,Office Worker,Medan,2025-09-05
950,Vina Kurniawan,23,College Student,Jakarta,2025-05-12
951,Budi Pratama,23,Office Worker,Palembang,2026-06-09
952,Maya Kurniawan,24,Office Worker,Bandung,2025-03-11
953,Joko Putra,17,High School Student,Jakarta,2025-12-15
954,Gita Putra,35,Office Worker,Padang,2026-03-18
955,Lina Pratama,21,College Student,Padang,2025-09-13
956,Lina Lestari,20,College Student,Padang,2026-01-21
957,Lina Kurniawan,22,College Student,Yogyakarta,2026-05-20
958,Nanda Ramadhan,16,High School Student,Padang,2026-02-20
959,Vina Saputra,15,High School Student,Makassar,2025-11-15
960,Vina Sari,27,Office Worker,Yogyakarta,2025-11-12
961,Andi Kurniawan,15,High School Student,Palembang,2025-11-26
962,Citra Permata,33,Office Worker,Jakarta,2025-05-12
963,Lina Nugraha,16,High School Student,Yogyakarta,2025-05-24
964,Lina Wijaya,24,College Student,Makassar,2025-09-04
965,Vina Nugraha,19,College Student,Surabaya,2025-03-04
966,Andi Kurniawan,21,College Student,Padang,2026-05-18
967,Joko Lestari,34,Office Worker,Bandung,2025-08-24
968,Maya Permata,23,College Student,Jakarta,2026-02-01
969,Dina Pratama,21,College Student,Medan,2025-05-03
970,Eka Kurniawan,22,College Student,Jakarta,2025-09-27
971,Citra Nugraha,22,Office Worker,Jakarta,2025-01-08
972,Putri Wijaya,30,Office Worker,Padang,2025-12-08
973,Tio Pratama,24,Office Worker,Yogyakarta,2025-11-11
974,Salsa Saputra,16,High School Student,Yogyakarta,2025-12-02
975,Hadi Saputra,15,High School Student,Makassar,2025-09-13
976,Intan Wijaya,24,College Student,Padang,2025-04-26
977,Joko Saputra,22,College Student,Pekanbaru,2026-01-24
978,Rian Kurniawan,18,High School Student,Yogyakarta,2025-03-26
979,Maya Permata,23,College Student,Semarang,2025-02-19
980,Gita Wijaya,21,College Student,Jakarta,2025-06-13
981,Putri Wijaya,20,College Student,Surabaya,2025-05-28
982,Vina Saputra,25,Office Worker,Makassar,2025-05-16
983,Nanda Lestari,15,High School Student,Jakarta,2025-08-06
984,Vina Lestari,18,High School Student,Bandung,2026-05-21
985,Tio Putra,30,Office Worker,Medan,2026-01-07
986,Karin Saputra,18,College Student,Makassar,2025-08-22
987,Karin Kurniawan,31,Office Worker,Jakarta,2025-04-25
988,Tio Permata,20,College Student,Palembang,2025-07-08
989,Joko Lestari,17,High School Student,Jakarta,2026-02-21
990,Citra Wijaya,26,Office Worker,Padang,2025-07-16
991,Hadi Ramadhan,28,Office Worker,Padang,2026-06-08
992,Vina Pratama,30,Office Worker,Jakarta,2025-01-14
993,Vina Putra,23,College Student,Makassar,2025-09-02
994,Fajar Saputra,20,College Student,Yogyakarta,2025-10-29
995,Tio Sari,22,College Student,Surabaya,2026-04-09
996,Karin Permata,17,High School Student,Jakarta,2026-03-09
997,Vina Nugraha,35,Office Worker,Surabaya,2026-04-07
998,Gita Kurniawan,18,High School Student,Makassar,2025-10-11
999,Putri Nugraha,24,Office Worker,Jakarta,2026-06-18
1000,Andi Permata,23,College Student,Surabaya,2026-01-03
1001,Intan Lestari,17,High School Student,Padang,2025-06-06
1002,Eka Ramadhan,20,College Student,Jakarta,2026-04-08
1003,Fajar Wijaya,32,Office Worker,Bandung,2025-06-10
1004,Fajar Putra,28,Office Worker,Pekanbaru,2025-06-23
1005,Fajar Nugraha,25,Office Worker,Surabaya,2026-05-14
1006,Citra Pratama,33,Office Worker,Yogyakarta,2025-12-02
1007,Fajar Ramadhan,28,Office Worker,Makassar,2025-01-26
1008,Tio Permata,32,Office Worker,Medan,2026-05-19
1009,Oki Wijaya,16,High School Student,Padang,2025-10-26
1010,Budi Putra,19,College Student,Palembang,2026-03-13
1011,Gita Putra,15,High School Student,Palembang,2025-01-11
1012,Maya Ramadhan,33,Office Worker,Jakarta,2025-08-26
1013,Oki Sari,23,Office Worker,Jakarta,2026-02-14
1014,Rian Lestari,18,High School Student,Yogyakarta,2025-11-30
1015,Eka Permata,29,Office Worker,Bandung,2025-11-09
1016,Joko Wijaya,24,Office Worker,Pekanbaru,2025-01-01
1017,Salsa Kurniawan,17,High School Student,Palembang,2026-06-07
1018,Joko Saputra,19,College Student,Jakarta,2025-03-29
1019,Fajar Wijaya,27,Office Worker,Yogyakarta,2025-08-30
1020,Tio Nugraha,16,High School Student,Yogyakarta,2025-05-12
1021,Gita Sari,34,Office Worker,Bandung,2025-11-24
1022,Joko Pratama,18,College Student,Yogyakarta,2025-04-21
1023,Karin Sari,30,Office Worker,Jakarta,2025-10-16
1024,Gita Ramadhan,25,Office Worker,Yogyakarta,2026-02-21
1025,Fajar Saputra,30,Office Worker,Palembang,2025-03-15
1026,Tio Wijaya,24,College Student,Pekanbaru,2025-04-18
1027,Tio Saputra,34,Office Worker,Bandung,2026-05-31
1028,Fajar Saputra,27,Office Worker,Surabaya,2025-04-15
1029,Tio Lestari,19,College Student,Makassar,2026-01-17
1030,Fajar Permata,31,Office Worker,Medan,2025-03-18
1031,Oki Ramadhan,16,High School Student,Pekanbaru,2025-07-22
1032,Citra Putra,20,College Student,Makassar,2026-05-16
1033,Salsa Pratama,16,High School Student,Medan,2025-08-29
1034,Tio Wijaya,16,High School Student,Surabaya,2026-01-07
1035,Rian Permata,18,High School Student,Makassar,2025-07-24
1036,Gita Nugraha,25,Office Worker,Makassar,2026-02-16
1037,Putri Ramadhan,22,College Student,Surabaya,2025-08-02
1038,Nanda Lestari,29,Office Worker,Pekanbaru,2026-03-17
1039,Vina Saputra,16,High School Student,Makassar,2026-06-15
1040,Salsa Saputra,20,College Student,Jakarta,2025-07-31
1041,Maya Saputra,21,College Student,Jakarta,2025-02-22
1042,Rian Wijaya,35,Office Worker,Padang,2026-05-26
1043,Gita Pratama,21,College Student,Bandung,2025-03-29
1044,Eka Nugraha,27,Office Worker,Pekanbaru,2025-01-09
1045,Andi Permata,25,Office Worker,Semarang,2025-03-24
1046,Andi Pratama,22,Office Worker,Jakarta,2025-01-25
1047,Lina Sari,18,High School Student,Makassar,2025-08-13
1048,Tio Sari,17,High School Student,Bandung,2026-05-12
1049,Citra Saputra,29,Office Worker,Surabaya,2026-03-06
1050,Dina Lestari,15,High School Student,Surabaya,2026-03-04
1051,Citra Sari,23,Office Worker,Yogyakarta,2025-07-13
1052,Lina Pratama,18,College Student,Jakarta,2025-04-28
1053,Fajar Saputra,25,Office Worker,Jakarta,2025-03-19
1054,Hadi Nugraha,34,Office Worker,Makassar,2025-06-01
1055,Citra Lestari,26,Office Worker,Makassar,2025-02-25
1056,Gita Saputra,19,College Student,Bandung,2025-12-23
1057,Eka Putra,33,Office Worker,Jakarta,2025-09-16
1058,Maya Pratama,18,College Student,Palembang,2026-06-19
1059,Oki Pratama,22,College Student,Palembang,2026-02-10
1060,Tio Wijaya,27,Office Worker,Makassar,2025-04-25
1061,Maya Sari,24,Office Worker,Bandung,2026-04-19
1062,Dina Saputra,33,Office Worker,Jakarta,2025-11-30
1063,Salsa Lestari,28,Office Worker,Palembang,2025-11-05
1064,Rian Kurniawan,23,College Student,Pekanbaru,2025-11-27
1065,Nanda Sari,23,College Student,Semarang,2026-06-28
1066,Joko Wijaya,25,Office Worker,Makassar,2026-05-19
1067,Budi Wijaya,17,High School Student,Pekanbaru,2025-03-29
1068,Gita Nugraha,15,High School Student,Jakarta,2025-01-03
1069,Citra Kurniawan,20,College Student,Pekanbaru,2026-01-18
1070,Budi Sari,19,College Student,Surabaya,2026-06-08
1071,Fajar Sari,18,College Student,Medan,2025-05-28
1072,Budi Nugraha,15,High School Student,Makassar,2026-05-21
1073,Citra Kurniawan,16,High School Student,Pekanbaru,2025-03-25
1074,Hadi Lestari,15,High School Student,Jakarta,2026-02-02
1075,Karin Saputra,32,Office Worker,Medan,2025-07-03
1076,Andi Permata,23,College Student,Bandung,2025-06-18
1077,Dina Lestari,21,College Student,Jakarta,2025-04-18
1078,Karin Saputra,35,Office Worker,Semarang,2025-07-12
1079,Oki Wijaya,18,High School Student,Palembang,2025-08-02
1080,Gita Sari,25,Office Worker,Padang,2025-12-26
1081,Rian Ramadhan,23,Office Worker,Medan,2025-04-05
1082,Vina Putra,16,High School Student,Surabaya,2026-06-27
1083,Putri Putra,21,College Student,Jakarta,2025-06-05
1084,Citra Permata,29,Office Worker,Bandung,2026-06-08
1085,Oki Pratama,34,Office Worker,Yogyakarta,2025-09-29
1086,Joko Saputra,19,College Student,Yogyakarta,2025-06-12
1087,Gita Sari,23,Office Worker,Makassar,2025-06-29
1088,Maya Kurniawan,15,High School Student,Palembang,2025-08-11
1089,Joko Kurniawan,35,Office Worker,Pekanbaru,2025-04-26
1090,Intan Ramadhan,15,High School Student,Bandung,2025-01-05
1091,Lina Sari,34,Office Worker,Jakarta,2025-03-07
1092,Vina Permata,23,Office Worker,Palembang,2026-06-11
1093,Nanda Permata,23,Office Worker,Padang,2026-03-25
1094,Gita Putra,20,College Student,Semarang,2025-05-29
1095,Hadi Putra,15,High School Student,Medan,2025-04-11
1096,Budi Lestari,17,High School Student,Makassar,2025-09-24
1097,Salsa Saputra,16,High School Student,Surabaya,2025-03-07
1098,Salsa Permata,16,High School Student,Surabaya,2025-12-16
1099,Eka Permata,35,Office Worker,Yogyakarta,2025-04-30
1100,Eka Permata,24,College Student,Surabaya,2025-09-02
1101,Joko Pratama,15,High School Student,Yogyakarta,2026-01-24
1102,Maya Pratama,24,Office Worker,Jakarta,2025-10-14
1103,Salsa Pratama,32,Office Worker,Semarang,2025-02-17
1104,Oki Lestari,30,Office Worker,Jakarta,2026-02-22
1105,Lina Lestari,26,Office Worker,Jakarta,2025-12-17
1106,Maya Wijaya,15,High School Student,Semarang,2025-06-04
1107,Joko Ramadhan,20,College Student,Bandung,2025-12-04
1108,Andi Ramadhan,33,Office Worker,Bandung,2025-09-18
1109,Eka Sari,25,Office Worker,Yogyakarta,2026-06-13
1110,Lina Sari,15,High School Student,Makassar,2025-07-22
1111,Budi Pratama,29,Office Worker,Bandung,2026-03-16
1112,Salsa Sari,18,High School Student,Surabaya,2025-06-15
1113,Tio Ramadhan,18,High School Student,Semarang,2026-01-14
1114,Citra Lestari,21,College Student,Yogyakarta,2026-03-14
1115,Karin Nugraha,19,College Student,Makassar,2025-02-17
1116,Budi Putra,18,College Student,Bandung,2025-08-17
1117,Nanda Putra,17,High School Student,Pekanbaru,2025-01-22
1118,Fajar Pratama,25,Office Worker,Jakarta,2025-10-02
1119,Andi Putra,23,College Student,Surabaya,2025-04-23
1120,Karin Saputra,17,High School Student,Jakarta,2026-06-29
1121,Joko Permata,31,Office Worker,Bandung,2025-03-30
1122,Putri Nugraha,29,Office Worker,Padang,2025-01-11
1123,Putri Putra,29,Office Worker,Jakarta,2025-01-27
1124,Lina Ramadhan,25,Office Worker,Makassar,2026-04-01
1125,Eka Pratama,28,Office Worker,Semarang,2025-01-31
1126,Tio Lestari,19,College Student,Jakarta,2026-03-23
1127,Nanda Kurniawan,15,High School Student,Yogyakarta,2026-03-04
1128,Citra Ramadhan,23,College Student,Makassar,2026-05-29
1129,Eka Pratama,23,College Student,Padang,2026-02-03
1130,Salsa Nugraha,23,College Student,Surabaya,2026-06-16
1131,Intan Permata,33,Office Worker,Bandung,2026-01-22
1132,Intan Wijaya,19,College Student,Jakarta,2025-11-26
1133,Andi Ramadhan,18,High School Student,Padang,2025-05-18
1134,Oki Lestari,16,High School Student,Jakarta,2026-04-27
1135,Nanda Sari,26,Office Worker,Padang,2025-10-27
1136,Dina Lestari,18,High School Student,Bandung,2025-02-01
1137,Eka Permata,26,Office Worker,Medan,2026-04-02
1138,Putri Wijaya,19,College Student,Medan,2026-06-26
1139,Rian Ramadhan,21,College Student,Surabaya,2026-01-20
1140,Eka Pratama,21,College Student,Medan,2025-11-28
1141,Eka Ramadhan,30,Office Worker,Medan,2025-02-13
1142,Joko Nugraha,18,College Student,Yogyakarta,2026-02-28
1143,Andi Nugraha,27,Office Worker,Palembang,2025-02-14
1144,Joko Pratama,20,College Student,Medan,2026-01-15
1145,Citra Saputra,24,College Student,Makassar,2026-05-12
1146,Rian Permata,30,Office Worker,Semarang,2025-05-18
1147,Budi Nugraha,25,Office Worker,Jakarta,2026-02-12
1148,Joko Pratama,32,Office Worker,Jakarta,2025-07-04
1149,Andi Lestari,22,Office Worker,Jakarta,2026-05-04
1150,Dina Sari,23,Office Worker,Surabaya,2025-01-18
1151,Nanda Saputra,34,Office Worker,Medan,2025-03-13
1152,Budi Pratama,22,Office Worker,Padang,2025-06-20
1153,Putri Ramadhan,29,Office Worker,Yogyakarta,2025-03-18
1154,Salsa Sari,30,Office Worker,Jakarta,2026-02-04
1155,Fajar Kurniawan,31,Office Worker,Medan,2026-06-05
1156,Joko Saputra,33,Office Worker,Medan,2025-07-20
1157,Gita Nugraha,16,High School Student,Makassar,2025-08-27
1158,Rian Wijaya,23,Office Worker,Bandung,2025-11-13
1159,Vina Saputra,27,Office Worker,Jakarta,2026-06-07
1160,Gita Pratama,15,High School Student,Jakarta,2025-11-16
1161,Tio Kurniawan,33,Office Worker,Padang,2026-06-06
1162,Nanda Saputra,17,High School Student,Surabaya,2026-06-12
1163,Dina Wijaya,18,College Student,Semarang,2026-04-22
1164,Putri Ramadhan,23,Office Worker,Surabaya,2025-11-21
1165,Rian Saputra,17,High School Student,Jakarta,2026-04-11
1166,Rian Wijaya,26,Office Worker,Surabaya,2025-02-11
1167,Hadi Putra,32,Office Worker,Makassar,2025-08-22
1168,Vina Ramadhan,19,College Student,Medan,2026-03-13
1169,Lina Kurniawan,17,High School Student,Yogyakarta,2025-10-07
1170,Salsa Saputra,20,College Student,Surabaya,2025-07-23
1171,Tio Putra,31,Office Worker,Bandung,2025-11-02
1172,Joko Kurniawan,30,Office Worker,Yogyakarta,2026-05-25
1173,Citra Kurniawan,28,Office Worker,Bandung,2025-10-23
1174,Lina Lestari,21,College Student,Bandung,2025-01-22
1175,Putri Putra,26,Office Worker,Jakarta,2025-08-30
1176,Eka Lestari,24,College Student,Jakarta,2026-01-29
1177,Citra Sari,25,Office Worker,Surabaya,2026-03-03
1178,Intan Ramadhan,18,High School Student,Surabaya,2026-03-29
1179,Tio Nugraha,25,Office Worker,Medan,2026-05-22
1180,Nanda Permata,24,College Student,Medan,2025-08-01
1181,Salsa Lestari,31,Office Worker,Pekanbaru,2025-08-29
1182,Salsa Wijaya,19,College Student,Jakarta,2026-02-13
1183,Hadi Pratama,34,Office Worker,Palembang,2025-02-14
1184,Nanda Sari,31,Office Worker,Surabaya,2025-08-25
1185,Fajar Saputra,16,High School Student,Semarang,2025-04-23
1186,Intan Nugraha,31,Office Worker,Pekanbaru,2026-05-22
1187,Budi Wijaya,31,Office Worker,Pekanbaru,2026-03-26
1188,Gita Sari,16,High School Student,Semarang,2026-06-22
1189,Joko Pratama,18,College Student,Surabaya,2025-07-28
1190,Nanda Permata,26,Office Worker,Medan,2025-10-17
1191,Fajar Putra,16,High School Student,Pekanbaru,2026-05-13
1192,Tio Wijaya,19,College Student,Medan,2025-07-02
1193,Rian Putra,22,College Student,Medan,2026-02-04
1194,Salsa Kurniawan,32,Office Worker,Bandung,2025-07-27
1195,Putri Saputra,15,High School Student,Bandung,2026-02-27
1196,Putri Permata,28,Office Worker,Semarang,2026-01-25
1197,Gita Pratama,31,Office Worker,Jakarta,2026-01-01
1198,Vina Pratama,29,Office Worker,Jakarta,2026-03-12
1199,Hadi Lestari,27,Office Worker,Makassar,2025-11-08
1200,Hadi Lestari,15,High School Student,Jakarta,2025-12-05
1201,Andi Nugraha,27,Office Worker,Medan,2025-05-27
1202,Nanda Lestari,17,High School Student,Yogyakarta,2026-04-02
1203,Tio Kurniawan,17,High School Student,Jakarta,2026-02-15
1204,Putri Kurniawan,18,College Student,Makassar,2025-10-09
1205,Vina Permata,20,College Student,Jakarta,2026-02-18
1206,Hadi Sari,29,Office Worker,Jakarta,2025-04-07
1207,Karin Nugraha,34,Office Worker,Jakarta,2025-06-12
1208,Fajar Wijaya,18,College Student,Padang,2026-03-13
1209,Nanda Ramadhan,21,College Student,Makassar,2025-07-15
1210,Joko Kurniawan,28,Office Worker,Yogyakarta,2025-06-10
1211,Citra Putra,20,College Student,Palembang,2025-09-12
1212,Citra Saputra,24,College Student,Jakarta,2025-03-11
1213,Nanda Permata,18,High School Student,Yogyakarta,2026-02-16
1214,Oki Wijaya,24,Office Worker,Semarang,2025-02-05
1215,Andi Permata,25,Office Worker,Bandung,2025-11-01
1216,Budi Saputra,18,High School Student,Yogyakarta,2026-04-15
1217,Andi Kurniawan,17,High School Student,Yogyakarta,2025-11-05
1218,Citra Saputra,29,Office Worker,Semarang,2025-07-16
1219,Dina Ramadhan,28,Office Worker,Jakarta,2026-04-26
1220,Andi Kurniawan,23,College Student,Makassar,2025-12-02
1221,Hadi Ramadhan,30,Office Worker,Jakarta,2025-10-18
1222,Vina Saputra,15,High School Student,Palembang,2026-03-06
1223,Putri Putra,20,College Student,Jakarta,2026-03-08
1224,Dina Wijaya,34,Office Worker,Makassar,2026-06-18
1225,Oki Ramadhan,24,College Student,Surabaya,2026-05-25
1226,Andi Saputra,29,Office Worker,Padang,2026-05-20
1227,Karin Wijaya,23,College Student,Jakarta,2026-02-13
1228,Maya Pratama,18,College Student,Pekanbaru,2026-02-06
1229,Salsa Lestari,22,Office Worker,Makassar,2025-02-10
1230,Nanda Kurniawan,23,College Student,Makassar,2026-01-19
1231,Gita Sari,23,Office Worker,Jakarta,2025-10-18
1232,Nanda Lestari,16,High School Student,Surabaya,2025-07-02
1233,Oki Putra,18,High School Student,Bandung,2025-02-09
1234,Putri Kurniawan,15,High School Student,Padang,2025-08-13
1235,Budi Putra,34,Office Worker,Yogyakarta,2025-10-12
1236,Putri Nugraha,19,College Student,Semarang,2025-05-18
1237,Eka Permata,29,Office Worker,Surabaya,2025-12-01
1238,Salsa Saputra,21,College Student,Surabaya,2025-05-18
1239,Eka Wijaya,27,Office Worker,Palembang,2026-04-19
1240,Rian Kurniawan,18,High School Student,Jakarta,2026-05-03
1241,Salsa Lestari,31,Office Worker,Jakarta,2025-05-26
1242,Salsa Permata,23,Office Worker,Bandung,2026-02-13
1243,Budi Sari,23,Office Worker,Jakarta,2026-05-25
1244,Oki Lestari,32,Office Worker,Surabaya,2025-03-26
1245,Oki Pratama,35,Office Worker,Makassar,2025-01-09
1246,Karin Saputra,28,Office Worker,Jakarta,2025-03-30
1247,Salsa Kurniawan,15,High School Student,Yogyakarta,2025-03-30
1248,Dina Kurniawan,15,High School Student,Padang,2025-08-07
1249,Rian Pratama,29,Office Worker,Palembang,2025-12-16
1250,Rian Permata,33,Office Worker,Jakarta,2026-02-09
1251,Hadi Sari,33,Office Worker,Jakarta,2025-06-10
1252,Oki Pratama,24,College Student,Jakarta,2025-02-12
1253,Tio Kurniawan,18,High School Student,Palembang,2026-04-19
1254,Oki Kurniawan,16,High School Student,Semarang,2025-09-15
1255,Eka Ramadhan,30,Office Worker,Makassar,2025-06-08
1256,Karin Ramadhan,21,College Student,Surabaya,2025-05-12
1257,Vina Pratama,16,High School Student,Medan,2025-02-14
1258,Eka Pratama,21,College Student,Medan,2025-11-17
1259,Andi Nugraha,16,High School Student,Bandung,2025-07-13
1260,Eka Sari,20,College Student,Surabaya,2026-06-02
1261,Putri Saputra,18,College Student,Yogyakarta,2025-09-20
1262,Fajar Saputra,22,Office Worker,Surabaya,2026-03-11
1263,Maya Lestari,24,College Student,Yogyakarta,2026-06-14
1264,Vina Lestari,23,College Student,Surabaya,2025-10-24
1265,Budi Putra,18,High School Student,Surabaya,2026-05-16
1266,Tio Permata,16,High School Student,Pekanbaru,2025-03-10
1267,Rian Kurniawan,22,College Student,Jakarta,2025-01-25
1268,Joko Nugraha,20,College Student,Makassar,2026-05-28
1269,Nanda Putra,28,Office Worker,Yogyakarta,2025-07-02
1270,Tio Permata,23,College Student,Palembang,2025-02-23
1271,Vina Putra,23,Office Worker,Makassar,2025-03-22
1272,Oki Kurniawan,24,Office Worker,Jakarta,2025-06-09
1273,Citra Sari,22,Office Worker,Medan,2026-01-21
1274,Intan Saputra,18,High School Student,Yogyakarta,2026-03-25
1275,Dina Wijaya,19,College Student,Medan,2025-09-21
1276,Dina Kurniawan,17,High School Student,Jakarta,2025-11-05
1277,Andi Pratama,17,High School Student,Jakarta,2025-02-13
1278,Vina Wijaya,32,Office Worker,Medan,2025-07-20
1279,Citra Lestari,15,High School Student,Palembang,2025-10-11
1280,Lina Saputra,23,College Student,Jakarta,2025-05-27
1281,Nanda Lestari,23,Office Worker,Medan,2026-03-16
1282,Joko Saputra,23,Office Worker,Jakarta,2026-02-08
1283,Andi Putra,18,College Student,Medan,2025-07-03
1284,Citra Saputra,16,High School Student,Makassar,2025-07-28
1285,Intan Nugraha,23,College Student,Pekanbaru,2025-03-23
1286,Oki Nugraha,23,College Student,Medan,2025-09-20
1287,Maya Ramadhan,16,High School Student,Jakarta,2025-02-08
1288,Vina Sari,18,College Student,Bandung,2025-10-13
1289,Putri Sari,18,High School Student,Jakarta,2025-01-23
1290,Putri Pratama,18,High School Student,Semarang,2026-04-19
1291,Intan Lestari,24,College Student,Jakarta,2025-10-30
1292,Intan Nugraha,17,High School Student,Surabaya,2025-07-25
1293,Gita Pratama,19,College Student,Semarang,2026-03-08
1294,Dina Lestari,35,Office Worker,Semarang,2025-04-05
1295,Dina Nugraha,31,Office Worker,Pekanbaru,2026-04-20
1296,Dina Ramadhan,15,High School Student,Pekanbaru,2026-01-11
1297,Citra Kurniawan,16,High School Student,Jakarta,2025-05-17
1298,Hadi Pratama,15,High School Student,Jakarta,2025-05-31
1299,Salsa Saputra,25,Office Worker,Padang,2025-07-21
1300,Lina Kurniawan,31,Office Worker,Surabaya,2025-09-07
1301,Andi Sari,16,High School Student,Jakarta,2025-03-15
1302,Lina Wijaya,32,Office Worker,Yogyakarta,2025-11-18
1303,Hadi Wijaya,18,High School Student,Palembang,2025-06-15
1304,Rian Kurniawan,19,College Student,Surabaya,2025-01-01
1305,Maya Lestari,34,Office Worker,Jakarta,2025-12-04
1306,Rian Wijaya,33,Office Worker,Pekanbaru,2025-10-18
1307,Maya Ramadhan,32,Office Worker,Surabaya,2025-03-12
1308,Fajar Lestari,29,Office Worker,Bandung,2025-04-18
1309,Vina Saputra,18,College Student,Semarang,2026-05-05
1310,Maya Lestari,22,Office Worker,Surabaya,2025-06-30
1311,Fajar Lestari,18,High School Student,Jakarta,2025-01-25
1312,Eka Ramadhan,28,Office Worker,Padang,2025-05-31
1313,Gita Kurniawan,18,College Student,Yogyakarta,2025-09-22
1314,Lina Sari,26,Office Worker,Yogyakarta,2025-07-22
1315,Vina Lestari,19,College Student,Yogyakarta,2026-04-20
1316,Eka Ramadhan,33,Office Worker,Medan,2025-08-08
1317,Intan Nugraha,24,College Student,Yogyakarta,2025-03-23
1318,Putri Saputra,32,Office Worker,Yogyakarta,2025-06-13
1319,Tio Saputra,16,High School Student,Medan,2025-09-26
1320,Joko Saputra,15,High School Student,Surabaya,2025-07-02
1321,Tio Ramadhan,15,High School Student,Semarang,2025-06-29
1322,Eka Nugraha,17,High School Student,Makassar,2026-04-17
1323,Budi Saputra,34,Office Worker,Makassar,2025-04-21
1324,Lina Pratama,18,High School Student,Bandung,2025-02-14
1325,Tio Sari,29,Office Worker,Makassar,2026-06-16
1326,Gita Kurniawan,20,College Student,Padang,2026-03-07
1327,Fajar Saputra,18,High School Student,Surabaya,2025-12-24
1328,Andi Pratama,24,Office Worker,Makassar,2025-02-28
1329,Nanda Ramadhan,22,Office Worker,Yogyakarta,2025-08-12
1330,Fajar Permata,22,College Student,Semarang,2025-07-08
1331,Lina Saputra,22,College Student,Makassar,2025-02-28
1332,Joko Wijaya,35,Office Worker,Semarang,2025-01-08
1333,Citra Putra,17,High School Student,Medan,2026-04-29
1334,Andi Saputra,25,Office Worker,Makassar,2026-02-10
1335,Oki Kurniawan,22,Office Worker,Makassar,2026-04-17
1336,Vina Pratama,31,Office Worker,Surabaya,2025-01-21
1337,Karin Kurniawan,18,High School Student,Surabaya,2026-01-19
1338,Vina Kurniawan,29,Office Worker,Surabaya,2026-02-16
1339,Joko Pratama,18,High School Student,Yogyakarta,2025-11-01
1340,Andi Permata,15,High School Student,Yogyakarta,2025-11-06
1341,Putri Nugraha,20,College Student,Makassar,2025-08-19
1342,Citra Saputra,23,College Student,Medan,2025-08-24
1343,Fajar Wijaya,33,Office Worker,Semarang,2025-02-15
1344,Andi Nugraha,33,Office Worker,Yogyakarta,2025-08-10
1345,Salsa Saputra,28,Office Worker,Bandung,2025-06-05
1346,Oki Permata,18,College Student,Palembang,2025-04-05
1347,Vina Permata,22,College Student,Pekanbaru,2025-03-24
1348,Gita Pratama,18,College Student,Semarang,2025-09-02
1349,Hadi Lestari,27,Office Worker,Semarang,2025-01-10
1350,Putri Kurniawan,16,High School Student,Yogyakarta,2025-03-30
1351,Joko Ramadhan,31,Office Worker,Surabaya,2025-11-22
1352,Vina Ramadhan,19,College Student,Bandung,2025-10-13
1353,Gita Ramadhan,21,College Student,Yogyakarta,2025-08-03
1354,Rian Nugraha,34,Office Worker,Surabaya,2025-03-13
1355,Hadi Lestari,18,College Student,Bandung,2025-07-27
1356,Dina Lestari,22,Office Worker,Surabaya,2025-05-19
1357,Fajar Sari,35,Office Worker,Jakarta,2026-01-14
1358,Hadi Wijaya,19,College Student,Yogyakarta,2026-02-06
1359,Hadi Nugraha,22,College Student,Semarang,2026-06-07
1360,Andi Ramadhan,22,College Student,Pekanbaru,2025-12-06
1361,Salsa Sari,35,Office Worker,Semarang,2025-06-25
1362,Oki Kurniawan,17,High School Student,Surabaya,2025-12-23
1363,Citra Lestari,26,Office Worker,Bandung,2026-01-13
1364,Nanda Permata,26,Office Worker,Yogyakarta,2025-11-12
1365,Dina Permata,22,Office Worker,Medan,2025-03-16
1366,Citra Nugraha,16,High School Student,Jakarta,2025-04-09
1367,Karin Putra,29,Office Worker,Semarang,2025-09-22
1368,Budi Kurniawan,26,Office Worker,Surabaya,2025-03-24
1369,Joko Saputra,15,High School Student,Bandung,2025-08-16
1370,Gita Nugraha,15,High School Student,Jakarta,2025-05-11
1371,Gita Nugraha,29,Office Worker,Makassar,2025-01-10
1372,Fajar Putra,18,High School Student,Medan,2026-06-29
1373,Andi Pratama,34,Office Worker,Jakarta,2025-09-01
1374,Oki Pratama,18,College Student,Semarang,2025-08-14
1375,Citra Lestari,17,High School Student,Makassar,2025-08-16
1376,Oki Kurniawan,33,Office Worker,Padang,2025-09-02
1377,Nanda Sari,24,College Student,Jakarta,2026-03-20
1378,Hadi Ramadhan,18,College Student,Surabaya,2026-04-06
1379,Dina Permata,18,College Student,Bandung,2026-01-17
1380,Vina Ramadhan,22,College Student,Palembang,2025-07-11
1381,Andi Saputra,15,High School Student,Padang,2026-06-06
1382,Fajar Pratama,23,College Student,Surabaya,2025-06-07
1383,Intan Ramadhan,31,Office Worker,Palembang,2025-09-13
1384,Gita Pratama,19,College Student,Pekanbaru,2026-05-21
1385,Hadi Nugraha,32,Office Worker,Makassar,2025-06-16
1386,Eka Ramadhan,18,College Student,Pekanbaru,2025-01-22
1387,Gita Sari,27,Office Worker,Padang,2025-03-08
1388,Rian Kurniawan,15,High School Student,Yogyakarta,2025-01-17
1389,Maya Kurniawan,26,Office Worker,Bandung,2025-09-12
1390,Putri Permata,24,College Student,Bandung,2025-07-07
1391,Budi Wijaya,18,High School Student,Yogyakarta,2025-11-24
1392,Lina Permata,17,High School Student,Medan,2026-01-15
1393,Joko Putra,16,High School Student,Medan,2025-12-12
1394,Tio Putra,23,College Student,Makassar,2025-08-28
1395,Fajar Permata,24,College Student,Palembang,2026-04-18
1396,Gita Nugraha,34,Office Worker,Yogyakarta,2025-11-03
1397,Eka Kurniawan,21,College Student,Yogyakarta,2025-06-25
1398,Citra Lestari,15,High School Student,Jakarta,2025-11-09
1399,Oki Permata,33,Office Worker,Palembang,2026-06-28
1400,Rian Sari,31,Office Worker,Makassar,2025-12-01
1401,Fajar Kurniawan,16,High School Student,Padang,2026-01-14
1402,Citra Saputra,17,High School Student,Semarang,2026-06-24
1403,Eka Kurniawan,16,High School Student,Pekanbaru,2025-11-29
1404,Andi Pratama,34,Office Worker,Bandung,2025-05-20
1405,Citra Lestari,24,Office Worker,Jakarta,2025-10-12
1406,Tio Nugraha,18,College Student,Medan,2025-12-09
1407,Vina Ramadhan,32,Office Worker,Padang,2025-09-26
1408,Lina Putra,32,Office Worker,Padang,2025-07-05
1409,Hadi Permata,18,College Student,Makassar,2025-04-20
1410,Andi Sari,27,Office Worker,Jakarta,2025-02-04
1411,Fajar Nugraha,16,High School Student,Surabaya,2025-08-10
1412,Dina Ramadhan,16,High School Student,Padang,2026-05-29
1413,Hadi Ramadhan,23,College Student,Makassar,2025-04-09
1414,Tio Kurniawan,15,High School Student,Padang,2025-01-10
1415,Citra Permata,21,College Student,Yogyakarta,2025-07-28
1416,Maya Nugraha,32,Office Worker,Semarang,2025-02-07
1417,Budi Lestari,15,High School Student,Pekanbaru,2025-04-04
1418,Oki Lestari,16,High School Student,Jakarta,2025-08-21
1419,Budi Ramadhan,23,College Student,Bandung,2025-06-12
1420,Nanda Saputra,34,Office Worker,Bandung,2025-08-30
1421,Joko Pratama,24,College Student,Jakarta,2025-04-08
1422,Hadi Lestari,18,College Student,Surabaya,2026-01-18
1423,Putri Lestari,15,High School Student,Palembang,2025-10-16
1424,Maya Pratama,18,High School Student,Jakarta,2025-05-21
1425,Joko Ramadhan,26,Office Worker,Jakarta,2025-07-22
1426,Lina Pratama,29,Office Worker,Semarang,2026-05-03
1427,Nanda Nugraha,17,High School Student,Jakarta,2026-02-08
1428,Tio Nugraha,22,Office Worker,Jakarta,2026-02-21
1429,Oki Pratama,26,Office Worker,Makassar,2025-11-02
1430,Andi Permata,31,Office Worker,Jakarta,2025-05-17
1431,Intan Pratama,18,College Student,Surabaya,2025-05-10
1432,Citra Permata,19,College Student,Jakarta,2025-04-26
1433,Salsa Sari,23,College Student,Yogyakarta,2025-05-18
1434,Citra Pratama,27,Office Worker,Pekanbaru,2026-02-19
1435,Andi Wijaya,17,High School Student,Jakarta,2025-06-10
1436,Dina Pratama,18,High School Student,Palembang,2025-09-05
1437,Gita Saputra,23,College Student,Jakarta,2025-05-14
1438,Lina Nugraha,26,Office Worker,Padang,2026-06-10
1439,Putri Putra,15,High School Student,Palembang,2025-09-28
1440,Hadi Lestari,27,Office Worker,Jakarta,2025-08-13
1441,Nanda Ramadhan,31,Office Worker,Padang,2025-05-01
1442,Putri Sari,15,High School Student,Medan,2026-04-08
1443,Oki Saputra,27,Office Worker,Makassar,2025-08-28
1444,Salsa Saputra,20,College Student,Makassar,2025-01-21
1445,Budi Wijaya,31,Office Worker,Palembang,2026-03-24
1446,Hadi Permata,17,High School Student,Yogyakarta,2025-11-25
1447,Intan Putra,28,Office Worker,Palembang,2026-03-24
1448,Rian Putra,28,Office Worker,Yogyakarta,2025-09-12
1449,Putri Pratama,23,Office Worker,Medan,2025-06-11
1450,Oki Permata,33,Office Worker,Palembang,2025-10-30
1451,Gita Lestari,20,College Student,Yogyakarta,2025-07-07
1452,Dina Putra,33,Office Worker,Makassar,2025-01-30
1453,Nanda Kurniawan,27,Office Worker,Jakarta,2026-03-12
1454,Nanda Ramadhan,20,College Student,Jakarta,2025-11-11
1455,Vina Saputra,16,High School Student,Makassar,2026-01-23
1456,Oki Sari,25,Office Worker,Pekanbaru,2026-04-25
1457,Tio Wijaya,26,Office Worker,Makassar,2025-05-15
1458,Tio Permata,32,Office Worker,Yogyakarta,2025-02-07
1459,Budi Nugraha,16,High School Student,Yogyakarta,2025-10-15
1460,Citra Lestari,30,Office Worker,Surabaya,2025-03-10
1461,Eka Sari,20,College Student,Bandung,2025-03-08
1462,Intan Saputra,24,Office Worker,Pekanbaru,2025-07-11
1463,Joko Ramadhan,16,High School Student,Yogyakarta,2025-04-30
1464,Lina Ramadhan,26,Office Worker,Semarang,2026-02-05
1465,Citra Lestari,27,Office Worker,Medan,2026-02-04
1466,Intan Permata,17,High School Student,Semarang,2026-06-07
1467,Eka Wijaya,32,Office Worker,Semarang,2025-01-14
1468,Eka Putra,20,College Student,Makassar,2026-06-30
1469,Hadi Putra,34,Office Worker,Bandung,2026-04-14
1470,Rian Lestari,26,Office Worker,Jakarta,2025-06-03
1471,Putri Ramadhan,21,College Student,Medan,2025-06-19
1472,Karin Lestari,31,Office Worker,Surabaya,2026-01-21
1473,Intan Putra,23,Office Worker,Makassar,2025-11-02
1474,Oki Sari,21,College Student,Jakarta,2025-11-14
1475,Salsa Pratama,19,College Student,Makassar,2025-12-20
1476,Oki Saputra,24,Office Worker,Makassar,2025-07-30
1477,Budi Lestari,25,Office Worker,Jakarta,2026-03-31
1478,Vina Lestari,25,Office Worker,Makassar,2025-07-11
1479,Tio Ramadhan,31,Office Worker,Medan,2025-12-01
1480,Maya Putra,18,College Student,Yogyakarta,2025-03-08
1481,Karin Ramadhan,31,Office Worker,Jakarta,2025-04-22
1482,Budi Nugraha,16,High School Student,Makassar,2025-04-17
1483,Maya Ramadhan,18,College Student,Palembang,2025-01-26
1484,Andi Lestari,18,High School Student,Makassar,2025-03-07
1485,Eka Nugraha,18,College Student,Palembang,2026-02-18
1486,Gita Permata,20,College Student,Padang,2026-05-15
1487,Fajar Permata,22,College Student,Jakarta,2025-01-01
1488,Lina Putra,30,Office Worker,Jakarta,2026-04-04
1489,Intan Saputra,23,College Student,Medan,2026-01-04
1490,Karin Permata,22,College Student,Yogyakarta,2025-05-22
1491,Karin Putra,17,High School Student,Jakarta,2025-01-14
1492,Oki Kurniawan,23,College Student,Makassar,2026-04-13
1493,Citra Pratama,17,High School Student,Yogyakarta,2026-06-15
1494,Rian Wijaya,15,High School Student,Surabaya,2026-02-14
1495,Tio Kurniawan,24,Office Worker,Bandung,2025-05-30
1496,Rian Sari,26,Office Worker,Makassar,2025-11-29
1497,Salsa Sari,26,Office Worker,Jakarta,2025-03-15
1498,Oki Pratama,19,College Student,Surabaya,2026-03-14
1499,Joko Putra,23,College Student,Jakarta,2026-01-18
1500,Joko Lestari,35,Office Worker,Makassar,2025-12-17
1501,Budi Wijaya,18,College Student,Palembang,2025-09-23
1502,Nanda Putra,24,College Student,Surabaya,2026-02-09
1503,Tio Pratama,17,High School Student,Bandung,2026-02-27
1504,Putri Kurniawan,23,College Student,Medan,2025-03-20
1505,Oki Permata,23,College Student,Jakarta,2025-11-05
1506,Eka Wijaya,22,College Student,Makassar,2025-02-02
1507,Rian Lestari,24,College Student,Padang,2026-03-04
1508,Eka Ramadhan,21,College Student,Semarang,2025-12-01
1509,Dina Sari,29,Office Worker,Bandung,2026-03-31
1510,Tio Sari,23,Office Worker,Padang,2026-02-16
1511,Nanda Pratama,29,Office Worker,Bandung,2026-04-15
1512,Rian Pratama,22,Office Worker,Yogyakarta,2026-05-30
1513,Budi Saputra,31,Office Worker,Yogyakarta,2025-05-01
1514,Dina Pratama,15,High School Student,Jakarta,2025-05-30
1515,Dina Saputra,17,High School Student,Jakarta,2025-06-02
1516,Dina Permata,15,High School Student,Yogyakarta,2025-09-13
1517,Intan Pratama,35,Office Worker,Jakarta,2025-03-04
1518,Vina Nugraha,27,Office Worker,Pekanbaru,2025-10-20
1519,Budi Wijaya,18,High School Student,Padang,2025-03-09
1520,Oki Sari,28,Office Worker,Bandung,2025-08-13
1521,Dina Pratama,17,High School Student,Pekanbaru,2026-03-30
1522,Rian Permata,23,Office Worker,Padang,2025-10-17
1523,Dina Ramadhan,19,College Student,Padang,2025-09-04
1524,Intan Lestari,16,High School Student,Surabaya,2025-11-12
1525,Joko Wijaya,24,College Student,Yogyakarta,2025-10-19
1526,Tio Ramadhan,23,College Student,Jakarta,2026-04-25
1527,Rian Sari,24,College Student,Medan,2025-08-02
1528,Citra Nugraha,19,College Student,Bandung,2026-06-02
1529,Putri Sari,34,Office Worker,Yogyakarta,2025-07-12
1530,Gita Kurniawan,18,College Student,Bandung,2026-03-10
1531,Andi Wijaya,23,College Student,Yogyakarta,2025-03-15
1532,Hadi Saputra,26,Office Worker,Palembang,2025-03-15
1533,Salsa Putra,32,Office Worker,Yogyakarta,2025-09-20
1534,Tio Sari,22,College Student,Pekanbaru,2025-03-27
1535,Vina Ramadhan,22,College Student,Pekanbaru,2025-02-27
1536,Karin Nugraha,17,High School Student,Yogyakarta,2026-02-21
1537,Lina Pratama,15,High School Student,Pekanbaru,2025-10-08
1538,Tio Kurniawan,22,Office Worker,Yogyakarta,2025-07-27
1539,Putri Wijaya,16,High School Student,Jakarta,2025-05-23
1540,Karin Lestari,21,College Student,Padang,2026-02-17
1541,Budi Permata,24,Office Worker,Yogyakarta,2025-02-21
1542,Eka Sari,18,High School Student,Yogyakarta,2025-01-17
1543,Hadi Saputra,23,College Student,Yogyakarta,2026-02-23
1544,Lina Putra,19,College Student,Palembang,2026-02-28
1545,Hadi Nugraha,29,Office Worker,Makassar,2025-07-20
1546,Tio Kurniawan,18,College Student,Jakarta,2026-02-22
1547,Andi Putra,33,Office Worker,Jakarta,2026-03-18
1548,Joko Nugraha,18,College Student,Jakarta,2026-05-17
1549,Intan Lestari,18,High School Student,Makassar,2025-03-23
1550,Nanda Putra,22,Office Worker,Surabaya,2025-03-21
1551,Karin Wijaya,31,Office Worker,Yogyakarta,2025-07-08
1552,Putri Permata,33,Office Worker,Jakarta,2026-04-25
1553,Rian Nugraha,30,Office Worker,Bandung,2025-06-05
1554,Gita Pratama,23,Office Worker,Palembang,2025-06-09
1555,Vina Ramadhan,17,High School Student,Padang,2025-02-13
1556,Karin Kurniawan,16,High School Student,Bandung,2025-06-11
1557,Budi Wijaya,34,Office Worker,Medan,2026-05-25
1558,Eka Sari,23,College Student,Jakarta,2026-05-28
1559,Tio Sari,29,Office Worker,Pekanbaru,2025-07-27
1560,Fajar Permata,23,Office Worker,Jakarta,2025-04-07
1561,Hadi Kurniawan,19,College Student,Palembang,2025-01-21
1562,Budi Kurniawan,16,High School Student,Jakarta,2025-12-21
1563,Karin Permata,22,Office Worker,Pekanbaru,2026-05-20
1564,Gita Permata,24,College Student,Jakarta,2026-02-08
1565,Nanda Lestari,33,Office Worker,Medan,2025-08-11
1566,Andi Putra,19,College Student,Surabaya,2026-02-04
1567,Lina Wijaya,31,Office Worker,Semarang,2026-04-07
1568,Eka Lestari,15,High School Student,Palembang,2025-02-01
1569,Hadi Ramadhan,26,Office Worker,Makassar,2026-05-04
1570,Dina Permata,20,College Student,Makassar,2025-10-15
1571,Lina Permata,20,College Student,Semarang,2026-03-13
1572,Joko Putra,15,High School Student,Yogyakarta,2026-01-15
1573,Putri Sari,33,Office Worker,Palembang,2026-03-13
1574,Hadi Permata,24,Office Worker,Semarang,2025-05-10
1575,Hadi Ramadhan,16,High School Student,Palembang,2026-03-17
1576,Citra Putra,16,High School Student,Surabaya,2026-05-08
1577,Joko Nugraha,18,High School Student,Surabaya,2025-09-02
1578,Karin Permata,34,Office Worker,Pekanbaru,2025-02-21
1579,Rian Lestari,24,Office Worker,Semarang,2025-08-18
1580,Citra Saputra,19,College Student,Medan,2026-04-10
1581,Hadi Putra,15,High School Student,Jakarta,2025-07-05
1582,Lina Nugraha,20,College Student,Medan,2025-06-11
1583,Putri Nugraha,21,College Student,Makassar,2025-07-18
1584,Putri Permata,23,College Student,Bandung,2026-02-05
1585,Andi Pratama,25,Office Worker,Palembang,2026-04-17
1586,Oki Permata,18,High School Student,Makassar,2026-04-01
1587,Vina Wijaya,24,Office Worker,Surabaya,2026-06-29
1588,Nanda Kurniawan,21,College Student,Makassar,2026-02-17
1589,Tio Putra,20,College Student,Yogyakarta,2026-06-15
1590,Budi Permata,24,Office Worker,Surabaya,2025-05-01
1591,Andi Nugraha,29,Office Worker,Jakarta,2025-03-10
1592,Budi Pratama,25,Office Worker,Jakarta,2025-10-20
1593,Rian Saputra,15,High School Student,Surabaya,2026-02-14
1594,Intan Ramadhan,16,High School Student,Makassar,2025-10-07
1595,Vina Wijaya,34,Office Worker,Bandung,2026-06-17
1596,Hadi Wijaya,23,College Student,Makassar,2026-02-23
1597,Andi Permata,19,College Student,Jakarta,2025-01-28
1598,Maya Nugraha,15,High School Student,Makassar,2026-01-31
1599,Eka Nugraha,15,High School Student,Bandung,2026-03-04
1600,Putri Putra,35,Office Worker,Palembang,2025-05-24
1601,Lina Permata,16,High School Student,Jakarta,2025-04-03
1602,Intan Pratama,23,College Student,Bandung,2025-02-04
1603,Eka Nugraha,17,High School Student,Bandung,2026-04-15
1604,Eka Putra,23,College Student,Jakarta,2026-06-10
1605,Tio Kurniawan,18,High School Student,Jakarta,2025-11-11
1606,Hadi Wijaya,21,College Student,Pekanbaru,2026-04-29
1607,Salsa Permata,15,High School Student,Surabaya,2026-01-11
1608,Oki Saputra,30,Office Worker,Semarang,2026-05-03
1609,Vina Nugraha,15,High School Student,Palembang,2026-05-11
1610,Salsa Putra,19,College Student,Yogyakarta,2026-01-11
1611,Andi Wijaya,23,Office Worker,Yogyakarta,2026-05-06
1612,Rian Saputra,24,Office Worker,Yogyakarta,2025-10-26
1613,Tio Saputra,24,College Student,Medan,2025-12-19
1614,Budi Ramadhan,18,College Student,Surabaya,2025-12-20
1615,Gita Ramadhan,20,College Student,Padang,2026-04-26
1616,Fajar Kurniawan,29,Office Worker,Padang,2026-02-08
1617,Hadi Putra,30,Office Worker,Surabaya,2026-01-29
1618,Intan Saputra,31,Office Worker,Pekanbaru,2026-02-07
1619,Fajar Sari,24,College Student,Jakarta,2026-05-06
1620,Dina Kurniawan,25,Office Worker,Bandung,2026-06-08
1621,Gita Saputra,21,College Student,Semarang,2026-01-29
1622,Vina Nugraha,18,High School Student,Jakarta,2025-04-14
1623,Salsa Lestari,23,College Student,Jakarta,2025-01-11
1624,Hadi Pratama,25,Office Worker,Bandung,2025-08-13
1625,Oki Wijaya,15,High School Student,Surabaya,2025-11-13
1626,Oki Pratama,30,Office Worker,Surabaya,2026-02-26
1627,Hadi Sari,18,High School Student,Surabaya,2025-09-30
1628,Intan Saputra,24,College Student,Jakarta,2025-02-23
1629,Lina Putra,18,High School Student,Jakarta,2025-06-22
1630,Hadi Ramadhan,22,College Student,Bandung,2025-09-04
1631,Citra Saputra,26,Office Worker,Medan,2025-06-08
1632,Nanda Putra,22,College Student,Surabaya,2025-04-16
1633,Fajar Permata,32,Office Worker,Yogyakarta,2025-10-22
1634,Eka Nugraha,28,Office Worker,Padang,2025-10-03
1635,Maya Kurniawan,32,Office Worker,Pekanbaru,2025-02-12
1636,Maya Kurniawan,15,High School Student,Pekanbaru,2025-07-13
1637,Putri Saputra,23,College Student,Surabaya,2025-11-07
1638,Tio Putra,18,High School Student,Makassar,2025-04-13
1639,Maya Nugraha,29,Office Worker,Jakarta,2025-09-07
1640,Fajar Nugraha,30,Office Worker,Bandung,2026-01-31
1641,Rian Pratama,24,College Student,Bandung,2025-10-23
1642,Rian Wijaya,35,Office Worker,Makassar,2025-08-26
1643,Maya Ramadhan,19,College Student,Makassar,2025-10-16
1644,Maya Sari,24,Office Worker,Yogyakarta,2026-06-21
1645,Eka Saputra,18,High School Student,Medan,2025-09-13
1646,Dina Pratama,33,Office Worker,Makassar,2026-06-05
1647,Gita Permata,16,High School Student,Jakarta,2025-04-29
1648,Maya Permata,31,Office Worker,Palembang,2025-04-29
1649,Maya Permata,28,Office Worker,Makassar,2025-04-01
1650,Citra Putra,33,Office Worker,Semarang,2025-06-21
1651,Vina Putra,16,High School Student,Bandung,2025-04-26
1652,Rian Permata,21,College Student,Semarang,2026-06-18
1653,Fajar Putra,23,College Student,Bandung,2025-12-15
1654,Fajar Lestari,24,College Student,Jakarta,2026-04-21
1655,Dina Kurniawan,18,High School Student,Semarang,2026-03-21
1656,Putri Sari,23,Office Worker,Jakarta,2025-04-18
1657,Nanda Ramadhan,23,College Student,Jakarta,2025-05-02
1658,Andi Saputra,23,College Student,Pekanbaru,2025-08-10
1659,Lina Ramadhan,19,College Student,Palembang,2026-04-04
1660,Oki Pratama,24,College Student,Jakarta,2026-05-13
1661,Oki Nugraha,33,Office Worker,Jakarta,2026-01-05
1662,Andi Wijaya,22,College Student,Makassar,2025-05-01
1663,Lina Sari,25,Office Worker,Jakarta,2025-07-20
1664,Eka Lestari,18,College Student,Pekanbaru,2025-06-10
1665,Andi Pratama,23,Office Worker,Makassar,2025-08-06
1666,Oki Putra,24,Office Worker,Padang,2026-02-04
1667,Karin Kurniawan,17,High School Student,Jakarta,2026-01-20
1668,Maya Wijaya,31,Office Worker,Surabaya,2025-03-05
1669,Lina Ramadhan,15,High School Student,Palembang,2025-07-31
1670,Tio Lestari,27,Office Worker,Yogyakarta,2025-03-10
1671,Dina Permata,20,College Student,Palembang,2025-05-04
1672,Citra Lestari,24,Office Worker,Jakarta,2026-01-12
1673,Fajar Nugraha,25,Office Worker,Jakarta,2025-10-23
1674,Karin Kurniawan,34,Office Worker,Surabaya,2025-12-24
1675,Intan Wijaya,25,Office Worker,Semarang,2026-06-09
1676,Intan Wijaya,24,College Student,Pekanbaru,2025-03-09
1677,Vina Pratama,17,High School Student,Jakarta,2025-09-27
1678,Lina Kurniawan,20,College Student,Yogyakarta,2025-05-13
1679,Salsa Permata,18,High School Student,Palembang,2025-03-03
1680,Joko Saputra,34,Office Worker,Makassar,2025-06-10
1681,Hadi Kurniawan,24,College Student,Medan,2025-01-26
1682,Tio Kurniawan,23,Office Worker,Padang,2025-10-13
1683,Fajar Ramadhan,26,Office Worker,Medan,2026-03-22
1684,Gita Nugraha,27,Office Worker,Semarang,2025-09-06
1685,Fajar Pratama,18,High School Student,Semarang,2025-04-01
1686,Tio Kurniawan,31,Office Worker,Semarang,2025-02-05
1687,Lina Nugraha,25,Office Worker,Bandung,2025-01-07
1688,Maya Saputra,22,College Student,Palembang,2026-05-21
1689,Gita Kurniawan,31,Office Worker,Surabaya,2025-11-17
1690,Eka Ramadhan,26,Office Worker,Yogyakarta,2025-07-21
1691,Dina Sari,16,High School Student,Jakarta,2026-06-28
1692,Andi Permata,18,College Student,Jakarta,2025-09-13
1693,Citra Permata,20,College Student,Jakarta,2025-06-10
1694,Andi Saputra,17,High School Student,Bandung,2025-01-30
1695,Intan Sari,19,College Student,Jakarta,2026-04-02
1696,Maya Ramadhan,17,High School Student,Jakarta,2025-09-19
1697,Budi Pratama,15,High School Student,Surabaya,2025-01-10
1698,Salsa Sari,16,High School Student,Jakarta,2025-12-25
1699,Salsa Wijaya,24,Office Worker,Yogyakarta,2025-10-03
1700,Hadi Sari,20,College Student,Jakarta,2025-05-04
1701,Lina Kurniawan,23,Office Worker,Makassar,2025-09-25
1702,Dina Sari,20,College Student,Yogyakarta,2025-10-05
1703,Rian Saputra,20,College Student,Bandung,2025-03-17
1704,Salsa Ramadhan,19,College Student,Jakarta,2026-06-10
1705,Lina Kurniawan,24,College Student,Jakarta,2025-06-25
1706,Karin Nugraha,17,High School Student,Pekanbaru,2025-02-05
1707,Gita Pratama,32,Office Worker,Palembang,2025-09-27
1708,Eka Ramadhan,17,High School Student,Surabaya,2025-01-02
1709,Maya Putra,33,Office Worker,Bandung,2025-09-13
1710,Vina Saputra,35,Office Worker,Padang,2026-05-29
1711,Oki Lestari,18,High School Student,Surabaya,2025-12-29
1712,Hadi Saputra,18,High School Student,Makassar,2025-04-17
1713,Oki Ramadhan,30,Office Worker,Surabaya,2025-05-14
1714,Eka Ramadhan,21,College Student,Bandung,2026-02-13
1715,Citra Wijaya,18,High School Student,Jakarta,2026-03-27
1716,Intan Wijaya,30,Office Worker,Palembang,2026-06-19
1717,Tio Saputra,17,High School Student,Surabaya,2025-12-17
1718,Gita Lestari,24,Office Worker,Jakarta,2025-01-28
1719,Joko Permata,33,Office Worker,Bandung,2026-06-21
1720,Andi Ramadhan,15,High School Student,Surabaya,2025-03-06
1721,Nanda Saputra,17,High School Student,Palembang,2025-07-13
1722,Fajar Pratama,15,High School Student,Jakarta,2025-07-26
1723,Citra Permata,19,College Student,Semarang,2025-10-26
1724,Maya Wijaya,16,High School Student,Surabaya,2025-02-09
1725,Oki Ramadhan,35,Office Worker,Padang,2026-04-09
1726,Karin Permata,16,High School Student,Palembang,2025-01-23
1727,Rian Nugraha,21,College Student,Pekanbaru,2025-05-08
1728,Hadi Nugraha,23,Office Worker,Palembang,2025-09-20
1729,Joko Sari,23,Office Worker,Surabaya,2025-02-04
1730,Rian Sari,34,Office Worker,Makassar,2026-05-02
1731,Tio Kurniawan,20,College Student,Medan,2025-04-11
1732,Budi Ramadhan,26,Office Worker,Surabaya,2025-03-23
1733,Vina Wijaya,21,College Student,Bandung,2025-11-13
1734,Fajar Lestari,19,College Student,Jakarta,2025-11-26
1735,Maya Kurniawan,17,High School Student,Semarang,2025-07-15
1736,Budi Lestari,32,Office Worker,Bandung,2026-02-18
1737,Joko Lestari,23,College Student,Makassar,2026-05-24
1738,Eka Ramadhan,16,High School Student,Bandung,2026-04-26
1739,Dina Sari,19,College Student,Padang,2025-03-09
1740,Budi Sari,19,College Student,Semarang,2026-01-28
1741,Salsa Pratama,35,Office Worker,Yogyakarta,2025-09-30
1742,Karin Nugraha,27,Office Worker,Jakarta,2025-10-26
1743,Salsa Putra,28,Office Worker,Makassar,2025-05-21
1744,Lina Putra,18,High School Student,Makassar,2025-07-04
1745,Andi Permata,19,College Student,Makassar,2025-07-08
1746,Lina Lestari,23,College Student,Yogyakarta,2025-01-19
1747,Fajar Wijaya,17,High School Student,Yogyakarta,2025-03-22
1748,Eka Pratama,18,College Student,Pekanbaru,2026-05-13
1749,Oki Ramadhan,27,Office Worker,Yogyakarta,2026-06-26
1750,Lina Saputra,17,High School Student,Padang,2025-08-06
1751,Dina Permata,20,College Student,Padang,2026-06-09
1752,Lina Wijaya,15,High School Student,Pekanbaru,2025-12-04
1753,Rian Ramadhan,18,High School Student,Makassar,2025-05-01
1754,Rian Pratama,18,High School Student,Jakarta,2026-04-14
1755,Karin Sari,31,Office Worker,Yogyakarta,2026-01-07
1756,Gita Saputra,29,Office Worker,Bandung,2026-04-27
1757,Tio Saputra,31,Office Worker,Surabaya,2025-06-28
1758,Maya Putra,23,College Student,Jakarta,2025-04-21
1759,Putri Pratama,17,High School Student,Surabaya,2025-01-09
1760,Karin Kurniawan,21,College Student,Makassar,2025-08-10
1761,Intan Kurniawan,21,College Student,Surabaya,2025-04-18
1762,Karin Ramadhan,33,Office Worker,Palembang,2025-12-03
1763,Citra Pratama,16,High School Student,Jakarta,2025-07-23
1764,Hadi Lestari,19,College Student,Makassar,2026-06-11
1765,Tio Sari,18,High School Student,Yogyakarta,2026-03-29
1766,Maya Lestari,23,College Student,Surabaya,2025-07-14
1767,Fajar Wijaya,35,Office Worker,Surabaya,2025-09-18
1768,Fajar Wijaya,18,College Student,Medan,2025-01-09
1769,Maya Kurniawan,22,College Student,Medan,2025-08-04
1770,Maya Pratama,21,College Student,Bandung,2025-04-23
1771,Hadi Nugraha,22,College Student,Makassar,2025-12-06
1772,Vina Pratama,31,Office Worker,Yogyakarta,2025-02-16
1773,Intan Kurniawan,35,Office Worker,Bandung,2026-05-04
1774,Maya Nugraha,29,Office Worker,Makassar,2025-11-18
1775,Nanda Kurniawan,29,Office Worker,Jakarta,2025-04-08
1776,Nanda Kurniawan,21,College Student,Medan,2026-03-21
1777,Gita Putra,32,Office Worker,Pekanbaru,2025-04-03
1778,Rian Permata,19,College Student,Jakarta,2025-09-09
1779,Joko Lestari,18,College Student,Jakarta,2025-06-12
1780,Oki Permata,30,Office Worker,Bandung,2025-06-07
1781,Lina Kurniawan,15,High School Student,Semarang,2025-05-18
1782,Citra Lestari,27,Office Worker,Makassar,2026-01-19
1783,Oki Lestari,22,College Student,Palembang,2025-11-08
1784,Andi Nugraha,24,Office Worker,Pekanbaru,2025-10-17
1785,Gita Permata,32,Office Worker,Padang,2025-03-06
1786,Fajar Ramadhan,29,Office Worker,Surabaya,2025-07-17
1787,Citra Lestari,30,Office Worker,Yogyakarta,2026-06-12
1788,Dina Wijaya,25,Office Worker,Pekanbaru,2026-06-21
1789,Eka Sari,15,High School Student,Bandung,2025-09-07
1790,Salsa Pratama,18,College Student,Jakarta,2026-06-23
1791,Putri Ramadhan,17,High School Student,Makassar,2025-04-27
1792,Tio Pratama,29,Office Worker,Jakarta,2026-05-01
1793,Vina Permata,24,College Student,Makassar,2025-12-29
1794,Joko Saputra,24,Office Worker,Bandung,2025-01-26
1795,Nanda Putra,17,High School Student,Palembang,2026-05-08
1796,Fajar Wijaya,15,High School Student,Surabaya,2025-12-23
1797,Putri Pratama,24,Office Worker,Yogyakarta,2026-02-16
1798,Lina Wijaya,17,High School Student,Pekanbaru,2026-04-21
1799,Vina Wijaya,16,High School Student,Jakarta,2026-02-18
1800,Maya Permata,17,High School Student,Bandung,2025-05-02
1801,Putri Permata,24,Office Worker,Surabaya,2026-04-06
1802,Budi Permata,30,Office Worker,Makassar,2026-03-05
1803,Dina Pratama,21,College Student,Yogyakarta,2025-08-31
1804,Andi Pratama,18,College Student,Yogyakarta,2026-02-07
1805,Eka Ramadhan,19,College Student,Jakarta,2025-09-09
1806,Lina Ramadhan,24,Office Worker,Pekanbaru,2025-03-16
1807,Fajar Kurniawan,32,Office Worker,Makassar,2025-04-22
1808,Rian Lestari,17,High School Student,Yogyakarta,2025-12-26
1809,Maya Putra,16,High School Student,Jakarta,2025-06-17
1810,Lina Wijaya,17,High School Student,Palembang,2025-09-07
1811,Vina Pratama,28,Office Worker,Semarang,2025-08-01
1812,Intan Nugraha,24,Office Worker,Padang,2026-03-19
1813,Salsa Saputra,23,College Student,Jakarta,2025-02-15
1814,Karin Sari,17,High School Student,Jakarta,2025-01-18
1815,Vina Pratama,16,High School Student,Makassar,2025-12-16
1816,Salsa Sari,30,Office Worker,Bandung,2025-08-08
1817,Putri Kurniawan,20,College Student,Surabaya,2026-02-02
1818,Andi Saputra,25,Office Worker,Yogyakarta,2025-04-08
1819,Hadi Sari,31,Office Worker,Semarang,2025-01-05
1820,Budi Kurniawan,22,College Student,Makassar,2025-06-08
1821,Vina Wijaya,16,High School Student,Jakarta,2025-03-28
1822,Maya Nugraha,16,High School Student,Semarang,2025-04-30
1823,Maya Saputra,30,Office Worker,Jakarta,2026-03-19
1824,Fajar Ramadhan,28,Office Worker,Jakarta,2025-06-21
1825,Lina Permata,31,Office Worker,Jakarta,2025-08-23
1826,Eka Sari,22,College Student,Palembang,2026-04-23
1827,Hadi Ramadhan,17,High School Student,Palembang,2025-05-01
1828,Citra Sari,35,Office Worker,Medan,2026-05-12
1829,Hadi Wijaya,25,Office Worker,Jakarta,2026-02-26
1830,Karin Saputra,22,College Student,Palembang,2025-05-15
1831,Joko Lestari,31,Office Worker,Jakarta,2025-11-11
1832,Vina Permata,34,Office Worker,Jakarta,2025-03-10
1833,Hadi Wijaya,24,College Student,Padang,2025-07-17
1834,Putri Nugraha,28,Office Worker,Surabaya,2025-01-11
1835,Salsa Kurniawan,23,Office Worker,Medan,2025-05-10
1836,Dina Kurniawan,28,Office Worker,Palembang,2025-04-20
1837,Budi Kurniawan,17,High School Student,Jakarta,2025-01-27
1838,Intan Saputra,21,College Student,Makassar,2026-02-04
1839,Karin Ramadhan,25,Office Worker,Pekanbaru,2025-11-16
1840,Intan Permata,15,High School Student,Jakarta,2025-07-13
1841,Budi Sari,21,College Student,Palembang,2025-12-12
1842,Oki Kurniawan,20,College Student,Medan,2025-01-16
1843,Fajar Permata,22,College Student,Semarang,2025-03-14
1844,Rian Permata,26,Office Worker,Yogyakarta,2025-07-20
1845,Tio Sari,23,Office Worker,Makassar,2025-06-13
1846,Karin Lestari,18,High School Student,Makassar,2025-01-07
1847,Citra Saputra,15,High School Student,Pekanbaru,2025-03-02
1848,Salsa Nugraha,17,High School Student,Pekanbaru,2025-12-18
1849,Maya Putra,30,Office Worker,Jakarta,2026-04-30
1850,Nanda Nugraha,22,Office Worker,Yogyakarta,2026-03-27
1851,Maya Saputra,23,College Student,Jakarta,2026-02-18
1852,Maya Permata,28,Office Worker,Palembang,2025-01-31
1853,Joko Sari,24,Office Worker,Jakarta,2025-04-01
1854,Eka Saputra,33,Office Worker,Bandung,2026-06-02
1855,Hadi Saputra,22,Office Worker,Jakarta,2026-03-22
1856,Hadi Sari,24,College Student,Jakarta,2025-10-12
1857,Citra Permata,24,Office Worker,Jakarta,2026-01-28
1858,Gita Permata,22,College Student,Surabaya,2025-05-19
1859,Intan Sari,31,Office Worker,Medan,2025-11-26
1860,Rian Pratama,33,Office Worker,Medan,2025-05-13
1861,Vina Kurniawan,33,Office Worker,Medan,2025-11-22
1862,Maya Permata,27,Office Worker,Padang,2026-06-14
1863,Maya Nugraha,15,High School Student,Yogyakarta,2025-01-21
1864,Rian Saputra,21,College Student,Palembang,2026-04-24
1865,Karin Permata,35,Office Worker,Jakarta,2026-04-03
1866,Vina Lestari,27,Office Worker,Jakarta,2026-06-02
1867,Maya Ramadhan,16,High School Student,Surabaya,2026-06-20
1868,Hadi Kurniawan,18,High School Student,Makassar,2025-08-13
1869,Andi Pratama,18,High School Student,Jakarta,2025-11-26
1870,Oki Ramadhan,25,Office Worker,Semarang,2026-01-03
1871,Dina Permata,33,Office Worker,Jakarta,2025-05-22
1872,Andi Kurniawan,17,High School Student,Surabaya,2025-07-18
1873,Lina Wijaya,23,College Student,Yogyakarta,2025-02-05
1874,Oki Nugraha,32,Office Worker,Surabaya,2026-04-11
1875,Joko Pratama,31,Office Worker,Medan,2026-03-14
1876,Citra Pratama,21,College Student,Makassar,2025-07-10
1877,Joko Ramadhan,24,College Student,Jakarta,2025-04-07
1878,Andi Wijaya,22,College Student,Padang,2026-05-19
1879,Vina Sari,18,College Student,Surabaya,2026-01-02
1880,Lina Wijaya,19,College Student,Makassar,2025-05-30
1881,Putri Putra,28,Office Worker,Yogyakarta,2025-02-12
1882,Nanda Saputra,30,Office Worker,Jakarta,2025-10-24
1883,Andi Saputra,30,Office Worker,Makassar,2025-11-15
1884,Lina Pratama,33,Office Worker,Bandung,2025-08-06
1885,Budi Pratama,15,High School Student,Jakarta,2026-05-03
1886,Gita Ramadhan,18,College Student,Pekanbaru,2025-05-26
1887,Fajar Ramadhan,16,High School Student,Semarang,2025-11-24
1888,Hadi Nugraha,17,High School Student,Semarang,2025-09-16
1889,Oki Lestari,29,Office Worker,Padang,2025-04-29
1890,Gita Wijaya,22,Office Worker,Padang,2025-05-22
1891,Joko Wijaya,16,High School Student,Makassar,2025-10-17
1892,Nanda Ramadhan,22,College Student,Yogyakarta,2025-08-13
1893,Citra Pratama,34,Office Worker,Semarang,2025-08-17
1894,Andi Wijaya,18,High School Student,Jakarta,2025-09-14
1895,Dina Saputra,18,College Student,Yogyakarta,2025-09-02
1896,Karin Putra,26,Office Worker,Semarang,2025-06-25
1897,Lina Wijaya,23,Office Worker,Makassar,2025-12-21
1898,Vina Nugraha,18,High School Student,Jakarta,2026-06-06
1899,Vina Kurniawan,24,College Student,Semarang,2025-05-19
1900,Putri Sari,31,Office Worker,Makassar,2025-04-29
1901,Maya Permata,19,College Student,Medan,2025-09-16
1902,Maya Putra,16,High School Student,Semarang,2025-07-11
1903,Budi Sari,25,Office Worker,Makassar,2025-05-10
1904,Karin Pratama,15,High School Student,Pekanbaru,2025-06-07
1905,Nanda Ramadhan,28,Office Worker,Semarang,2025-09-18
1906,Intan Wijaya,18,High School Student,Jakarta,2026-01-25
1907,Maya Kurniawan,26,Office Worker,Padang,2026-06-08
1908,Salsa Nugraha,19,College Student,Bandung,2025-05-12
1909,Karin Saputra,18,College Student,Jakarta,2026-02-12
1910,Rian Sari,17,High School Student,Semarang,2025-06-02
1911,Vina Nugraha,24,College Student,Jakarta,2025-10-09
1912,Dina Ramadhan,22,Office Worker,Makassar,2025-02-15
1913,Salsa Putra,33,Office Worker,Padang,2025-10-26
1914,Vina Putra,23,College Student,Palembang,2025-01-21
1915,Tio Nugraha,22,College Student,Bandung,2025-06-14
1916,Citra Sari,27,Office Worker,Jakarta,2025-09-25
1917,Oki Wijaya,26,Office Worker,Bandung,2025-04-11
1918,Lina Putra,24,College Student,Bandung,2026-01-08
1919,Lina Saputra,19,College Student,Yogyakarta,2025-02-02
1920,Citra Sari,19,College Student,Yogyakarta,2025-08-24
1921,Budi Permata,30,Office Worker,Yogyakarta,2025-07-17
1922,Rian Nugraha,15,High School Student,Semarang,2026-05-22
1923,Rian Sari,26,Office Worker,Palembang,2025-11-28
1924,Gita Sari,24,College Student,Padang,2026-03-21
1925,Oki Pratama,27,Office Worker,Bandung,2026-05-01
1926,Lina Wijaya,16,High School Student,Semarang,2025-04-30
1927,Karin Saputra,20,College Student,Jakarta,2025-06-07
1928,Oki Nugraha,18,College Student,Padang,2025-02-06
1929,Salsa Nugraha,26,Office Worker,Jakarta,2025-05-24
1930,Putri Permata,18,High School Student,Padang,2025-01-28
1931,Joko Ramadhan,21,College Student,Bandung,2025-09-01
1932,Budi Permata,20,College Student,Jakarta,2025-09-23
1933,Putri Sari,19,College Student,Padang,2025-02-20
1934,Lina Wijaya,31,Office Worker,Jakarta,2025-04-19
1935,Rian Kurniawan,23,Office Worker,Jakarta,2026-02-02
1936,Hadi Sari,35,Office Worker,Surabaya,2025-12-01
1937,Fajar Lestari,24,College Student,Surabaya,2025-05-14
1938,Fajar Lestari,25,Office Worker,Yogyakarta,2025-03-21
1939,Tio Wijaya,19,College Student,Pekanbaru,2025-12-04
1940,Dina Lestari,18,High School Student,Yogyakarta,2026-03-08
1941,Nanda Lestari,17,High School Student,Jakarta,2026-04-26
1942,Hadi Lestari,18,College Student,Surabaya,2025-10-16
1943,Intan Putra,28,Office Worker,Pekanbaru,2025-04-12
1944,Karin Lestari,35,Office Worker,Jakarta,2025-11-27
1945,Salsa Permata,34,Office Worker,Jakarta,2026-01-11
1946,Dina Saputra,20,College Student,Palembang,2025-08-19
1947,Hadi Wijaya,24,College Student,Palembang,2026-03-27
1948,Salsa Sari,18,High School Student,Bandung,2025-11-17
1949,Andi Ramadhan,20,College Student,Bandung,2026-02-28
1950,Maya Wijaya,22,College Student,Semarang,2025-01-25
1951,Citra Nugraha,17,High School Student,Jakarta,2026-02-20
1952,Tio Permata,16,High School Student,Makassar,2025-10-29
1953,Maya Wijaya,18,College Student,Makassar,2025-04-10
1954,Putri Sari,34,Office Worker,Yogyakarta,2026-01-23
1955,Citra Lestari,28,Office Worker,Bandung,2025-04-29
1956,Vina Saputra,27,Office Worker,Jakarta,2025-11-27
1957,Salsa Kurniawan,25,Office Worker,Makassar,2025-12-25
1958,Karin Pratama,22,College Student,Surabaya,2025-05-06
1959,Putri Pratama,29,Office Worker,Surabaya,2025-10-16
1960,Putri Lestari,24,Office Worker,Bandung,2026-03-16
1961,Rian Wijaya,16,High School Student,Bandung,2025-12-07
1962,Salsa Wijaya,20,College Student,Semarang,2025-07-23
1963,Nanda Nugraha,33,Office Worker,Makassar,2025-06-28
1964,Budi Pratama,24,College Student,Yogyakarta,2025-12-12
1965,Fajar Wijaya,18,College Student,Palembang,2025-04-15
1966,Maya Sari,22,College Student,Bandung,2025-11-09
1967,Karin Sari,17,High School Student,Pekanbaru,2025-03-27
1968,Maya Nugraha,18,College Student,Bandung,2026-03-17
1969,Andi Wijaya,21,College Student,Jakarta,2026-04-25
1970,Tio Sari,15,High School Student,Jakarta,2025-11-24
1971,Oki Wijaya,16,High School Student,Palembang,2025-09-08
1972,Vina Permata,35,Office Worker,Jakarta,2026-04-27
1973,Gita Pratama,24,College Student,Makassar,2025-01-04
1974,Tio Wijaya,20,College Student,Makassar,2025-07-03
1975,Vina Ramadhan,24,College Student,Jakarta,2025-10-27
1976,Nanda Sari,24,Office Worker,Medan,2026-06-12
1977,Andi Permata,21,College Student,Yogyakarta,2025-06-05
1978,Lina Sari,23,College Student,Makassar,2026-03-10
1979,Budi Pratama,29,Office Worker,Makassar,2025-12-23
1980,Andi Lestari,26,Office Worker,Bandung,2026-06-12
1981,Nanda Ramadhan,16,High School Student,Jakarta,2025-02-10
1982,Andi Lestari,24,Office Worker,Bandung,2025-09-15
1983,Citra Sari,24,College Student,Medan,2026-01-01
1984,Intan Ramadhan,21,College Student,Surabaya,2025-03-07
1985,Citra Pratama,16,High School Student,Yogyakarta,2025-07-27
1986,Tio Lestari,18,High School Student,Bandung,2025-09-02
1987,Budi Nugraha,25,Office Worker,Yogyakarta,2025-08-31
1988,Eka Pratama,23,College Student,Bandung,2026-01-16
1989,Tio Nugraha,24,College Student,Surabaya,2025-08-11
1990,Nanda Lestari,30,Office Worker,Medan,2025-01-21
1991,Gita Putra,27,Office Worker,Bandung,2025-05-27
1992,Hadi Sari,17,High School Student,Yogyakarta,2026-01-03
1993,Maya Wijaya,34,Office Worker,Medan,2025-11-09
1994,Karin Saputra,17,High School Student,Makassar,2025-11-12
1995,Rian Ramadhan,32,Office Worker,Makassar,2026-02-07
1996,Intan Wijaya,24,Office Worker,Yogyakarta,2026-03-24
1997,Eka Kurniawan,33,Office Worker,Padang,2025-05-06
1998,Gita Permata,16,High School Student,Padang,2026-05-11
1999,Salsa Saputra,16,High School Student,Bandung,2025-02-14
2000,Vina Pratama,18,College Student,Pekanbaru,2025-11-27
2001,Dina Ramadhan,20,College Student,Makassar,2025-03-13
2002,Putri Ramadhan,16,High School Student,Jakarta,2025-04-08
2003,Eka Kurniawan,22,Office Worker,Semarang,2025-09-28
2004,Budi Saputra,18,High School Student,Yogyakarta,2026-02-11
2005,Dina Permata,20,College Student,Makassar,2026-03-20
2006,Vina Pratama,26,Office Worker,Surabaya,2025-04-01
2007,Vina Nugraha,21,College Student,Surabaya,2025-04-27
2008,Tio Wijaya,30,Office Worker,Bandung,2026-05-29
2009,Eka Lestari,18,High School Student,Yogyakarta,2025-02-12
2010,Fajar Wijaya,22,College Student,Jakarta,2025-03-12
2011,Rian Lestari,18,High School Student,Bandung,2025-05-24
2012,Lina Pratama,18,High School Student,Bandung,2025-12-08
2013,Salsa Wijaya,30,Office Worker,Surabaya,2025-04-17
2014,Vina Permata,18,High School Student,Medan,2026-01-21
2015,Oki Kurniawan,22,College Student,Pekanbaru,2026-04-01
2016,Fajar Saputra,22,College Student,Makassar,2025-10-21
2017,Oki Wijaya,21,College Student,Bandung,2025-06-25
2018,Intan Ramadhan,26,Office Worker,Yogyakarta,2025-04-17
2019,Maya Pratama,17,High School Student,Palembang,2025-03-27
2020,Salsa Ramadhan,33,Office Worker,Jakarta,2026-05-25
2021,Citra Pratama,24,Office Worker,Yogyakarta,2025-08-15
2022,Eka Kurniawan,22,College Student,Jakarta,2025-11-25
2023,Fajar Nugraha,33,Office Worker,Semarang,2025-08-29
2024,Rian Pratama,17,High School Student,Semarang,2025-01-02
2025,Andi Sari,22,College Student,Semarang,2025-09-08
2026,Putri Nugraha,20,College Student,Bandung,2025-02-11
2027,Putri Permata,35,Office Worker,Pekanbaru,2026-03-02
2028,Karin Putra,26,Office Worker,Yogyakarta,2025-03-22
2029,Hadi Nugraha,23,College Student,Palembang,2026-05-03
2030,Vina Saputra,30,Office Worker,Yogyakarta,2025-09-19
2031,Gita Nugraha,15,High School Student,Semarang,2026-01-30
2032,Tio Kurniawan,21,College Student,Bandung,2025-09-05
2033,Intan Lestari,19,College Student,Jakarta,2025-11-26
2034,Nanda Putra,35,Office Worker,Palembang,2025-04-08
2035,Andi Wijaya,27,Office Worker,Semarang,2025-05-25
2036,Budi Permata,18,College Student,Jakarta,2025-05-07
2037,Budi Putra,16,High School Student,Jakarta,2025-10-31
2038,Rian Permata,16,High School Student,Jakarta,2026-01-14
2039,Joko Permata,18,High School Student,Padang,2025-05-27
2040,Hadi Saputra,20,College Student,Pekanbaru,2025-03-22
2041,Salsa Saputra,24,Office Worker,Padang,2025-08-30
2042,Budi Lestari,19,College Student,Surabaya,2025-03-08
2043,Hadi Wijaya,23,College Student,Medan,2026-04-20
2044,Joko Lestari,16,High School Student,Yogyakarta,2026-03-09
2045,Oki Putra,27,Office Worker,Jakarta,2025-10-29
2046,Joko Permata,25,Office Worker,Bandung,2026-01-10
2047,Gita Putra,15,High School Student,Palembang,2025-03-19
2048,Citra Nugraha,23,Office Worker,Yogyakarta,2025-01-30
2049,Budi Nugraha,19,College Student,Surabaya,2025-12-18
2050,Eka Sari,17,High School Student,Makassar,2025-04-25
2051,Dina Ramadhan,19,College Student,Jakarta,2025-11-28
2052,Intan Permata,19,College Student,Jakarta,2026-05-20
2053,Intan Lestari,17,High School Student,Medan,2025-06-03
2054,Lina Pratama,31,Office Worker,Semarang,2026-06-19
2055,Hadi Pratama,27,Office Worker,Surabaya,2026-01-04
2056,Vina Wijaya,28,Office Worker,Pekanbaru,2025-12-24
2057,Dina Sari,21,College Student,Jakarta,2025-10-29
2058,Nanda Kurniawan,18,College Student,Medan,2026-03-27
2059,Intan Lestari,35,Office Worker,Bandung,2025-11-03
2060,Rian Lestari,23,College Student,Padang,2025-03-04
2061,Rian Kurniawan,15,High School Student,Padang,2025-10-03
2062,Dina Wijaya,24,College Student,Semarang,2026-05-26
2063,Lina Ramadhan,22,Office Worker,Padang,2026-06-19
2064,Andi Pratama,19,College Student,Palembang,2026-01-22
2065,Maya Sari,15,High School Student,Padang,2026-04-03
2066,Joko Putra,33,Office Worker,Makassar,2026-02-12
2067,Karin Putra,17,High School Student,Yogyakarta,2026-01-21
2068,Nanda Sari,23,College Student,Semarang,2026-01-25
2069,Maya Kurniawan,17,High School Student,Palembang,2025-08-17
2070,Rian Saputra,24,College Student,Padang,2025-08-15
2071,Tio Nugraha,30,Office Worker,Surabaya,2025-11-23
2072,Vina Permata,22,College Student,Yogyakarta,2025-12-01
2073,Hadi Putra,18,High School Student,Jakarta,2025-10-04
2074,Karin Sari,25,Office Worker,Jakarta,2025-08-18
2075,Andi Lestari,32,Office Worker,Semarang,2025-06-06
2076,Oki Permata,33,Office Worker,Jakarta,2025-01-13
2077,Andi Nugraha,17,High School Student,Makassar,2026-05-18
2078,Tio Wijaya,19,College Student,Yogyakarta,2025-07-16
2079,Dina Saputra,24,Office Worker,Palembang,2025-04-13
2080,Gita Permata,26,Office Worker,Surabaya,2025-06-19
2081,Lina Saputra,17,High School Student,Palembang,2025-04-19
2082,Intan Putra,17,High School Student,Medan,2026-01-11
2083,Salsa Permata,22,College Student,Bandung,2025-05-06
2084,Karin Pratama,23,Office Worker,Makassar,2026-01-20
2085,Hadi Wijaya,22,College Student,Jakarta,2025-05-28
2086,Hadi Ramadhan,21,College Student,Semarang,2025-01-01
2087,Budi Pratama,15,High School Student,Yogyakarta,2025-01-07
2088,Fajar Wijaya,25,Office Worker,Makassar,2025-06-12
2089,Dina Kurniawan,28,Office Worker,Pekanbaru,2026-03-12
2090,Citra Saputra,24,College Student,Padang,2026-03-10
2091,Putri Saputra,35,Office Worker,Makassar,2025-11-21
2092,Salsa Ramadhan,33,Office Worker,Yogyakarta,2025-06-06
2093,Salsa Sari,17,High School Student,Yogyakarta,2025-04-24
2094,Nanda Saputra,19,College Student,Yogyakarta,2025-04-22
2095,Gita Lestari,23,College Student,Padang,2026-03-31
2096,Hadi Putra,27,Office Worker,Jakarta,2025-03-14
2097,Nanda Saputra,23,College Student,Jakarta,2025-07-12
2098,Eka Ramadhan,22,Office Worker,Palembang,2026-04-20
2099,Joko Lestari,26,Office Worker,Surabaya,2025-09-30
2100,Oki Ramadhan,20,College Student,Palembang,2025-04-04
2101,Intan Lestari,31,Office Worker,Pekanbaru,2026-05-30
2102,Rian Pratama,24,College Student,Medan,2025-08-08
2103,Nanda Permata,15,High School Student,Bandung,2025-01-05
2104,Budi Wijaya,29,Office Worker,Semarang,2025-07-13
2105,Gita Sari,28,Office Worker,Makassar,2025-02-23
2106,Nanda Wijaya,24,College Student,Yogyakarta,2025-07-28
2107,Salsa Pratama,33,Office Worker,Jakarta,2026-05-12
2108,Citra Kurniawan,31,Office Worker,Padang,2026-03-31
2109,Oki Permata,23,College Student,Yogyakarta,2025-03-21
2110,Oki Lestari,31,Office Worker,Pekanbaru,2025-01-08
2111,Fajar Sari,16,High School Student,Medan,2025-04-01
2112,Andi Ramadhan,18,High School Student,Bandung,2025-12-12
2113,Karin Ramadhan,15,High School Student,Surabaya,2025-12-17
2114,Eka Wijaya,32,Office Worker,Bandung,2025-07-29
2115,Tio Lestari,27,Office Worker,Jakarta,2025-09-15
2116,Maya Sari,18,High School Student,Pekanbaru,2025-02-10
2117,Hadi Wijaya,22,College Student,Padang,2025-10-31
2118,Tio Sari,30,Office Worker,Semarang,2025-08-29
2119,Lina Sari,17,High School Student,Surabaya,2026-06-18
2120,Intan Ramadhan,35,Office Worker,Medan,2025-09-02
2121,Oki Sari,24,Office Worker,Semarang,2025-10-31
2122,Karin Lestari,24,College Student,Makassar,2026-06-19
2123,Andi Sari,30,Office Worker,Surabaya,2025-04-21
2124,Salsa Sari,21,College Student,Bandung,2025-05-10
2125,Citra Kurniawan,26,Office Worker,Medan,2025-12-28
2126,Eka Sari,28,Office Worker,Semarang,2025-09-17
2127,Maya Saputra,27,Office Worker,Makassar,2026-06-15
2128,Karin Pratama,16,High School Student,Padang,2025-08-02
2129,Gita Ramadhan,29,Office Worker,Yogyakarta,2025-02-22
2130,Fajar Saputra,20,College Student,Medan,2025-07-09
2131,Tio Permata,17,High School Student,Jakarta,2026-05-06
2132,Tio Saputra,18,High School Student,Makassar,2025-05-24
2133,Citra Ramadhan,23,College Student,Bandung,2025-06-29
2134,Dina Ramadhan,19,College Student,Jakarta,2026-06-03
2135,Rian Ramadhan,27,Office Worker,Makassar,2025-03-09
2136,Tio Kurniawan,28,Office Worker,Surabaya,2025-04-18
2137,Dina Sari,15,High School Student,Jakarta,2025-07-04
2138,Dina Ramadhan,31,Office Worker,Surabaya,2025-05-31
2139,Budi Lestari,16,High School Student,Padang,2026-04-20
2140,Fajar Putra,35,Office Worker,Jakarta,2025-04-12
2141,Oki Ramadhan,33,Office Worker,Surabaya,2025-05-19
2142,Budi Permata,24,College Student,Palembang,2026-01-23
2143,Andi Sari,25,Office Worker,Makassar,2026-05-04
2144,Salsa Lestari,22,College Student,Surabaya,2025-02-27
2145,Oki Nugraha,18,College Student,Pekanbaru,2025-03-29
2146,Karin Putra,33,Office Worker,Palembang,2025-05-02
2147,Hadi Ramadhan,23,College Student,Jakarta,2025-09-01
2148,Oki Nugraha,24,College Student,Surabaya,2025-03-08
2149,Maya Permata,21,College Student,Semarang,2025-10-21
2150,Lina Permata,26,Office Worker,Semarang,2025-05-10
2151,Andi Wijaya,20,College Student,Surabaya,2025-02-09
2152,Hadi Sari,15,High School Student,Jakarta,2025-07-31
2153,Lina Sari,23,Office Worker,Jakarta,2025-02-25
2154,Citra Kurniawan,29,Office Worker,Padang,2025-10-18
2155,Hadi Putra,17,High School Student,Pekanbaru,2025-12-18
2156,Tio Permata,16,High School Student,Pekanbaru,2025-05-02
2157,Fajar Saputra,18,High School Student,Semarang,2025-04-05
2158,Karin Sari,21,College Student,Makassar,2026-03-04
2159,Budi Nugraha,22,College Student,Makassar,2026-03-25
2160,Dina Kurniawan,26,Office Worker,Semarang,2025-12-10
2161,Maya Saputra,35,Office Worker,Padang,2025-01-03
2162,Maya Sari,22,Office Worker,Jakarta,2025-01-30
2163,Rian Putra,23,College Student,Surabaya,2025-09-12
2164,Salsa Nugraha,23,Office Worker,Pekanbaru,2025-02-14
2165,Budi Nugraha,23,College Student,Makassar,2025-06-26
2166,Fajar Nugraha,26,Office Worker,Jakarta,2025-08-10
2167,Vina Putra,27,Office Worker,Yogyakarta,2025-05-02
2168,Karin Putra,17,High School Student,Makassar,2025-10-02
2169,Rian Lestari,29,Office Worker,Yogyakarta,2025-11-08
2170,Budi Wijaya,18,College Student,Yogyakarta,2026-02-22
2171,Maya Pratama,34,Office Worker,Bandung,2025-11-25
2172,Citra Lestari,17,High School Student,Jakarta,2025-04-13
2173,Hadi Permata,18,High School Student,Bandung,2025-10-09
2174,Maya Sari,27,Office Worker,Yogyakarta,2025-09-02
2175,Gita Nugraha,15,High School Student,Jakarta,2025-05-13
2176,Rian Lestari,33,Office Worker,Bandung,2025-12-07
2177,Dina Sari,21,College Student,Pekanbaru,2025-01-22
2178,Nanda Nugraha,23,Office Worker,Pekanbaru,2025-05-30
2179,Budi Putra,23,Office Worker,Pekanbaru,2025-06-16
2180,Salsa Putra,24,College Student,Makassar,2025-12-11
2181,Karin Saputra,22,College Student,Jakarta,2026-04-06
2182,Putri Nugraha,18,High School Student,Padang,2025-09-17
2183,Dina Pratama,17,High School Student,Padang,2025-07-19
2184,Nanda Putra,22,College Student,Bandung,2025-01-05
2185,Joko Wijaya,32,Office Worker,Padang,2025-10-27
2186,Dina Permata,22,Office Worker,Palembang,2026-06-20
2187,Citra Kurniawan,22,Office Worker,Palembang,2025-08-24
2188,Dina Lestari,26,Office Worker,Jakarta,2026-06-24
2189,Oki Permata,23,Office Worker,Yogyakarta,2025-06-01
2190,Fajar Putra,29,Office Worker,Makassar,2025-09-03
2191,Maya Sari,23,College Student,Jakarta,2025-01-05
2192,Vina Permata,24,Office Worker,Medan,2025-01-13
2193,Eka Lestari,22,Office Worker,Padang,2026-04-10
2194,Eka Pratama,22,College Student,Jakarta,2025-10-13
2195,Joko Nugraha,16,High School Student,Padang,2025-12-05
2196,Tio Wijaya,19,College Student,Bandung,2025-08-02
2197,Vina Sari,19,College Student,Makassar,2025-04-23
2198,Putri Nugraha,28,Office Worker,Medan,2025-12-04
2199,Rian Nugraha,23,College Student,Makassar,2025-03-31
2200,Nanda Nugraha,21,College Student,Jakarta,2026-04-21
2201,Eka Saputra,29,Office Worker,Jakarta,2025-01-30
2202,Nanda Saputra,17,High School Student,Medan,2026-06-24
2203,Vina Pratama,23,College Student,Yogyakarta,2026-04-13
2204,Gita Pratama,16,High School Student,Pekanbaru,2026-01-23
2205,Citra Lestari,34,Office Worker,Semarang,2025-12-23
2206,Gita Ramadhan,29,Office Worker,Medan,2026-06-30
2207,Oki Sari,20,College Student,Jakarta,2026-04-04
2208,Putri Putra,27,Office Worker,Palembang,2026-04-16
2209,Fajar Permata,22,College Student,Palembang,2025-08-15
2210,Karin Pratama,28,Office Worker,Jakarta,2025-07-10
2211,Budi Ramadhan,31,Office Worker,Jakarta,2025-01-02
2212,Dina Wijaya,32,Office Worker,Medan,2025-04-28
2213,Gita Sari,15,High School Student,Medan,2025-11-04
2214,Putri Saputra,22,Office Worker,Semarang,2025-01-15
2215,Hadi Pratama,28,Office Worker,Surabaya,2026-02-28
2216,Joko Sari,22,College Student,Palembang,2026-04-24
2217,Putri Lestari,32,Office Worker,Semarang,2025-04-06
2218,Lina Pratama,22,College Student,Palembang,2025-02-24
2219,Maya Wijaya,24,Office Worker,Pekanbaru,2025-10-05
2220,Tio Lestari,17,High School Student,Yogyakarta,2026-02-17
2221,Nanda Saputra,26,Office Worker,Palembang,2025-09-02
2222,Eka Permata,24,College Student,Yogyakarta,2026-01-31
2223,Fajar Saputra,18,High School Student,Palembang,2026-04-16
2224,Nanda Permata,17,High School Student,Jakarta,2025-02-07
2225,Andi Wijaya,16,High School Student,Surabaya,2025-05-20
2226,Rian Saputra,19,College Student,Surabaya,2025-07-02
2227,Joko Nugraha,20,College Student,Jakarta,2025-08-01
2228,Maya Permata,23,College Student,Semarang,2025-05-06
2229,Lina Permata,20,College Student,Pekanbaru,2025-05-20
2230,Hadi Wijaya,23,College Student,Pekanbaru,2026-04-24
2231,Oki Permata,26,Office Worker,Medan,2026-06-05
2232,Salsa Ramadhan,15,High School Student,Pekanbaru,2026-04-08
2233,Lina Kurniawan,33,Office Worker,Jakarta,2025-02-01
2234,Vina Ramadhan,24,Office Worker,Jakarta,2025-08-23
2235,Vina Saputra,33,Office Worker,Semarang,2025-03-14
2236,Maya Ramadhan,20,College Student,Bandung,2026-04-17
2237,Lina Sari,34,Office Worker,Jakarta,2025-10-19
2238,Dina Sari,15,High School Student,Surabaya,2025-10-15
2239,Maya Putra,16,High School Student,Bandung,2025-08-01
2240,Tio Saputra,17,High School Student,Jakarta,2025-06-16
2241,Salsa Lestari,26,Office Worker,Medan,2025-02-18
2242,Joko Ramadhan,15,High School Student,Jakarta,2025-08-09
2243,Dina Wijaya,20,College Student,Jakarta,2026-02-06
2244,Nanda Saputra,35,Office Worker,Yogyakarta,2025-10-16
2245,Rian Saputra,35,Office Worker,Surabaya,2025-06-28
2246,Salsa Nugraha,23,College Student,Pekanbaru,2025-06-20
2247,Intan Pratama,16,High School Student,Bandung,2025-01-04
2248,Dina Lestari,22,Office Worker,Makassar,2025-12-02
2249,Gita Lestari,20,College Student,Semarang,2025-07-14
2250,Tio Putra,17,High School Student,Surabaya,2026-04-09
2251,Citra Putra,15,High School Student,Bandung,2026-04-12
2252,Salsa Nugraha,26,Office Worker,Jakarta,2025-12-10
2253,Vina Kurniawan,22,Office Worker,Yogyakarta,2025-07-27
2254,Tio Nugraha,29,Office Worker,Medan,2026-05-18
2255,Putri Lestari,28,Office Worker,Bandung,2025-05-10
2256,Maya Ramadhan,24,College Student,Makassar,2025-01-01
2257,Putri Saputra,24,College Student,Surabaya,2026-05-02
2258,Rian Pratama,23,College Student,Pekanbaru,2026-03-24
2259,Gita Saputra,22,College Student,Yogyakarta,2025-11-19
2260,Andi Permata,18,College Student,Yogyakarta,2025-01-24
2261,Joko Permata,30,Office Worker,Palembang,2026-01-12
2262,Oki Nugraha,32,Office Worker,Makassar,2025-06-05
2263,Putri Lestari,30,Office Worker,Makassar,2025-09-29
2264,Oki Pratama,22,College Student,Makassar,2025-04-03
2265,Karin Saputra,35,Office Worker,Surabaya,2026-06-08
2266,Putri Saputra,24,Office Worker,Surabaya,2025-05-01
2267,Hadi Kurniawan,18,College Student,Bandung,2026-03-28
2268,Karin Pratama,24,Office Worker,Yogyakarta,2025-11-18
2269,Andi Sari,18,High School Student,Jakarta,2025-01-31
2270,Hadi Wijaya,20,College Student,Surabaya,2026-03-10
2271,Dina Permata,17,High School Student,Jakarta,2025-05-09
2272,Tio Putra,23,College Student,Pekanbaru,2026-03-29
2273,Intan Pratama,24,College Student,Palembang,2026-03-12
2274,Salsa Pratama,25,Office Worker,Bandung,2026-05-22
2275,Nanda Permata,28,Office Worker,Semarang,2025-11-13
2276,Joko Sari,33,Office Worker,Surabaya,2026-04-09
2277,Nanda Sari,32,Office Worker,Surabaya,2025-11-24
2278,Lina Ramadhan,22,College Student,Makassar,2025-04-19
2279,Putri Nugraha,35,Office Worker,Pekanbaru,2026-06-10
2280,Karin Permata,15,High School Student,Bandung,2026-04-20
2281,Maya Putra,23,College Student,Makassar,2026-01-27
2282,Gita Lestari,23,College Student,Surabaya,2025-04-23
2283,Rian Ramadhan,24,College Student,Palembang,2025-10-13
2284,Nanda Saputra,17,High School Student,Semarang,2025-12-13
2285,Vina Nugraha,15,High School Student,Medan,2025-09-18
2286,Hadi Ramadhan,19,College Student,Padang,2025-11-03
2287,Budi Nugraha,33,Office Worker,Bandung,2025-02-03
2288,Oki Nugraha,24,College Student,Medan,2025-06-18
2289,Fajar Pratama,24,College Student,Surabaya,2025-12-11
2290,Hadi Wijaya,17,High School Student,Pekanbaru,2025-05-26
2291,Eka Sari,32,Office Worker,Palembang,2026-06-16
2292,Tio Lestari,22,College Student,Palembang,2026-06-22
2293,Maya Ramadhan,15,High School Student,Yogyakarta,2025-09-03
2294,Eka Sari,24,College Student,Jakarta,2025-12-07
2295,Joko Wijaya,17,High School Student,Jakarta,2025-03-22
2296,Maya Saputra,17,High School Student,Bandung,2025-07-10
2297,Dina Wijaya,18,High School Student,Makassar,2025-10-10
2298,Oki Permata,17,High School Student,Yogyakarta,2026-05-04
2299,Dina Ramadhan,17,High School Student,Makassar,2025-02-04
2300,Eka Sari,23,College Student,Bandung,2025-10-21
2301,Citra Sari,23,Office Worker,Pekanbaru,2025-02-11
2302,Lina Wijaya,23,College Student,Pekanbaru,2025-06-19
2303,Fajar Putra,19,College Student,Pekanbaru,2026-01-29
2304,Fajar Lestari,20,College Student,Semarang,2025-07-07
2305,Citra Nugraha,35,Office Worker,Surabaya,2025-10-23
2306,Intan Putra,21,College Student,Palembang,2026-01-20
2307,Putri Ramadhan,18,High School Student,Yogyakarta,2025-03-05
2308,Putri Kurniawan,27,Office Worker,Bandung,2025-03-22
2309,Salsa Kurniawan,15,High School Student,Makassar,2025-07-04
2310,Joko Lestari,19,College Student,Padang,2026-04-06
2311,Fajar Kurniawan,19,College Student,Semarang,2025-12-11
2312,Lina Permata,28,Office Worker,Semarang,2026-06-22
2313,Eka Saputra,21,College Student,Pekanbaru,2025-08-26
2314,Tio Pratama,23,Office Worker,Surabaya,2025-10-23
2315,Dina Saputra,23,Office Worker,Palembang,2026-05-02
2316,Lina Saputra,17,High School Student,Jakarta,2026-01-04
2317,Rian Lestari,21,College Student,Makassar,2025-10-26
2318,Budi Permata,23,College Student,Jakarta,2025-03-31
2319,Fajar Sari,20,College Student,Bandung,2026-03-16
2320,Gita Sari,23,College Student,Makassar,2026-06-13
2321,Oki Permata,26,Office Worker,Jakarta,2025-03-29
2322,Lina Nugraha,26,Office Worker,Jakarta,2025-01-24
2323,Nanda Wijaya,23,Office Worker,Yogyakarta,2025-11-28
2324,Rian Putra,22,College Student,Bandung,2025-02-27
2325,Gita Kurniawan,32,Office Worker,Jakarta,2026-04-09
2326,Nanda Lestari,23,Office Worker,Bandung,2025-07-08
2327,Vina Nugraha,28,Office Worker,Makassar,2026-04-09
2328,Maya Kurniawan,15,High School Student,Bandung,2025-08-10
2329,Gita Pratama,30,Office Worker,Semarang,2025-12-19
2330,Joko Ramadhan,15,High School Student,Surabaya,2025-02-20
2331,Oki Kurniawan,18,College Student,Bandung,2025-03-29
2332,Maya Sari,17,High School Student,Jakarta,2025-08-10
2333,Andi Kurniawan,30,Office Worker,Makassar,2026-05-03
2334,Citra Kurniawan,27,Office Worker,Padang,2025-06-16
2335,Vina Kurniawan,15,High School Student,Jakarta,2025-04-11
2336,Oki Putra,19,College Student,Jakarta,2026-02-28
2337,Gita Permata,21,College Student,Medan,2026-06-09
2338,Vina Pratama,23,College Student,Pekanbaru,2025-05-27
2339,Dina Lestari,18,High School Student,Jakarta,2025-09-19
2340,Tio Nugraha,21,College Student,Bandung,2025-05-26
2341,Putri Wijaya,23,Office Worker,Yogyakarta,2026-05-03
2342,Karin Kurniawan,18,High School Student,Medan,2026-06-05
2343,Oki Wijaya,16,High School Student,Jakarta,2025-03-22
2344,Nanda Putra,20,College Student,Jakarta,2025-05-06
2345,Fajar Nugraha,35,Office Worker,Medan,2025-05-19
2346,Rian Saputra,25,Office Worker,Jakarta,2025-05-19
2347,Karin Permata,30,Office Worker,Jakarta,2025-03-13
2348,Fajar Sari,19,College Student,Semarang,2025-09-02
2349,Rian Putra,18,College Student,Padang,2025-07-29
2350,Andi Kurniawan,18,High School Student,Padang,2025-07-13
2351,Oki Permata,33,Office Worker,Pekanbaru,2026-06-22
2352,Lina Sari,35,Office Worker,Yogyakarta,2025-11-28
2353,Oki Kurniawan,26,Office Worker,Jakarta,2026-05-26
2354,Putri Saputra,28,Office Worker,Jakarta,2025-10-20
2355,Oki Sari,29,Office Worker,Jakarta,2025-02-05
2356,Maya Sari,17,High School Student,Makassar,2026-06-12
2357,Rian Lestari,26,Office Worker,Pekanbaru,2025-03-19
2358,Andi Nugraha,18,High School Student,Jakarta,2025-01-21
2359,Hadi Pratama,19,College Student,Bandung,2025-09-02
2360,Gita Saputra,17,High School Student,Semarang,2026-01-30
2361,Gita Sari,18,High School Student,Jakarta,2025-02-23
2362,Intan Ramadhan,18,College Student,Semarang,2025-04-03
2363,Dina Sari,19,College Student,Makassar,2025-10-20
2364,Gita Permata,20,College Student,Jakarta,2026-01-11
2365,Salsa Kurniawan,18,College Student,Jakarta,2025-06-25
2366,Nanda Putra,18,High School Student,Jakarta,2025-07-09
2367,Nanda Nugraha,17,High School Student,Jakarta,2025-07-11
2368,Rian Kurniawan,24,College Student,Palembang,2025-03-09
2369,Nanda Lestari,22,College Student,Jakarta,2025-11-20
2370,Eka Lestari,32,Office Worker,Medan,2025-06-04
2371,Fajar Lestari,22,Office Worker,Padang,2026-03-30
2372,Karin Lestari,29,Office Worker,Makassar,2025-08-14
2373,Fajar Lestari,23,Office Worker,Medan,2025-08-21
2374,Nanda Permata,18,College Student,Jakarta,2026-05-23
2375,Citra Sari,23,Office Worker,Bandung,2025-04-14
2376,Budi Sari,24,College Student,Palembang,2026-04-11
2377,Rian Lestari,22,College Student,Jakarta,2026-03-04
2378,Intan Pratama,26,Office Worker,Bandung,2026-03-18
2379,Hadi Kurniawan,18,College Student,Makassar,2025-05-06
2380,Intan Putra,30,Office Worker,Jakarta,2025-02-05
2381,Putri Permata,23,Office Worker,Jakarta,2025-08-26
2382,Gita Pratama,23,Office Worker,Yogyakarta,2025-08-30
2383,Gita Ramadhan,24,Office Worker,Jakarta,2025-05-13
2384,Eka Pratama,24,College Student,Jakarta,2025-08-15
2385,Hadi Lestari,20,College Student,Jakarta,2026-02-07
2386,Andi Pratama,20,College Student,Semarang,2026-01-31
2387,Citra Putra,18,College Student,Makassar,2025-03-31
2388,Putri Putra,35,Office Worker,Pekanbaru,2025-09-12
2389,Gita Nugraha,35,Office Worker,Jakarta,2025-03-24
2390,Oki Putra,35,Office Worker,Jakarta,2026-05-15
2391,Budi Putra,23,College Student,Padang,2025-11-05
2392,Budi Lestari,17,High School Student,Semarang,2026-06-16
2393,Eka Permata,18,College Student,Palembang,2025-03-25
2394,Oki Pratama,16,High School Student,Pekanbaru,2025-01-27
2395,Andi Saputra,34,Office Worker,Makassar,2026-01-14
2396,Oki Kurniawan,21,College Student,Jakarta,2025-11-26
2397,Lina Nugraha,15,High School Student,Jakarta,2026-01-28
2398,Budi Sari,15,High School Student,Yogyakarta,2025-08-05
2399,Gita Nugraha,22,Office Worker,Bandung,2026-01-16
2400,Intan Saputra,33,Office Worker,Surabaya,2026-05-23
2401,Dina Saputra,19,College Student,Pekanbaru,2025-10-10
2402,Andi Kurniawan,16,High School Student,Surabaya,2025-08-02
2403,Lina Nugraha,19,College Student,Bandung,2025-06-05
2404,Citra Permata,20,College Student,Makassar,2026-06-14
2405,Rian Wijaya,23,Office Worker,Jakarta,2025-06-08
2406,Karin Putra,32,Office Worker,Medan,2025-02-10
2407,Lina Saputra,20,College Student,Jakarta,2026-05-20
2408,Salsa Kurniawan,18,High School Student,Yogyakarta,2026-06-03
2409,Eka Nugraha,31,Office Worker,Jakarta,2025-01-05
2410,Rian Ramadhan,19,College Student,Yogyakarta,2025-01-21
2411,Nanda Sari,29,Office Worker,Jakarta,2025-08-30
2412,Nanda Permata,18,High School Student,Medan,2025-04-16
2413,Salsa Pratama,23,College Student,Semarang,2025-12-09
2414,Lina Ramadhan,18,High School Student,Bandung,2026-02-21
2415,Intan Lestari,21,College Student,Surabaya,2025-02-07
2416,Salsa Pratama,32,Office Worker,Palembang,2025-12-02
2417,Tio Permata,21,College Student,Jakarta,2026-04-18
2418,Putri Sari,17,High School Student,Makassar,2025-04-23
2419,Intan Putra,15,High School Student,Jakarta,2025-09-08
2420,Gita Lestari,20,College Student,Semarang,2025-12-11
2421,Hadi Putra,17,High School Student,Yogyakarta,2025-03-12
2422,Rian Kurniawan,18,High School Student,Surabaya,2025-09-21
2423,Budi Sari,35,Office Worker,Jakarta,2026-01-19
2424,Maya Nugraha,18,College Student,Jakarta,2026-01-26
2425,Dina Pratama,22,College Student,Makassar,2026-04-18
2426,Rian Wijaya,34,Office Worker,Semarang,2026-05-26
2427,Rian Putra,16,High School Student,Medan,2025-05-14
2428,Citra Lestari,26,Office Worker,Bandung,2026-01-24
2429,Budi Ramadhan,18,College Student,Jakarta,2025-03-02
2430,Dina Permata,31,Office Worker,Palembang,2026-04-15
2431,Budi Saputra,22,Office Worker,Makassar,2025-12-17
2432,Karin Ramadhan,25,Office Worker,Jakarta,2025-02-27
2433,Eka Kurniawan,24,Office Worker,Semarang,2025-07-04
2434,Vina Nugraha,20,College Student,Jakarta,2025-07-22
2435,Rian Saputra,29,Office Worker,Yogyakarta,2025-02-01
2436,Citra Nugraha,21,College Student,Surabaya,2025-06-18
2437,Vina Lestari,21,College Student,Semarang,2025-01-22
2438,Tio Kurniawan,24,College Student,Makassar,2025-03-20
2439,Rian Ramadhan,24,College Student,Palembang,2025-05-16
2440,Gita Lestari,17,High School Student,Makassar,2025-10-29
2441,Dina Lestari,24,College Student,Bandung,2026-01-22
2442,Citra Putra,24,College Student,Makassar,2026-06-26
2443,Intan Pratama,29,Office Worker,Yogyakarta,2025-10-11
2444,Oki Lestari,35,Office Worker,Jakarta,2025-11-25
2445,Gita Pratama,19,College Student,Medan,2026-04-05
2446,Gita Nugraha,24,College Student,Makassar,2025-06-02
2447,Putri Kurniawan,19,College Student,Jakarta,2026-05-02
2448,Hadi Ramadhan,16,High School Student,Medan,2025-07-10
2449,Budi Putra,18,High School Student,Semarang,2025-02-21
2450,Nanda Permata,24,College Student,Jakarta,2025-12-07
2451,Oki Sari,20,College Student,Semarang,2026-06-09
2452,Vina Putra,27,Office Worker,Surabaya,2025-01-17
2453,Karin Saputra,20,College Student,Bandung,2025-08-30
2454,Intan Ramadhan,24,College Student,Pekanbaru,2025-12-06
2455,Andi Wijaya,20,College Student,Pekanbaru,2026-02-15
2456,Joko Nugraha,17,High School Student,Yogyakarta,2025-10-21
2457,Lina Sari,23,College Student,Palembang,2025-01-28
2458,Andi Kurniawan,22,Office Worker,Medan,2026-02-14
2459,Maya Wijaya,23,College Student,Palembang,2025-12-25
2460,Gita Lestari,18,College Student,Semarang,2026-02-20
2461,Putri Putra,26,Office Worker,Makassar,2025-07-01
2462,Tio Sari,22,Office Worker,Semarang,2025-12-06
2463,Dina Lestari,31,Office Worker,Pekanbaru,2025-12-19
2464,Andi Pratama,19,College Student,Surabaya,2025-03-10
2465,Maya Wijaya,27,Office Worker,Makassar,2026-04-22
2466,Maya Kurniawan,16,High School Student,Yogyakarta,2025-11-21
2467,Eka Sari,19,College Student,Jakarta,2026-05-09
2468,Andi Saputra,15,High School Student,Semarang,2025-10-22
2469,Karin Permata,19,College Student,Padang,2025-07-28
2470,Intan Nugraha,21,College Student,Jakarta,2025-06-06
2471,Eka Kurniawan,18,High School Student,Pekanbaru,2025-03-16
2472,Hadi Saputra,25,Office Worker,Jakarta,2025-10-14
2473,Gita Pratama,22,Office Worker,Semarang,2025-08-19
2474,Karin Kurniawan,35,Office Worker,Bandung,2025-09-28
2475,Citra Saputra,23,College Student,Jakarta,2025-03-24
2476,Vina Permata,24,Office Worker,Jakarta,2025-09-22
2477,Citra Saputra,15,High School Student,Padang,2025-09-26
2478,Eka Permata,33,Office Worker,Jakarta,2025-10-28
2479,Eka Putra,18,High School Student,Yogyakarta,2025-03-31
2480,Putri Saputra,23,Office Worker,Jakarta,2025-12-26
2481,Putri Pratama,21,College Student,Yogyakarta,2025-10-27
2482,Hadi Nugraha,23,Office Worker,Padang,2025-01-02
2483,Budi Putra,23,Office Worker,Makassar,2026-02-17
2484,Eka Lestari,17,High School Student,Bandung,2025-06-25
2485,Oki Lestari,18,College Student,Jakarta,2025-05-05
2486,Citra Sari,31,Office Worker,Palembang,2025-06-27
2487,Dina Lestari,19,College Student,Semarang,2025-01-05
2488,Lina Ramadhan,27,Office Worker,Surabaya,2025-04-27
2489,Andi Saputra,20,College Student,Jakarta,2026-03-07
2490,Nanda Putra,19,College Student,Medan,2026-01-25
2491,Gita Lestari,22,College Student,Bandung,2026-04-24
2492,Intan Saputra,15,High School Student,Surabaya,2026-04-16
2493,Hadi Ramadhan,29,Office Worker,Padang,2025-12-16
2494,Andi Permata,22,College Student,Semarang,2025-03-25
2495,Budi Sari,21,College Student,Makassar,2025-08-15
2496,Putri Ramadhan,18,College Student,Jakarta,2026-03-29
2497,Dina Nugraha,21,College Student,Palembang,2026-03-23
2498,Rian Permata,35,Office Worker,Bandung,2025-04-21
2499,Citra Kurniawan,23,Office Worker,Bandung,2025-11-19
2500,Oki Permata,20,College Student,Palembang,2026-06-08
2501,Citra Permata,26,Office Worker,Yogyakarta,2026-06-23
2502,Hadi Nugraha,33,Office Worker,Makassar,2025-04-15
2503,Maya Pratama,19,College Student,Yogyakarta,2025-03-27
2504,Lina Permata,34,Office Worker,Jakarta,2026-05-18
2505,Salsa Wijaya,15,High School Student,Bandung,2026-05-21
2506,Intan Sari,16,High School Student,Yogyakarta,2025-06-05
2507,Tio Nugraha,27,Office Worker,Padang,2026-05-11
2508,Tio Lestari,24,College Student,Bandung,2026-01-21
2509,Vina Putra,25,Office Worker,Medan,2026-04-08
2510,Citra Wijaya,28,Office Worker,Makassar,2026-06-27
2511,Karin Putra,17,High School Student,Semarang,2025-04-23
2512,Maya Lestari,31,Office Worker,Medan,2026-03-22
2513,Joko Saputra,20,College Student,Makassar,2025-10-14
2514,Lina Sari,24,College Student,Yogyakarta,2025-07-20
2515,Karin Lestari,25,Office Worker,Jakarta,2026-01-14
2516,Citra Sari,34,Office Worker,Jakarta,2026-05-28
2517,Dina Putra,15,High School Student,Pekanbaru,2025-09-22
2518,Hadi Ramadhan,18,College Student,Surabaya,2025-07-07
2519,Maya Wijaya,28,Office Worker,Yogyakarta,2025-12-23
2520,Fajar Ramadhan,29,Office Worker,Makassar,2025-08-29
2521,Tio Permata,29,Office Worker,Bandung,2025-07-12
2522,Oki Saputra,16,High School Student,Yogyakarta,2025-04-20
2523,Oki Pratama,18,College Student,Padang,2026-05-14
2524,Budi Sari,23,College Student,Surabaya,2025-03-06
2525,Putri Nugraha,32,Office Worker,Yogyakarta,2025-03-06
2526,Putri Kurniawan,21,College Student,Pekanbaru,2025-11-13
2527,Tio Saputra,17,High School Student,Palembang,2025-04-05
2528,Oki Permata,26,Office Worker,Jakarta,2026-04-04
2529,Budi Sari,16,High School Student,Pekanbaru,2026-01-30
2530,Joko Ramadhan,26,Office Worker,Surabaya,2025-07-15
2531,Eka Saputra,28,Office Worker,Padang,2025-02-08
2532,Dina Pratama,35,Office Worker,Bandung,2025-05-29
2533,Salsa Permata,18,College Student,Palembang,2026-01-11
2534,Fajar Permata,17,High School Student,Jakarta,2026-01-01
2535,Vina Lestari,30,Office Worker,Jakarta,2026-04-01
2536,Joko Saputra,25,Office Worker,Jakarta,2025-10-03
2537,Intan Lestari,31,Office Worker,Yogyakarta,2026-05-25
2538,Tio Ramadhan,16,High School Student,Jakarta,2025-08-26
2539,Nanda Kurniawan,31,Office Worker,Semarang,2026-02-09
2540,Hadi Sari,25,Office Worker,Jakarta,2025-06-12
2541,Nanda Putra,27,Office Worker,Pekanbaru,2025-11-16
2542,Putri Permata,29,Office Worker,Yogyakarta,2025-03-10
2543,Fajar Nugraha,35,Office Worker,Bandung,2025-04-19
2544,Lina Saputra,30,Office Worker,Jakarta,2025-06-29
2545,Hadi Wijaya,15,High School Student,Bandung,2025-05-12
2546,Nanda Nugraha,18,College Student,Semarang,2026-06-03
2547,Intan Kurniawan,15,High School Student,Bandung,2026-03-31
2548,Nanda Nugraha,20,College Student,Padang,2026-02-12
2549,Budi Sari,24,College Student,Jakarta,2025-07-04
2550,Putri Sari,15,High School Student,Medan,2026-04-02
2551,Lina Putra,20,College Student,Palembang,2026-05-20
2552,Putri Nugraha,17,High School Student,Jakarta,2026-05-25
2553,Andi Permata,31,Office Worker,Yogyakarta,2025-10-17
2554,Dina Wijaya,33,Office Worker,Makassar,2025-09-02
2555,Tio Nugraha,15,High School Student,Jakarta,2025-02-07
2556,Budi Ramadhan,24,Office Worker,Semarang,2025-04-25
2557,Hadi Pratama,24,College Student,Surabaya,2026-05-13
2558,Eka Saputra,22,College Student,Palembang,2025-12-03
2559,Lina Nugraha,16,High School Student,Surabaya,2026-04-04
2560,Joko Kurniawan,18,College Student,Yogyakarta,2025-04-29
2561,Vina Putra,35,Office Worker,Surabaya,2025-02-25
2562,Andi Putra,32,Office Worker,Yogyakarta,2026-02-28
2563,Fajar Putra,18,High School Student,Yogyakarta,2025-04-30
2564,Karin Wijaya,16,High School Student,Jakarta,2025-02-19
2565,Oki Putra,19,College Student,Jakarta,2025-12-31
2566,Eka Lestari,22,College Student,Yogyakarta,2026-01-08
2567,Putri Nugraha,17,High School Student,Surabaya,2025-12-28
2568,Gita Ramadhan,18,College Student,Makassar,2025-03-23
2569,Intan Sari,34,Office Worker,Makassar,2025-02-17
2570,Citra Nugraha,25,Office Worker,Semarang,2025-08-26
2571,Karin Lestari,20,College Student,Padang,2026-01-17
2572,Budi Pratama,25,Office Worker,Jakarta,2026-01-24
2573,Budi Putra,22,College Student,Makassar,2025-12-01
2574,Eka Saputra,22,College Student,Jakarta,2025-07-06
2575,Tio Pratama,16,High School Student,Surabaya,2025-04-30
2576,Karin Permata,33,Office Worker,Surabaya,2025-12-23
2577,Salsa Permata,33,Office Worker,Makassar,2025-12-29
2578,Hadi Saputra,25,Office Worker,Jakarta,2025-06-12
2579,Rian Wijaya,18,College Student,Makassar,2025-01-08
2580,Gita Ramadhan,28,Office Worker,Medan,2025-11-13
2581,Citra Wijaya,15,High School Student,Jakarta,2025-01-27
2582,Joko Putra,23,Office Worker,Semarang,2025-10-03
2583,Putri Sari,18,College Student,Jakarta,2026-04-17
2584,Eka Permata,18,College Student,Bandung,2026-04-22
2585,Fajar Kurniawan,18,College Student,Yogyakarta,2025-06-27
2586,Fajar Putra,27,Office Worker,Jakarta,2025-12-26
2587,Rian Ramadhan,18,High School Student,Surabaya,2025-08-24
2588,Nanda Saputra,23,Office Worker,Surabaya,2025-02-02
2589,Tio Ramadhan,18,High School Student,Pekanbaru,2026-06-25
2590,Salsa Permata,25,Office Worker,Yogyakarta,2026-06-29
2591,Eka Ramadhan,27,Office Worker,Bandung,2025-04-10
2592,Oki Ramadhan,26,Office Worker,Bandung,2025-11-26
2593,Hadi Kurniawan,20,College Student,Bandung,2025-03-06
2594,Fajar Ramadhan,23,College Student,Surabaya,2025-05-02
2595,Budi Permata,17,High School Student,Padang,2026-04-21
2596,Andi Pratama,26,Office Worker,Jakarta,2025-05-07
2597,Andi Sari,19,College Student,Yogyakarta,2025-07-05
2598,Putri Pratama,24,College Student,Makassar,2025-04-01
2599,Putri Ramadhan,20,College Student,Yogyakarta,2025-02-15
2600,Salsa Ramadhan,15,High School Student,Jakarta,2025-01-25
2601,Citra Putra,35,Office Worker,Padang,2025-12-15
2602,Dina Sari,18,High School Student,Yogyakarta,2026-03-11
2603,Dina Pratama,29,Office Worker,Surabaya,2025-11-26
2604,Eka Kurniawan,20,College Student,Makassar,2025-10-21
2605,Nanda Kurniawan,15,High School Student,Makassar,2025-09-03
2606,Lina Putra,24,College Student,Jakarta,2025-06-15
2607,Salsa Putra,15,High School Student,Padang,2025-09-14
2608,Tio Ramadhan,20,College Student,Jakarta,2025-12-18
2609,Gita Ramadhan,34,Office Worker,Bandung,2025-07-08
2610,Eka Permata,16,High School Student,Yogyakarta,2025-10-02
2611,Salsa Kurniawan,34,Office Worker,Makassar,2025-02-03
2612,Nanda Sari,16,High School Student,Makassar,2026-05-05
2613,Vina Nugraha,18,High School Student,Jakarta,2026-05-14
2614,Karin Saputra,28,Office Worker,Makassar,2025-09-02
2615,Dina Permata,24,College Student,Yogyakarta,2025-09-11
2616,Maya Permata,15,High School Student,Yogyakarta,2025-04-19
2617,Gita Sari,22,College Student,Makassar,2025-11-19
2618,Budi Nugraha,21,College Student,Padang,2025-04-24
2619,Salsa Nugraha,29,Office Worker,Bandung,2026-04-30
2620,Fajar Wijaya,23,College Student,Jakarta,2025-10-05
2621,Oki Nugraha,25,Office Worker,Jakarta,2025-01-29
2622,Vina Lestari,25,Office Worker,Palembang,2026-02-02
2623,Intan Putra,21,College Student,Surabaya,2025-08-10
2624,Lina Sari,35,Office Worker,Padang,2025-11-14
2625,Karin Pratama,21,College Student,Jakarta,2025-09-28
2626,Intan Ramadhan,23,Office Worker,Makassar,2026-02-02
2627,Maya Wijaya,15,High School Student,Jakarta,2026-03-27
2628,Eka Sari,22,Office Worker,Medan,2025-12-09
2629,Rian Pratama,21,College Student,Medan,2026-01-16
2630,Intan Sari,24,College Student,Jakarta,2026-01-11
2631,Rian Nugraha,33,Office Worker,Palembang,2025-12-06
2632,Hadi Putra,30,Office Worker,Padang,2025-01-07
2633,Budi Sari,18,High School Student,Padang,2025-09-30
2634,Joko Nugraha,15,High School Student,Yogyakarta,2025-10-15
2635,Putri Kurniawan,33,Office Worker,Bandung,2025-07-03
2636,Tio Pratama,31,Office Worker,Yogyakarta,2025-07-05
2637,Maya Permata,22,Office Worker,Yogyakarta,2026-04-25
2638,Gita Pratama,26,Office Worker,Yogyakarta,2025-09-14
2639,Budi Nugraha,28,Office Worker,Surabaya,2026-05-19
2640,Nanda Pratama,34,Office Worker,Jakarta,2025-04-20
2641,Lina Permata,24,College Student,Medan,2025-05-28
2642,Lina Wijaya,16,High School Student,Bandung,2025-08-02
2643,Budi Nugraha,27,Office Worker,Jakarta,2026-03-13
2644,Oki Lestari,32,Office Worker,Bandung,2025-11-30
2645,Salsa Sari,16,High School Student,Medan,2026-03-05
2646,Budi Sari,21,College Student,Jakarta,2025-04-06
2647,Gita Putra,24,Office Worker,Makassar,2025-02-17
2648,Gita Lestari,21,College Student,Palembang,2025-10-05
2649,Nanda Kurniawan,22,College Student,Jakarta,2025-07-22
2650,Budi Saputra,18,College Student,Yogyakarta,2025-07-18
2651,Oki Lestari,17,High School Student,Makassar,2026-05-23
2652,Citra Pratama,21,College Student,Bandung,2025-11-25
2653,Intan Wijaya,22,College Student,Jakarta,2025-05-04
2654,Rian Ramadhan,16,High School Student,Surabaya,2025-07-19
2655,Vina Pratama,25,Office Worker,Yogyakarta,2025-03-16
2656,Putri Permata,22,College Student,Jakarta,2025-06-06
2657,Hadi Sari,22,Office Worker,Yogyakarta,2025-05-14
2658,Lina Pratama,28,Office Worker,Semarang,2025-11-08
2659,Lina Kurniawan,18,High School Student,Palembang,2025-04-30
2660,Fajar Saputra,27,Office Worker,Medan,2025-01-12
2661,Tio Sari,22,College Student,Surabaya,2026-06-29
2662,Citra Wijaya,33,Office Worker,Jakarta,2025-04-30
2663,Eka Wijaya,15,High School Student,Surabaya,2025-03-24
2664,Tio Nugraha,25,Office Worker,Palembang,2025-08-16
2665,Nanda Nugraha,33,Office Worker,Makassar,2025-07-05
2666,Putri Kurniawan,24,College Student,Yogyakarta,2025-07-30
2667,Andi Pratama,16,High School Student,Jakarta,2025-02-12
2668,Karin Kurniawan,26,Office Worker,Jakarta,2026-05-24
2669,Dina Saputra,32,Office Worker,Yogyakarta,2025-03-14
2670,Intan Ramadhan,24,College Student,Makassar,2025-01-19
2671,Eka Permata,25,Office Worker,Jakarta,2025-06-14
2672,Eka Putra,20,College Student,Semarang,2025-09-24
2673,Salsa Nugraha,23,Office Worker,Surabaya,2026-03-16
2674,Tio Sari,18,High School Student,Surabaya,2025-05-08
2675,Citra Ramadhan,32,Office Worker,Palembang,2026-03-29
2676,Salsa Ramadhan,19,College Student,Yogyakarta,2025-10-28
2677,Fajar Putra,23,College Student,Bandung,2025-11-14
2678,Eka Pratama,15,High School Student,Semarang,2025-02-03
2679,Hadi Kurniawan,18,High School Student,Palembang,2025-04-08
2680,Andi Nugraha,22,College Student,Padang,2025-07-29
2681,Fajar Permata,19,College Student,Palembang,2025-11-12
2682,Nanda Saputra,26,Office Worker,Jakarta,2025-11-16
2683,Dina Sari,15,High School Student,Jakarta,2026-03-11
2684,Fajar Wijaya,24,College Student,Pekanbaru,2025-09-13
2685,Intan Permata,18,College Student,Padang,2026-02-09
2686,Karin Nugraha,16,High School Student,Jakarta,2026-03-30
2687,Nanda Wijaya,15,High School Student,Padang,2025-07-08
2688,Hadi Sari,20,College Student,Semarang,2026-01-23
2689,Gita Putra,19,College Student,Pekanbaru,2025-05-23
2690,Citra Wijaya,18,College Student,Padang,2025-08-10
2691,Salsa Pratama,21,College Student,Semarang,2026-03-16
2692,Eka Permata,23,College Student,Jakarta,2026-06-16
2693,Putri Saputra,15,High School Student,Medan,2025-10-07
2694,Rian Wijaya,20,College Student,Jakarta,2025-09-05
2695,Fajar Saputra,22,Office Worker,Padang,2025-04-26
2696,Oki Sari,19,College Student,Pekanbaru,2026-02-09
2697,Gita Wijaya,35,Office Worker,Jakarta,2025-09-12
2698,Rian Kurniawan,23,College Student,Jakarta,2025-10-24
2699,Karin Nugraha,26,Office Worker,Jakarta,2026-06-09
2700,Budi Putra,22,Office Worker,Pekanbaru,2025-11-30
2701,Lina Lestari,18,College Student,Jakarta,2025-03-12
2702,Joko Permata,32,Office Worker,Bandung,2025-02-28
2703,Karin Lestari,18,High School Student,Semarang,2025-02-20
2704,Gita Nugraha,18,High School Student,Bandung,2025-01-16
2705,Tio Lestari,25,Office Worker,Surabaya,2026-05-19
2706,Hadi Saputra,27,Office Worker,Makassar,2025-02-20
2707,Andi Nugraha,16,High School Student,Yogyakarta,2025-05-08
2708,Karin Permata,19,College Student,Bandung,2025-06-19
2709,Karin Lestari,16,High School Student,Pekanbaru,2025-06-29
2710,Oki Sari,23,College Student,Palembang,2025-11-24
2711,Oki Kurniawan,22,Office Worker,Makassar,2025-10-28
2712,Putri Ramadhan,19,College Student,Pekanbaru,2025-09-08
2713,Karin Pratama,18,College Student,Pekanbaru,2026-06-02
2714,Oki Putra,20,College Student,Makassar,2025-09-19
2715,Budi Permata,17,High School Student,Jakarta,2025-04-01
2716,Tio Ramadhan,24,College Student,Palembang,2025-07-13
2717,Salsa Nugraha,32,Office Worker,Medan,2025-11-25
2718,Karin Kurniawan,28,Office Worker,Makassar,2025-03-05
2719,Citra Saputra,23,Office Worker,Makassar,2025-10-21
2720,Salsa Kurniawan,16,High School Student,Jakarta,2025-08-14
2721,Salsa Wijaya,27,Office Worker,Bandung,2026-03-21
2722,Oki Pratama,28,Office Worker,Bandung,2025-11-30
2723,Salsa Saputra,24,Office Worker,Jakarta,2025-03-04
2724,Karin Saputra,22,College Student,Padang,2026-05-12
2725,Citra Permata,21,College Student,Padang,2026-06-16
2726,Salsa Nugraha,23,College Student,Pekanbaru,2026-04-04
2727,Nanda Kurniawan,18,High School Student,Palembang,2025-11-29
2728,Lina Kurniawan,17,High School Student,Jakarta,2025-09-02
2729,Gita Putra,17,High School Student,Palembang,2025-03-05
2730,Citra Ramadhan,24,College Student,Makassar,2025-09-23
2731,Andi Wijaya,25,Office Worker,Medan,2025-06-11
2732,Karin Saputra,22,College Student,Jakarta,2025-02-14
2733,Gita Kurniawan,17,High School Student,Jakarta,2025-01-25
2734,Dina Sari,26,Office Worker,Bandung,2025-10-27
2735,Joko Saputra,22,Office Worker,Semarang,2025-08-13
2736,Putri Wijaya,31,Office Worker,Bandung,2025-03-15
2737,Citra Putra,25,Office Worker,Yogyakarta,2025-04-26
2738,Tio Kurniawan,24,College Student,Yogyakarta,2025-06-01
2739,Tio Pratama,34,Office Worker,Medan,2025-04-01
2740,Maya Saputra,18,High School Student,Surabaya,2025-10-16
2741,Dina Saputra,24,College Student,Pekanbaru,2025-04-02
2742,Dina Permata,16,High School Student,Yogyakarta,2026-01-22
2743,Vina Pratama,16,High School Student,Jakarta,2026-02-19
2744,Karin Sari,15,High School Student,Makassar,2026-06-25
2745,Budi Wijaya,23,Office Worker,Palembang,2025-06-21
2746,Hadi Sari,31,Office Worker,Surabaya,2026-01-07
2747,Vina Permata,23,College Student,Padang,2026-05-13
2748,Putri Nugraha,18,High School Student,Surabaya,2025-08-24
2749,Eka Sari,32,Office Worker,Medan,2025-02-11
2750,Rian Wijaya,29,Office Worker,Pekanbaru,2025-05-29
2751,Salsa Lestari,24,College Student,Jakarta,2026-04-23
2752,Fajar Ramadhan,22,Office Worker,Jakarta,2025-04-30
2753,Rian Ramadhan,18,College Student,Bandung,2026-06-13
2754,Joko Saputra,21,College Student,Medan,2026-06-25
2755,Vina Ramadhan,31,Office Worker,Surabaya,2025-02-17
2756,Tio Wijaya,21,College Student,Semarang,2026-01-21
2757,Lina Wijaya,23,College Student,Bandung,2025-05-08
2758,Putri Permata,29,Office Worker,Jakarta,2026-05-17
2759,Vina Permata,34,Office Worker,Jakarta,2026-03-23
2760,Dina Sari,16,High School Student,Jakarta,2025-02-08
2761,Lina Saputra,15,High School Student,Jakarta,2026-04-18
2762,Putri Sari,18,High School Student,Yogyakarta,2025-05-13
2763,Tio Pratama,24,Office Worker,Semarang,2025-04-29
2764,Intan Nugraha,23,College Student,Makassar,2025-11-20
2765,Rian Pratama,16,High School Student,Jakarta,2025-02-21
2766,Rian Kurniawan,25,Office Worker,Yogyakarta,2025-05-16
2767,Maya Putra,21,College Student,Semarang,2026-02-08
2768,Karin Ramadhan,16,High School Student,Palembang,2025-06-18
2769,Fajar Permata,24,College Student,Surabaya,2026-06-01
2770,Joko Wijaya,25,Office Worker,Surabaya,2025-12-26
2771,Citra Lestari,18,High School Student,Yogyakarta,2025-08-25
2772,Gita Nugraha,24,College Student,Semarang,2025-03-09
2773,Hadi Nugraha,31,Office Worker,Palembang,2025-05-30
2774,Lina Permata,18,College Student,Jakarta,2026-04-26
2775,Tio Saputra,21,College Student,Jakarta,2026-02-19
2776,Citra Sari,24,College Student,Makassar,2025-08-09
2777,Hadi Nugraha,16,High School Student,Medan,2025-09-18
2778,Rian Wijaya,16,High School Student,Yogyakarta,2025-09-23
2779,Dina Lestari,24,College Student,Surabaya,2026-04-04
2780,Maya Permata,18,High School Student,Yogyakarta,2025-02-25
2781,Lina Pratama,15,High School Student,Jakarta,2026-02-12
2782,Intan Lestari,25,Office Worker,Jakarta,2026-04-14
2783,Oki Permata,23,Office Worker,Medan,2025-08-31
2784,Budi Kurniawan,30,Office Worker,Pekanbaru,2026-05-29
2785,Nanda Permata,26,Office Worker,Surabaya,2025-06-18
2786,Dina Ramadhan,17,High School Student,Semarang,2026-03-09
2787,Eka Putra,25,Office Worker,Padang,2025-10-12
2788,Rian Permata,16,High School Student,Makassar,2026-03-30
2789,Rian Wijaya,31,Office Worker,Jakarta,2025-07-07
2790,Andi Nugraha,22,Office Worker,Jakarta,2025-10-23
2791,Rian Ramadhan,28,Office Worker,Makassar,2026-06-07
2792,Citra Ramadhan,29,Office Worker,Palembang,2026-01-17
2793,Vina Ramadhan,24,College Student,Palembang,2025-12-09
2794,Budi Permata,24,College Student,Jakarta,2025-08-11
2795,Maya Sari,18,College Student,Makassar,2025-12-01
2796,Rian Ramadhan,22,College Student,Yogyakarta,2026-04-02
2797,Karin Wijaya,18,High School Student,Yogyakarta,2026-03-24
2798,Putri Putra,35,Office Worker,Makassar,2025-12-03
2799,Andi Lestari,28,Office Worker,Pekanbaru,2025-12-21
2800,Budi Wijaya,15,High School Student,Surabaya,2025-12-22
2801,Nanda Wijaya,26,Office Worker,Padang,2025-08-20
2802,Intan Sari,23,Office Worker,Yogyakarta,2025-09-24
2803,Hadi Ramadhan,26,Office Worker,Yogyakarta,2025-07-09
2804,Budi Pratama,25,Office Worker,Palembang,2025-02-17
2805,Citra Kurniawan,24,College Student,Bandung,2025-10-11
2806,Salsa Pratama,26,Office Worker,Yogyakarta,2025-02-24
2807,Budi Wijaya,30,Office Worker,Palembang,2025-12-05
2808,Intan Putra,15,High School Student,Bandung,2025-04-29
2809,Joko Kurniawan,20,College Student,Padang,2025-01-02
2810,Hadi Sari,34,Office Worker,Makassar,2025-08-12
2811,Fajar Saputra,16,High School Student,Surabaya,2025-07-22
2812,Intan Kurniawan,27,Office Worker,Jakarta,2025-01-11
2813,Tio Kurniawan,27,Office Worker,Jakarta,2025-09-16
2814,Budi Wijaya,18,High School Student,Jakarta,2025-10-25
2815,Putri Ramadhan,20,College Student,Jakarta,2025-07-16
2816,Nanda Permata,34,Office Worker,Yogyakarta,2026-02-19
2817,Andi Ramadhan,19,College Student,Jakarta,2025-11-29
2818,Budi Ramadhan,17,High School Student,Yogyakarta,2025-06-02
2819,Nanda Pratama,15,High School Student,Jakarta,2026-01-11
2820,Oki Saputra,21,College Student,Makassar,2025-05-14
2821,Intan Ramadhan,28,Office Worker,Bandung,2025-04-26
2822,Hadi Sari,17,High School Student,Palembang,2025-03-08
2823,Intan Kurniawan,26,Office Worker,Jakarta,2025-09-13
2824,Karin Permata,16,High School Student,Surabaya,2025-07-07
2825,Gita Nugraha,19,College Student,Jakarta,2025-02-08
2826,Gita Permata,28,Office Worker,Pekanbaru,2026-04-25
2827,Lina Lestari,22,Office Worker,Surabaya,2025-11-23
2828,Rian Permata,18,High School Student,Yogyakarta,2025-05-10
2829,Citra Kurniawan,20,College Student,Jakarta,2025-03-04
2830,Eka Permata,17,High School Student,Bandung,2025-04-07
2831,Putri Putra,21,College Student,Jakarta,2026-02-16
2832,Putri Wijaya,24,Office Worker,Pekanbaru,2026-06-14
2833,Putri Saputra,16,High School Student,Jakarta,2026-03-22
2834,Oki Putra,20,College Student,Jakarta,2025-08-24
2835,Salsa Putra,19,College Student,Palembang,2025-03-26
2836,Putri Nugraha,30,Office Worker,Jakarta,2025-12-21
2837,Hadi Nugraha,34,Office Worker,Semarang,2026-02-06
2838,Andi Saputra,16,High School Student,Jakarta,2025-06-15
2839,Tio Putra,35,Office Worker,Pekanbaru,2025-08-16
2840,Eka Wijaya,21,College Student,Makassar,2026-01-02
2841,Hadi Permata,23,College Student,Jakarta,2026-02-14
2842,Maya Kurniawan,35,Office Worker,Bandung,2025-03-01
2843,Nanda Pratama,24,Office Worker,Makassar,2025-06-13
2844,Eka Nugraha,33,Office Worker,Palembang,2025-08-18
2845,Gita Sari,19,College Student,Padang,2025-06-06
2846,Fajar Putra,23,College Student,Pekanbaru,2026-01-09
2847,Budi Sari,31,Office Worker,Bandung,2025-08-30
2848,Joko Sari,24,College Student,Yogyakarta,2025-06-17
2849,Dina Lestari,24,College Student,Semarang,2025-05-01
2850,Budi Permata,24,College Student,Palembang,2025-01-02
2851,Vina Ramadhan,26,Office Worker,Makassar,2025-04-28
2852,Nanda Sari,17,High School Student,Pekanbaru,2026-05-22
2853,Citra Lestari,16,High School Student,Padang,2026-01-09
2854,Andi Wijaya,25,Office Worker,Makassar,2025-04-18
2855,Andi Putra,16,High School Student,Bandung,2025-10-26
2856,Salsa Ramadhan,24,College Student,Jakarta,2026-03-09
2857,Citra Sari,15,High School Student,Jakarta,2025-04-22
2858,Salsa Permata,18,High School Student,Makassar,2026-02-10
2859,Intan Ramadhan,17,High School Student,Palembang,2026-05-15
2860,Vina Saputra,18,High School Student,Surabaya,2025-01-19
2861,Dina Kurniawan,29,Office Worker,Bandung,2025-01-20
2862,Salsa Sari,22,College Student,Jakarta,2026-05-21
2863,Karin Nugraha,26,Office Worker,Jakarta,2025-06-03
2864,Hadi Putra,22,College Student,Makassar,2026-05-30
2865,Vina Permata,23,College Student,Semarang,2026-04-23
2866,Oki Putra,24,College Student,Makassar,2026-01-19
2867,Citra Sari,18,College Student,Medan,2025-07-17
2868,Hadi Lestari,26,Office Worker,Palembang,2025-06-28
2869,Vina Kurniawan,21,College Student,Padang,2026-06-12
2870,Oki Lestari,21,College Student,Makassar,2025-02-16
2871,Vina Putra,32,Office Worker,Makassar,2025-07-02
2872,Eka Permata,23,Office Worker,Makassar,2025-12-20
2873,Eka Pratama,31,Office Worker,Pekanbaru,2026-05-02
2874,Hadi Kurniawan,18,College Student,Jakarta,2025-08-04
2875,Tio Kurniawan,35,Office Worker,Palembang,2026-02-27
2876,Joko Nugraha,24,College Student,Jakarta,2025-01-09
2877,Joko Ramadhan,23,College Student,Jakarta,2025-08-01
2878,Andi Kurniawan,17,High School Student,Jakarta,2025-05-19
2879,Dina Nugraha,22,College Student,Surabaya,2025-11-17
2880,Eka Sari,18,High School Student,Pekanbaru,2025-04-01
2881,Gita Sari,24,College Student,Surabaya,2025-11-11
2882,Eka Permata,29,Office Worker,Medan,2025-04-22
2883,Hadi Pratama,15,High School Student,Jakarta,2025-04-23
2884,Andi Ramadhan,17,High School Student,Palembang,2026-01-09
2885,Salsa Wijaya,17,High School Student,Palembang,2025-09-20
2886,Vina Saputra,23,Office Worker,Jakarta,2026-01-03
2887,Joko Sari,20,College Student,Yogyakarta,2026-01-13
2888,Oki Lestari,22,College Student,Palembang,2025-02-14
2889,Andi Wijaya,25,Office Worker,Padang,2025-09-28
2890,Budi Kurniawan,32,Office Worker,Pekanbaru,2026-05-10
2891,Putri Putra,18,College Student,Padang,2025-09-04
2892,Citra Nugraha,26,Office Worker,Jakarta,2025-06-23
2893,Tio Ramadhan,24,Office Worker,Semarang,2025-02-05
2894,Salsa Lestari,27,Office Worker,Padang,2025-10-29
2895,Putri Putra,17,High School Student,Jakarta,2025-06-07
2896,Fajar Wijaya,24,Office Worker,Semarang,2025-02-02
2897,Maya Pratama,23,College Student,Semarang,2026-01-17
2898,Budi Saputra,22,College Student,Bandung,2026-02-28
2899,Karin Lestari,20,College Student,Yogyakarta,2025-10-22
2900,Oki Pratama,16,High School Student,Medan,2026-02-19
2901,Nanda Lestari,18,High School Student,Jakarta,2025-11-15
2902,Salsa Sari,31,Office Worker,Palembang,2025-01-25
2903,Oki Wijaya,15,High School Student,Pekanbaru,2026-03-10
2904,Budi Ramadhan,23,College Student,Jakarta,2025-02-28
2905,Hadi Putra,18,College Student,Yogyakarta,2025-06-26
2906,Karin Saputra,18,High School Student,Yogyakarta,2026-06-26
2907,Eka Sari,24,Office Worker,Yogyakarta,2025-02-14
2908,Vina Saputra,16,High School Student,Surabaya,2026-03-28
2909,Citra Kurniawan,24,College Student,Yogyakarta,2025-11-05
2910,Joko Putra,23,College Student,Yogyakarta,2025-06-03
2911,Maya Kurniawan,16,High School Student,Makassar,2025-05-20
2912,Maya Nugraha,17,High School Student,Makassar,2026-01-20
2913,Gita Pratama,23,Office Worker,Surabaya,2025-02-02
2914,Oki Nugraha,28,Office Worker,Jakarta,2026-01-06
2915,Gita Saputra,18,High School Student,Bandung,2025-06-27
2916,Salsa Lestari,22,Office Worker,Padang,2025-12-26
2917,Andi Wijaya,30,Office Worker,Yogyakarta,2026-03-12
2918,Putri Wijaya,25,Office Worker,Semarang,2025-01-06
2919,Fajar Wijaya,24,College Student,Yogyakarta,2025-08-19
2920,Gita Putra,19,College Student,Surabaya,2026-02-05
2921,Citra Kurniawan,24,College Student,Bandung,2025-01-23
2922,Rian Wijaya,35,Office Worker,Jakarta,2025-06-10
2923,Tio Sari,34,Office Worker,Palembang,2025-07-13
2924,Karin Nugraha,16,High School Student,Yogyakarta,2025-09-23
2925,Vina Saputra,24,College Student,Makassar,2025-03-24
2926,Gita Wijaya,23,Office Worker,Medan,2025-06-17
2927,Gita Lestari,22,Office Worker,Makassar,2025-12-10
2928,Lina Sari,25,Office Worker,Bandung,2025-01-12
2929,Salsa Sari,33,Office Worker,Padang,2026-06-18
2930,Fajar Lestari,19,College Student,Bandung,2026-06-14
2931,Vina Nugraha,19,College Student,Jakarta,2026-03-26
2932,Hadi Nugraha,28,Office Worker,Makassar,2026-05-05
2933,Citra Saputra,18,High School Student,Yogyakarta,2025-06-16
2934,Fajar Sari,20,College Student,Jakarta,2026-04-10
2935,Hadi Permata,27,Office Worker,Bandung,2025-01-07
2936,Lina Putra,15,High School Student,Bandung,2025-06-12
2937,Lina Pratama,35,Office Worker,Jakarta,2025-07-14
2938,Tio Kurniawan,22,College Student,Semarang,2025-11-15
2939,Lina Nugraha,34,Office Worker,Pekanbaru,2025-05-10
2940,Rian Sari,18,High School Student,Medan,2025-04-19
2941,Joko Wijaya,18,College Student,Jakarta,2025-08-07
2942,Karin Permata,27,Office Worker,Bandung,2026-05-21
2943,Maya Permata,21,College Student,Surabaya,2026-03-05
2944,Oki Kurniawan,34,Office Worker,Yogyakarta,2025-09-01
2945,Joko Ramadhan,31,Office Worker,Makassar,2026-03-14
2946,Gita Putra,15,High School Student,Jakarta,2025-11-03
2947,Budi Nugraha,18,College Student,Surabaya,2025-09-12
2948,Gita Putra,23,College Student,Bandung,2025-11-23
2949,Tio Ramadhan,24,College Student,Jakarta,2026-02-13
2950,Hadi Kurniawan,32,Office Worker,Bandung,2025-01-01
2951,Vina Permata,35,Office Worker,Makassar,2025-07-13
2952,Vina Putra,29,Office Worker,Yogyakarta,2025-12-30
2953,Intan Nugraha,31,Office Worker,Jakarta,2025-05-02
2954,Fajar Wijaya,24,College Student,Surabaya,2025-12-30
2955,Lina Nugraha,28,Office Worker,Surabaya,2025-01-04
2956,Eka Saputra,28,Office Worker,Jakarta,2025-05-29
2957,Fajar Kurniawan,31,Office Worker,Palembang,2025-03-02
2958,Karin Sari,25,Office Worker,Pekanbaru,2025-04-27
2959,Nanda Putra,18,College Student,Medan,2025-08-26
2960,Budi Kurniawan,33,Office Worker,Yogyakarta,2025-05-18
2961,Tio Lestari,16,High School Student,Palembang,2026-04-03
2962,Eka Sari,20,College Student,Bandung,2026-04-30
2963,Dina Sari,18,College Student,Surabaya,2025-03-23
2964,Maya Lestari,31,Office Worker,Jakarta,2025-02-16
2965,Joko Permata,24,Office Worker,Pekanbaru,2025-12-10
2966,Putri Nugraha,35,Office Worker,Pekanbaru,2025-12-05
2967,Karin Wijaya,34,Office Worker,Yogyakarta,2025-08-24
2968,Citra Nugraha,24,College Student,Yogyakarta,2026-04-09
2969,Rian Saputra,23,Office Worker,Yogyakarta,2026-01-11
2970,Tio Pratama,22,College Student,Pekanbaru,2025-05-03
2971,Intan Nugraha,21,College Student,Palembang,2025-09-03
2972,Nanda Permata,15,High School Student,Yogyakarta,2025-09-11
2973,Vina Nugraha,23,Office Worker,Jakarta,2025-10-08
2974,Karin Putra,34,Office Worker,Surabaya,2025-03-08
2975,Budi Permata,24,College Student,Jakarta,2026-06-17
2976,Eka Ramadhan,15,High School Student,Padang,2026-06-18
2977,Oki Nugraha,31,Office Worker,Yogyakarta,2025-06-24
2978,Intan Permata,17,High School Student,Bandung,2025-07-10
2979,Hadi Wijaya,26,Office Worker,Semarang,2025-10-12
2980,Oki Putra,30,Office Worker,Medan,2025-11-01
2981,Gita Pratama,24,College Student,Makassar,2026-02-11
2982,Lina Permata,18,High School Student,Palembang,2025-11-28
2983,Salsa Saputra,33,Office Worker,Makassar,2025-11-01
2984,Oki Sari,26,Office Worker,Bandung,2025-12-03
2985,Citra Wijaya,21,College Student,Makassar,2025-01-30
2986,Oki Ramadhan,32,Office Worker,Surabaya,2026-03-16
2987,Rian Pratama,16,High School Student,Palembang,2025-09-15
2988,Karin Ramadhan,18,College Student,Jakarta,2025-08-22
2989,Intan Permata,35,Office Worker,Semarang,2025-01-26
2990,Putri Lestari,34,Office Worker,Makassar,2026-06-07
2991,Fajar Wijaya,18,High School Student,Yogyakarta,2026-01-19
2992,Maya Permata,31,Office Worker,Palembang,2026-06-20
2993,Intan Pratama,23,College Student,Medan,2026-01-28
2994,Eka Sari,20,College Student,Surabaya,2026-04-07
2995,Tio Saputra,18,High School Student,Medan,2025-05-18
2996,Maya Saputra,25,Office Worker,Surabaya,2025-04-20
2997,Andi Nugraha,15,High School Student,Yogyakarta,2026-04-20
2998,Citra Sari,20,College Student,Makassar,2025-11-24
2999,Andi Kurniawan,20,College Student,Makassar,2025-07-25
3000,Salsa Putra,34,Office Worker,Medan,2025-03-12
3001,Vina Ramadhan,35,Office Worker,Pekanbaru,2025-07-29
3002,Intan Sari,22,Office Worker,Pekanbaru,2025-07-04
3003,Hadi Sari,22,College Student,Palembang,2026-01-18
3004,Salsa Kurniawan,30,Office Worker,Jakarta,2026-02-03
3005,Oki Pratama,20,College Student,Yogyakarta,2026-06-29
3006,Nanda Saputra,22,Office Worker,Bandung,2025-11-10
3007,Tio Wijaya,30,Office Worker,Medan,2025-08-16
3008,Joko Permata,15,High School Student,Yogyakarta,2025-05-26
3009,Fajar Pratama,23,Office Worker,Makassar,2025-01-22
3010,Nanda Putra,16,High School Student,Yogyakarta,2025-10-27
3011,Joko Kurniawan,23,College Student,Jakarta,2025-09-22
3012,Eka Sari,23,College Student,Surabaya,2025-02-19
3013,Dina Ramadhan,24,College Student,Bandung,2026-01-10
3014,Fajar Permata,20,College Student,Makassar,2025-03-02
3015,Hadi Nugraha,22,Office Worker,Bandung,2025-01-19
3016,Budi Kurniawan,20,College Student,Makassar,2025-11-04
3017,Karin Permata,23,Office Worker,Makassar,2026-06-21
3018,Vina Sari,18,College Student,Yogyakarta,2025-07-26
3019,Nanda Lestari,15,High School Student,Jakarta,2025-11-21
3020,Fajar Permata,23,Office Worker,Jakarta,2025-03-16
3021,Fajar Wijaya,19,College Student,Yogyakarta,2026-02-22
3022,Fajar Wijaya,19,College Student,Yogyakarta,2025-11-24
3023,Andi Lestari,30,Office Worker,Makassar,2025-10-08
3024,Salsa Sari,23,College Student,Bandung,2025-03-16
3025,Dina Ramadhan,18,High School Student,Semarang,2025-08-29
3026,Rian Saputra,22,College Student,Padang,2025-01-05
3027,Fajar Saputra,34,Office Worker,Surabaya,2025-08-03
3028,Lina Permata,32,Office Worker,Palembang,2026-05-02
3029,Putri Permata,30,Office Worker,Pekanbaru,2025-12-23
3030,Joko Kurniawan,27,Office Worker,Bandung,2026-01-29
3031,Joko Sari,16,High School Student,Bandung,2025-06-04
3032,Nanda Sari,21,College Student,Padang,2026-01-26
3033,Lina Pratama,30,Office Worker,Medan,2026-01-04
3034,Karin Nugraha,15,High School Student,Surabaya,2025-01-29
3035,Citra Wijaya,24,College Student,Bandung,2026-02-27
3036,Dina Putra,23,College Student,Makassar,2025-01-09
3037,Nanda Permata,21,College Student,Yogyakarta,2025-07-19
3038,Nanda Permata,31,Office Worker,Yogyakarta,2026-03-21
3039,Tio Nugraha,15,High School Student,Bandung,2025-11-30
3040,Lina Nugraha,22,College Student,Jakarta,2025-08-18
3041,Joko Lestari,18,High School Student,Yogyakarta,2026-01-28
3042,Rian Putra,26,Office Worker,Jakarta,2025-11-04
3043,Hadi Putra,18,High School Student,Padang,2025-11-27
3044,Joko Permata,19,College Student,Bandung,2025-12-26
3045,Maya Kurniawan,25,Office Worker,Surabaya,2025-07-02
3046,Putri Lestari,30,Office Worker,Yogyakarta,2026-01-22
3047,Citra Sari,24,College Student,Makassar,2025-04-19
3048,Nanda Permata,24,College Student,Makassar,2025-12-05
3049,Dina Ramadhan,22,College Student,Makassar,2025-07-19
3050,Tio Putra,24,College Student,Palembang,2025-06-30
3051,Nanda Putra,17,High School Student,Medan,2026-06-24
3052,Nanda Sari,21,College Student,Jakarta,2026-03-13
3053,Gita Nugraha,24,College Student,Palembang,2025-02-09
3054,Salsa Saputra,20,College Student,Bandung,2025-08-10
3055,Lina Lestari,32,Office Worker,Yogyakarta,2025-10-24
3056,Lina Putra,35,Office Worker,Pekanbaru,2025-01-29
3057,Fajar Putra,26,Office Worker,Semarang,2025-07-21
3058,Tio Pratama,18,High School Student,Palembang,2026-04-30
3059,Maya Ramadhan,17,High School Student,Surabaya,2025-05-10
3060,Putri Saputra,22,Office Worker,Semarang,2025-02-17
3061,Lina Kurniawan,24,College Student,Yogyakarta,2026-02-20
3062,Eka Nugraha,16,High School Student,Semarang,2026-04-02
3063,Maya Lestari,19,College Student,Yogyakarta,2025-02-18
3064,Hadi Ramadhan,28,Office Worker,Surabaya,2025-03-17
3065,Citra Kurniawan,35,Office Worker,Makassar,2026-06-30
3066,Vina Lestari,19,College Student,Medan,2025-09-05
3067,Dina Saputra,15,High School Student,Makassar,2025-10-17
3068,Tio Permata,33,Office Worker,Yogyakarta,2026-06-19
3069,Maya Wijaya,21,College Student,Jakarta,2026-06-15
3070,Hadi Putra,23,Office Worker,Makassar,2026-03-12
3071,Putri Lestari,29,Office Worker,Makassar,2026-01-18
3072,Karin Saputra,28,Office Worker,Palembang,2025-04-06
3073,Dina Putra,18,College Student,Yogyakarta,2025-09-08
3074,Andi Pratama,19,College Student,Makassar,2025-08-29
3075,Nanda Permata,19,College Student,Jakarta,2025-11-01
3076,Karin Saputra,25,Office Worker,Makassar,2026-03-16
3077,Putri Pratama,24,Office Worker,Palembang,2026-05-03
3078,Budi Permata,15,High School Student,Yogyakarta,2026-05-13
3079,Citra Saputra,18,High School Student,Pekanbaru,2025-05-12
3080,Tio Kurniawan,35,Office Worker,Padang,2026-02-06
3081,Joko Nugraha,23,Office Worker,Makassar,2026-01-11
3082,Tio Nugraha,32,Office Worker,Padang,2026-06-27
3083,Nanda Lestari,15,High School Student,Medan,2026-01-06
3084,Putri Ramadhan,22,College Student,Palembang,2026-02-16
3085,Hadi Saputra,22,Office Worker,Padang,2025-06-04
3086,Salsa Nugraha,30,Office Worker,Medan,2025-09-02
3087,Vina Putra,24,College Student,Jakarta,2026-06-26
3088,Eka Pratama,16,High School Student,Surabaya,2025-03-16
3089,Putri Lestari,19,College Student,Bandung,2025-07-25
3090,Eka Pratama,22,College Student,Medan,2026-03-04
3091,Dina Pratama,22,College Student,Pekanbaru,2026-02-25
3092,Fajar Pratama,26,Office Worker,Palembang,2025-05-29
3093,Dina Saputra,21,College Student,Bandung,2025-03-29
3094,Maya Pratama,33,Office Worker,Jakarta,2026-05-21
3095,Karin Wijaya,16,High School Student,Semarang,2025-06-17
3096,Gita Lestari,31,Office Worker,Padang,2025-07-08
3097,Karin Lestari,34,Office Worker,Medan,2025-04-24
3098,Hadi Nugraha,18,High School Student,Jakarta,2025-01-13
3099,Budi Permata,17,High School Student,Medan,2025-06-06
3100,Putri Nugraha,21,College Student,Yogyakarta,2025-06-30
3101,Putri Ramadhan,16,High School Student,Pekanbaru,2025-11-16
3102,Lina Saputra,25,Office Worker,Jakarta,2025-10-19
3103,Nanda Kurniawan,23,Office Worker,Surabaya,2026-04-22
3104,Gita Pratama,22,College Student,Makassar,2026-03-09
3105,Intan Ramadhan,24,College Student,Pekanbaru,2025-06-18
3106,Lina Permata,22,College Student,Bandung,2026-02-06
3107,Joko Kurniawan,26,Office Worker,Makassar,2025-06-07
3108,Lina Pratama,17,High School Student,Surabaya,2026-01-19
3109,Budi Wijaya,24,College Student,Semarang,2026-02-02
3110,Andi Saputra,32,Office Worker,Jakarta,2025-02-25
3111,Salsa Sari,31,Office Worker,Jakarta,2025-03-14
3112,Maya Ramadhan,15,High School Student,Pekanbaru,2026-04-18
3113,Lina Kurniawan,27,Office Worker,Bandung,2025-06-29
3114,Eka Kurniawan,17,High School Student,Jakarta,2025-07-13
3115,Maya Lestari,16,High School Student,Makassar,2026-01-19
3116,Putri Kurniawan,28,Office Worker,Jakarta,2025-08-17
3117,Budi Kurniawan,25,Office Worker,Semarang,2025-09-23
3118,Tio Wijaya,17,High School Student,Surabaya,2025-03-12
3119,Karin Kurniawan,15,High School Student,Makassar,2025-04-01
3120,Gita Putra,15,High School Student,Makassar,2025-03-17
3121,Hadi Permata,22,College Student,Surabaya,2026-03-21
3122,Salsa Nugraha,16,High School Student,Pekanbaru,2025-07-16
3123,Salsa Permata,15,High School Student,Yogyakarta,2025-07-03
3124,Budi Nugraha,20,College Student,Jakarta,2025-03-18
3125,Fajar Pratama,25,Office Worker,Semarang,2026-03-24
3126,Oki Putra,34,Office Worker,Makassar,2025-10-24
3127,Salsa Nugraha,23,Office Worker,Jakarta,2026-01-23
3128,Karin Putra,18,High School Student,Yogyakarta,2025-11-18
3129,Tio Ramadhan,34,Office Worker,Jakarta,2026-02-25
3130,Andi Pratama,30,Office Worker,Pekanbaru,2026-06-30
3131,Hadi Sari,29,Office Worker,Surabaya,2025-11-02
3132,Putri Lestari,34,Office Worker,Medan,2025-12-12
3133,Karin Wijaya,35,Office Worker,Surabaya,2025-09-18
3134,Karin Putra,24,College Student,Bandung,2025-12-12
3135,Nanda Pratama,17,High School Student,Semarang,2025-05-29
3136,Joko Sari,33,Office Worker,Bandung,2026-02-22
3137,Salsa Saputra,24,Office Worker,Medan,2025-01-29
3138,Salsa Nugraha,22,Office Worker,Bandung,2026-04-08
3139,Gita Permata,18,College Student,Bandung,2025-07-08
3140,Lina Permata,16,High School Student,Palembang,2025-03-06
3141,Nanda Lestari,20,College Student,Jakarta,2026-04-04
3142,Intan Sari,25,Office Worker,Yogyakarta,2025-08-12
3143,Oki Lestari,18,College Student,Pekanbaru,2026-04-21
3144,Vina Putra,18,College Student,Yogyakarta,2025-11-22
3145,Joko Wijaya,22,College Student,Bandung,2026-06-03
3146,Tio Sari,23,College Student,Semarang,2025-07-11
3147,Lina Kurniawan,23,Office Worker,Medan,2025-03-29
3148,Vina Permata,28,Office Worker,Jakarta,2026-04-03
3149,Andi Pratama,28,Office Worker,Semarang,2025-06-07
3150,Maya Wijaya,18,College Student,Yogyakarta,2025-09-30
3151,Lina Sari,25,Office Worker,Bandung,2025-11-28
3152,Intan Permata,18,High School Student,Makassar,2025-10-09
3153,Budi Ramadhan,34,Office Worker,Yogyakarta,2025-06-12
3154,Intan Permata,21,College Student,Surabaya,2025-06-23
3155,Maya Wijaya,22,College Student,Bandung,2025-04-18
3156,Salsa Kurniawan,22,Office Worker,Medan,2025-10-28
3157,Oki Ramadhan,22,Office Worker,Bandung,2025-11-27
3158,Joko Kurniawan,17,High School Student,Bandung,2025-05-24
3159,Rian Pratama,30,Office Worker,Surabaya,2025-02-27
3160,Karin Nugraha,18,College Student,Jakarta,2025-10-25
3161,Intan Sari,19,College Student,Medan,2025-07-07
3162,Gita Saputra,16,High School Student,Bandung,2026-03-16
3163,Tio Permata,24,College Student,Bandung,2026-05-03
3164,Salsa Lestari,24,College Student,Jakarta,2026-01-25
3165,Eka Sari,16,High School Student,Pekanbaru,2025-01-20
3166,Eka Ramadhan,19,College Student,Medan,2025-07-31
3167,Putri Permata,30,Office Worker,Semarang,2026-06-20
3168,Nanda Putra,18,High School Student,Makassar,2025-08-08
3169,Rian Pratama,34,Office Worker,Jakarta,2025-06-22
3170,Putri Lestari,24,College Student,Bandung,2025-01-01
3171,Intan Saputra,27,Office Worker,Semarang,2026-04-13
3172,Karin Wijaya,20,College Student,Bandung,2025-01-25
3173,Putri Nugraha,15,High School Student,Jakarta,2025-07-23
3174,Tio Ramadhan,17,High School Student,Jakarta,2025-07-20
3175,Fajar Nugraha,17,High School Student,Medan,2025-07-10
3176,Eka Ramadhan,18,High School Student,Medan,2026-02-13
3177,Salsa Ramadhan,28,Office Worker,Makassar,2026-04-23
3178,Salsa Wijaya,30,Office Worker,Medan,2025-10-31
3179,Budi Pratama,24,Office Worker,Palembang,2026-06-20
3180,Andi Kurniawan,22,Office Worker,Padang,2025-03-23
3181,Maya Permata,16,High School Student,Bandung,2026-06-30
3182,Eka Lestari,21,College Student,Jakarta,2025-09-19
3183,Salsa Lestari,20,College Student,Yogyakarta,2025-06-26
3184,Dina Lestari,17,High School Student,Jakarta,2025-08-03
3185,Maya Pratama,21,College Student,Jakarta,2025-05-21
3186,Hadi Permata,18,College Student,Bandung,2025-09-25
3187,Citra Kurniawan,20,College Student,Jakarta,2025-05-19
3188,Oki Nugraha,22,College Student,Jakarta,2025-02-16
3189,Eka Wijaya,31,Office Worker,Palembang,2025-03-01
3190,Karin Kurniawan,35,Office Worker,Bandung,2025-03-02
3191,Citra Saputra,19,College Student,Surabaya,2025-04-05
3192,Maya Kurniawan,24,Office Worker,Yogyakarta,2026-04-20
3193,Lina Kurniawan,29,Office Worker,Yogyakarta,2025-02-09
3194,Joko Permata,24,College Student,Padang,2025-12-12
3195,Vina Lestari,19,College Student,Palembang,2025-11-23
3196,Intan Putra,23,College Student,Jakarta,2026-03-13
3197,Joko Wijaya,26,Office Worker,Yogyakarta,2026-02-10
3198,Fajar Sari,25,Office Worker,Padang,2025-07-30
3199,Oki Ramadhan,18,High School Student,Pekanbaru,2025-02-07
3200,Tio Kurniawan,22,College Student,Palembang,2026-04-13
3201,Vina Saputra,19,College Student,Padang,2025-11-13
3202,Intan Wijaya,23,College Student,Padang,2025-07-30
3203,Fajar Nugraha,18,High School Student,Padang,2025-03-24
3204,Nanda Saputra,28,Office Worker,Padang,2025-12-22
3205,Rian Kurniawan,35,Office Worker,Semarang,2026-06-23
3206,Tio Sari,34,Office Worker,Medan,2025-07-28
3207,Intan Lestari,30,Office Worker,Jakarta,2025-10-03
3208,Fajar Putra,22,Office Worker,Palembang,2026-05-07
3209,Citra Ramadhan,21,College Student,Makassar,2025-10-25
3210,Eka Sari,33,Office Worker,Bandung,2025-02-27
3211,Andi Ramadhan,18,High School Student,Yogyakarta,2025-10-23
3212,Dina Lestari,30,Office Worker,Medan,2026-04-04
3213,Putri Pratama,15,High School Student,Palembang,2026-01-31
3214,Dina Lestari,29,Office Worker,Makassar,2026-01-09
3215,Karin Sari,18,High School Student,Yogyakarta,2025-03-03
3216,Dina Pratama,15,High School Student,Makassar,2026-03-22
3217,Andi Pratama,18,High School Student,Jakarta,2025-03-28
3218,Joko Nugraha,18,High School Student,Jakarta,2026-02-03
3219,Gita Kurniawan,35,Office Worker,Medan,2025-05-04
3220,Hadi Saputra,33,Office Worker,Yogyakarta,2026-06-03
3221,Intan Permata,18,College Student,Yogyakarta,2025-10-10
3222,Lina Lestari,15,High School Student,Jakarta,2026-05-29
3223,Karin Nugraha,15,High School Student,Jakarta,2025-06-06
3224,Lina Nugraha,15,High School Student,Yogyakarta,2025-08-14
3225,Dina Ramadhan,18,High School Student,Pekanbaru,2026-01-29
3226,Andi Saputra,35,Office Worker,Palembang,2025-09-23
3227,Dina Permata,17,High School Student,Yogyakarta,2025-09-23
3228,Hadi Kurniawan,24,College Student,Bandung,2025-10-15
3229,Vina Ramadhan,17,High School Student,Jakarta,2025-10-19
3230,Dina Permata,17,High School Student,Yogyakarta,2025-11-16
3231,Karin Kurniawan,18,College Student,Jakarta,2026-04-18
3232,Nanda Permata,33,Office Worker,Jakarta,2026-02-03
3233,Maya Ramadhan,18,High School Student,Bandung,2025-03-14
3234,Maya Kurniawan,17,High School Student,Surabaya,2026-06-12
3235,Citra Sari,20,College Student,Bandung,2025-03-24
3236,Gita Pratama,16,High School Student,Semarang,2025-06-23
3237,Karin Saputra,16,High School Student,Makassar,2026-03-04
3238,Eka Putra,31,Office Worker,Jakarta,2025-10-18
3239,Nanda Sari,34,Office Worker,Yogyakarta,2026-01-16
3240,Oki Wijaya,21,College Student,Jakarta,2025-12-29
3241,Fajar Kurniawan,18,College Student,Jakarta,2025-07-05
3242,Citra Ramadhan,18,College Student,Padang,2025-01-05
3243,Gita Nugraha,21,College Student,Makassar,2025-09-19
3244,Hadi Putra,35,Office Worker,Makassar,2025-06-28
3245,Gita Wijaya,29,Office Worker,Jakarta,2025-05-22
3246,Gita Sari,17,High School Student,Bandung,2025-09-25
3247,Dina Lestari,23,College Student,Makassar,2026-04-15
3248,Maya Permata,22,College Student,Jakarta,2025-03-09
3249,Tio Lestari,25,Office Worker,Semarang,2025-04-17
3250,Gita Nugraha,27,Office Worker,Jakarta,2026-03-13
3251,Citra Ramadhan,24,College Student,Palembang,2025-01-31
3252,Budi Lestari,15,High School Student,Padang,2026-06-05
3253,Maya Sari,24,Office Worker,Medan,2025-02-11
3254,Joko Permata,17,High School Student,Yogyakarta,2025-07-06
3255,Vina Permata,22,College Student,Jakarta,2025-10-28
3256,Fajar Kurniawan,18,High School Student,Surabaya,2025-09-18
3257,Maya Sari,25,Office Worker,Medan,2026-05-05
3258,Salsa Ramadhan,17,High School Student,Jakarta,2025-09-14
3259,Eka Ramadhan,21,College Student,Jakarta,2025-03-08
3260,Maya Putra,27,Office Worker,Jakarta,2025-08-08
3261,Hadi Wijaya,17,High School Student,Bandung,2025-11-19
3262,Intan Ramadhan,24,College Student,Makassar,2025-02-28
3263,Nanda Sari,24,College Student,Medan,2025-06-27
3264,Joko Kurniawan,16,High School Student,Padang,2026-04-06
3265,Rian Pratama,33,Office Worker,Semarang,2025-10-17
3266,Tio Kurniawan,18,High School Student,Semarang,2025-04-22
3267,Andi Pratama,21,College Student,Padang,2025-11-20
3268,Eka Putra,24,College Student,Surabaya,2025-07-01
3269,Salsa Permata,23,Office Worker,Surabaya,2026-04-11
3270,Andi Permata,34,Office Worker,Jakarta,2025-08-12
3271,Dina Kurniawan,18,College Student,Makassar,2026-02-02
3272,Intan Ramadhan,15,High School Student,Yogyakarta,2025-06-09
3273,Vina Lestari,25,Office Worker,Palembang,2026-03-30
3274,Oki Wijaya,21,College Student,Surabaya,2025-12-29
3275,Budi Ramadhan,34,Office Worker,Pekanbaru,2025-01-03
3276,Eka Putra,25,Office Worker,Padang,2025-12-26
3277,Andi Lestari,27,Office Worker,Bandung,2025-11-11
3278,Citra Sari,20,College Student,Bandung,2025-01-22
3279,Putri Lestari,21,College Student,Yogyakarta,2026-02-25
3280,Nanda Permata,28,Office Worker,Palembang,2025-05-06
3281,Putri Nugraha,24,College Student,Jakarta,2026-02-09
3282,Hadi Pratama,15,High School Student,Surabaya,2025-09-25
3283,Rian Sari,34,Office Worker,Surabaya,2025-04-16
3284,Oki Kurniawan,26,Office Worker,Semarang,2026-06-29
3285,Dina Putra,24,College Student,Semarang,2025-06-20
3286,Joko Sari,16,High School Student,Medan,2025-11-01
3287,Salsa Nugraha,24,College Student,Makassar,2025-11-30
3288,Intan Kurniawan,35,Office Worker,Yogyakarta,2025-01-18
3289,Tio Wijaya,28,Office Worker,Yogyakarta,2026-02-04
3290,Budi Sari,16,High School Student,Surabaya,2025-06-17
3291,Oki Nugraha,17,High School Student,Medan,2025-12-01
3292,Gita Permata,28,Office Worker,Medan,2025-06-04
3293,Eka Kurniawan,19,College Student,Medan,2026-01-11
3294,Putri Kurniawan,23,College Student,Makassar,2025-03-22
3295,Dina Ramadhan,23,Office Worker,Bandung,2026-03-26
3296,Salsa Wijaya,16,High School Student,Yogyakarta,2025-11-06
3297,Eka Saputra,31,Office Worker,Padang,2025-12-21
3298,Putri Ramadhan,16,High School Student,Bandung,2025-11-20
3299,Oki Saputra,23,College Student,Padang,2025-08-16
3300,Fajar Putra,31,Office Worker,Jakarta,2025-07-10
3301,Maya Pratama,24,College Student,Jakarta,2025-10-24
3302,Putri Permata,35,Office Worker,Yogyakarta,2025-07-08
3303,Rian Saputra,19,College Student,Semarang,2025-07-12
3304,Putri Pratama,24,College Student,Bandung,2026-05-28
3305,Fajar Ramadhan,17,High School Student,Makassar,2025-01-09
3306,Rian Permata,22,College Student,Jakarta,2025-05-23
3307,Nanda Permata,18,College Student,Surabaya,2026-05-02
3308,Hadi Ramadhan,16,High School Student,Jakarta,2025-07-13
3309,Budi Nugraha,19,College Student,Jakarta,2026-06-06
3310,Dina Lestari,22,College Student,Jakarta,2026-03-09
3311,Vina Putra,30,Office Worker,Yogyakarta,2025-05-19
3312,Citra Lestari,29,Office Worker,Makassar,2025-01-30
3313,Oki Permata,29,Office Worker,Yogyakarta,2025-10-06
3314,Andi Ramadhan,16,High School Student,Palembang,2025-02-11
3315,Oki Lestari,18,High School Student,Semarang,2025-08-16
3316,Vina Ramadhan,22,Office Worker,Padang,2026-04-25
3317,Salsa Nugraha,23,College Student,Medan,2026-02-21
3318,Intan Putra,17,High School Student,Semarang,2025-07-20
3319,Tio Pratama,30,Office Worker,Makassar,2025-11-17
3320,Joko Wijaya,29,Office Worker,Jakarta,2026-01-03
3321,Hadi Wijaya,20,College Student,Surabaya,2025-11-22
3322,Eka Saputra,18,High School Student,Surabaya,2025-11-06
3323,Oki Pratama,24,Office Worker,Medan,2025-12-27
3324,Joko Nugraha,23,College Student,Palembang,2026-06-12
3325,Budi Kurniawan,35,Office Worker,Padang,2025-10-30
3326,Budi Saputra,30,Office Worker,Jakarta,2025-10-06
3327,Lina Nugraha,29,Office Worker,Medan,2025-11-17
3328,Vina Ramadhan,24,College Student,Palembang,2026-04-22
3329,Salsa Permata,18,High School Student,Padang,2025-10-31
3330,Lina Kurniawan,34,Office Worker,Yogyakarta,2026-06-03
3331,Budi Pratama,31,Office Worker,Surabaya,2025-02-25
3332,Dina Permata,25,Office Worker,Jakarta,2025-07-11
3333,Andi Permata,17,High School Student,Bandung,2025-01-22
3334,Oki Wijaya,16,High School Student,Jakarta,2025-03-21
3335,Maya Saputra,34,Office Worker,Bandung,2025-10-11
3336,Maya Lestari,29,Office Worker,Surabaya,2026-03-04
3337,Vina Putra,29,Office Worker,Palembang,2025-04-13
3338,Gita Kurniawan,35,Office Worker,Surabaya,2025-05-22
3339,Hadi Pratama,21,College Student,Makassar,2026-02-07
3340,Salsa Saputra,32,Office Worker,Bandung,2025-06-11
3341,Lina Permata,27,Office Worker,Jakarta,2025-08-04
3342,Intan Saputra,23,College Student,Jakarta,2026-04-23
3343,Nanda Permata,29,Office Worker,Makassar,2025-09-08
3344,Oki Pratama,15,High School Student,Medan,2026-02-14
3345,Tio Ramadhan,22,College Student,Medan,2025-11-15
3346,Intan Pratama,22,Office Worker,Jakarta,2026-01-23
3347,Oki Nugraha,18,College Student,Semarang,2025-03-26
3348,Salsa Sari,16,High School Student,Semarang,2026-05-30
3349,Dina Nugraha,23,College Student,Surabaya,2025-01-05
3350,Budi Wijaya,18,High School Student,Semarang,2025-08-23
3351,Eka Lestari,15,High School Student,Surabaya,2026-02-17
3352,Dina Nugraha,18,College Student,Jakarta,2026-01-10
3353,Tio Kurniawan,29,Office Worker,Semarang,2025-10-02
3354,Putri Ramadhan,20,College Student,Makassar,2026-01-06
3355,Andi Permata,18,High School Student,Palembang,2026-06-16
3356,Dina Kurniawan,18,High School Student,Bandung,2026-01-29
3357,Tio Ramadhan,28,Office Worker,Bandung,2025-01-04
3358,Lina Permata,22,College Student,Makassar,2026-06-18
3359,Gita Pratama,23,Office Worker,Surabaya,2026-06-08
3360,Andi Ramadhan,26,Office Worker,Yogyakarta,2026-02-10
3361,Maya Sari,35,Office Worker,Palembang,2026-02-17
3362,Putri Sari,19,College Student,Pekanbaru,2025-07-08
3363,Intan Lestari,25,Office Worker,Jakarta,2025-11-13
3364,Nanda Kurniawan,20,College Student,Jakarta,2026-06-23
3365,Gita Wijaya,22,Office Worker,Padang,2026-03-07
3366,Nanda Wijaya,26,Office Worker,Makassar,2025-12-06
3367,Karin Nugraha,19,College Student,Jakarta,2026-06-03
3368,Maya Lestari,21,College Student,Padang,2026-03-06
3369,Gita Pratama,15,High School Student,Palembang,2026-03-03
3370,Putri Putra,28,Office Worker,Padang,2026-06-06
3371,Rian Permata,18,High School Student,Padang,2026-05-30
3372,Salsa Nugraha,20,College Student,Palembang,2025-10-27
3373,Fajar Permata,18,College Student,Yogyakarta,2025-02-23
3374,Nanda Permata,22,Office Worker,Surabaya,2025-06-11
3375,Gita Permata,22,Office Worker,Makassar,2026-03-25
3376,Budi Permata,23,Office Worker,Padang,2025-07-30
3377,Gita Pratama,22,Office Worker,Palembang,2026-03-23
3378,Oki Permata,18,High School Student,Jakarta,2025-03-11
3379,Hadi Kurniawan,16,High School Student,Padang,2025-10-28
3380,Eka Saputra,30,Office Worker,Jakarta,2025-03-09
3381,Citra Saputra,21,College Student,Surabaya,2025-10-09
3382,Putri Pratama,21,College Student,Jakarta,2025-06-03
3383,Citra Sari,15,High School Student,Makassar,2026-04-07
3384,Eka Wijaya,21,College Student,Palembang,2025-08-12
3385,Oki Sari,17,High School Student,Yogyakarta,2026-01-03
3386,Eka Ramadhan,35,Office Worker,Medan,2025-07-08
3387,Citra Ramadhan,17,High School Student,Yogyakarta,2026-01-21
3388,Nanda Putra,18,College Student,Yogyakarta,2025-02-10
3389,Budi Saputra,17,High School Student,Surabaya,2026-06-01
3390,Fajar Putra,22,Office Worker,Surabaya,2025-05-10
3391,Eka Pratama,18,College Student,Padang,2025-01-22
3392,Karin Pratama,25,Office Worker,Jakarta,2025-02-10
3393,Joko Kurniawan,25,Office Worker,Makassar,2025-06-02
3394,Vina Lestari,18,College Student,Surabaya,2025-12-16
3395,Andi Putra,27,Office Worker,Medan,2025-01-09
3396,Salsa Saputra,31,Office Worker,Semarang,2025-02-16
3397,Andi Pratama,23,Office Worker,Bandung,2025-11-26
3398,Andi Ramadhan,32,Office Worker,Bandung,2025-01-03
3399,Lina Sari,15,High School Student,Jakarta,2026-02-13
3400,Dina Nugraha,24,College Student,Padang,2025-02-05
3401,Vina Permata,17,High School Student,Jakarta,2025-08-31
3402,Oki Pratama,18,High School Student,Semarang,2026-03-10
3403,Fajar Lestari,30,Office Worker,Medan,2026-02-22
3404,Nanda Lestari,24,College Student,Padang,2025-08-07
3405,Gita Sari,30,Office Worker,Bandung,2025-07-20
3406,Lina Putra,22,Office Worker,Jakarta,2026-01-29
3407,Tio Kurniawan,26,Office Worker,Semarang,2026-06-23
3408,Citra Permata,33,Office Worker,Bandung,2025-09-26
3409,Maya Lestari,15,High School Student,Yogyakarta,2025-05-04
3410,Nanda Ramadhan,17,High School Student,Bandung,2026-02-04
3411,Hadi Wijaya,21,College Student,Palembang,2025-10-08
3412,Joko Ramadhan,18,High School Student,Palembang,2026-03-09
3413,Eka Nugraha,17,High School Student,Padang,2026-02-04
3414,Eka Kurniawan,21,College Student,Makassar,2025-01-02
3415,Intan Kurniawan,28,Office Worker,Surabaya,2025-11-25
3416,Nanda Ramadhan,19,College Student,Makassar,2026-01-18
3417,Vina Putra,20,College Student,Jakarta,2025-03-19
3418,Budi Nugraha,29,Office Worker,Surabaya,2025-11-28
3419,Rian Lestari,17,High School Student,Jakarta,2025-06-12
3420,Nanda Saputra,16,High School Student,Palembang,2025-05-30
3421,Andi Ramadhan,26,Office Worker,Palembang,2026-05-20
3422,Budi Permata,34,Office Worker,Medan,2025-05-30
3423,Maya Nugraha,34,Office Worker,Semarang,2025-02-16
3424,Joko Pratama,18,High School Student,Yogyakarta,2025-12-28
3425,Karin Nugraha,31,Office Worker,Yogyakarta,2026-01-09
3426,Oki Permata,28,Office Worker,Bandung,2025-04-05
3427,Gita Lestari,20,College Student,Surabaya,2025-04-11
3428,Dina Permata,24,Office Worker,Surabaya,2026-01-25
3429,Eka Nugraha,24,Office Worker,Bandung,2025-03-23
3430,Karin Wijaya,21,College Student,Surabaya,2026-02-17
3431,Eka Nugraha,21,College Student,Bandung,2025-01-03
3432,Hadi Sari,27,Office Worker,Makassar,2025-01-13
3433,Hadi Nugraha,26,Office Worker,Yogyakarta,2025-06-13
3434,Salsa Putra,23,College Student,Yogyakarta,2025-12-11
3435,Intan Saputra,35,Office Worker,Makassar,2025-06-15
3436,Putri Pratama,21,College Student,Palembang,2025-03-16
3437,Fajar Wijaya,15,High School Student,Jakarta,2025-03-01
3438,Rian Ramadhan,22,College Student,Semarang,2026-01-17
3439,Hadi Kurniawan,32,Office Worker,Jakarta,2025-03-14
3440,Fajar Ramadhan,33,Office Worker,Jakarta,2025-05-03
3441,Rian Nugraha,22,College Student,Jakarta,2026-04-12
3442,Citra Sari,23,College Student,Jakarta,2025-10-16
3443,Lina Kurniawan,16,High School Student,Semarang,2026-05-31
3444,Fajar Nugraha,23,Office Worker,Makassar,2026-04-26
3445,Gita Kurniawan,33,Office Worker,Bandung,2025-08-25
3446,Putri Nugraha,32,Office Worker,Jakarta,2025-06-21
3447,Oki Nugraha,32,Office Worker,Bandung,2026-01-20
3448,Dina Nugraha,26,Office Worker,Palembang,2026-03-22
3449,Gita Wijaya,24,College Student,Surabaya,2025-07-26
3450,Dina Kurniawan,18,High School Student,Makassar,2025-05-30
3451,Oki Saputra,24,College Student,Jakarta,2025-05-31
3452,Eka Sari,23,Office Worker,Makassar,2025-04-23
3453,Rian Putra,35,Office Worker,Jakarta,2025-08-20
3454,Intan Lestari,22,College Student,Medan,2026-05-03
3455,Karin Pratama,27,Office Worker,Bandung,2026-01-18
3456,Oki Putra,17,High School Student,Pekanbaru,2026-01-09
3457,Tio Ramadhan,22,College Student,Jakarta,2025-09-04
3458,Joko Putra,30,Office Worker,Yogyakarta,2025-05-20
3459,Eka Putra,35,Office Worker,Jakarta,2026-02-06
3460,Gita Sari,25,Office Worker,Pekanbaru,2025-05-05
3461,Intan Ramadhan,23,College Student,Jakarta,2025-12-22
3462,Putri Sari,16,High School Student,Surabaya,2025-08-27
3463,Oki Sari,34,Office Worker,Jakarta,2026-05-28
3464,Budi Putra,19,College Student,Makassar,2026-06-16
3465,Lina Ramadhan,17,High School Student,Jakarta,2025-09-30
3466,Vina Sari,22,Office Worker,Surabaya,2025-06-26
3467,Putri Putra,23,College Student,Surabaya,2026-02-10
3468,Rian Lestari,29,Office Worker,Palembang,2025-04-24
3469,Maya Permata,29,Office Worker,Jakarta,2025-01-27
3470,Vina Lestari,17,High School Student,Yogyakarta,2026-02-22
3471,Vina Pratama,18,High School Student,Medan,2026-04-07
3472,Hadi Kurniawan,23,Office Worker,Medan,2025-06-29
3473,Eka Nugraha,24,Office Worker,Bandung,2025-09-04
3474,Putri Putra,30,Office Worker,Padang,2026-05-15
3475,Hadi Nugraha,22,Office Worker,Surabaya,2025-11-13
3476,Putri Permata,29,Office Worker,Bandung,2026-03-10
3477,Fajar Lestari,29,Office Worker,Jakarta,2025-08-21
3478,Hadi Kurniawan,24,College Student,Semarang,2026-01-04
3479,Maya Pratama,22,College Student,Jakarta,2025-06-17
3480,Intan Kurniawan,23,College Student,Jakarta,2025-03-09
3481,Fajar Lestari,17,High School Student,Pekanbaru,2025-12-11
3482,Eka Sari,22,College Student,Bandung,2026-06-14
3483,Karin Putra,21,College Student,Medan,2025-02-21
3484,Intan Kurniawan,31,Office Worker,Pekanbaru,2026-03-21
3485,Joko Wijaya,19,College Student,Bandung,2025-05-20
3486,Hadi Pratama,22,College Student,Surabaya,2026-02-13
3487,Gita Nugraha,24,College Student,Bandung,2025-12-01
3488,Maya Saputra,16,High School Student,Medan,2025-10-08
3489,Salsa Putra,16,High School Student,Makassar,2026-02-09
3490,Eka Wijaya,19,College Student,Surabaya,2025-05-02
3491,Rian Sari,16,High School Student,Palembang,2026-04-05
3492,Lina Wijaya,33,Office Worker,Palembang,2025-02-08
3493,Budi Permata,32,Office Worker,Yogyakarta,2025-03-16
3494,Salsa Permata,22,Office Worker,Semarang,2025-08-05
3495,Nanda Putra,34,Office Worker,Jakarta,2025-09-03
3496,Budi Lestari,15,High School Student,Surabaya,2026-02-22
3497,Tio Lestari,35,Office Worker,Yogyakarta,2025-07-22
3498,Eka Kurniawan,25,Office Worker,Padang,2026-06-03
3499,Putri Lestari,18,High School Student,Jakarta,2025-10-23
3500,Eka Kurniawan,28,Office Worker,Bandung,2026-03-26
3501,Vina Lestari,18,College Student,Bandung,2025-08-16
3502,Eka Kurniawan,29,Office Worker,Yogyakarta,2025-04-13
3503,Dina Nugraha,32,Office Worker,Pekanbaru,2025-04-02
3504,Dina Permata,15,High School Student,Palembang,2025-12-23
3505,Gita Ramadhan,35,Office Worker,Surabaya,2025-05-26
3506,Rian Saputra,33,Office Worker,Jakarta,2025-09-24
3507,Gita Wijaya,29,Office Worker,Jakarta,2025-04-29
3508,Joko Saputra,22,College Student,Medan,2026-05-18
3509,Vina Nugraha,27,Office Worker,Jakarta,2025-09-21
3510,Fajar Wijaya,16,High School Student,Jakarta,2025-10-03
3511,Andi Wijaya,22,College Student,Bandung,2025-02-28
3512,Citra Ramadhan,17,High School Student,Semarang,2025-12-13
3513,Dina Sari,35,Office Worker,Jakarta,2025-07-05
3514,Oki Saputra,24,Office Worker,Medan,2025-04-25
3515,Lina Permata,26,Office Worker,Yogyakarta,2025-12-28
3516,Karin Ramadhan,23,Office Worker,Bandung,2025-08-24
3517,Tio Lestari,17,High School Student,Surabaya,2026-03-18
3518,Salsa Wijaya,21,College Student,Makassar,2025-09-20
3519,Rian Pratama,16,High School Student,Palembang,2025-02-20
3520,Budi Wijaya,15,High School Student,Yogyakarta,2025-12-17
3521,Intan Putra,16,High School Student,Bandung,2026-02-21
3522,Lina Kurniawan,21,College Student,Makassar,2025-01-13
3523,Gita Nugraha,22,College Student,Jakarta,2026-01-29
3524,Putri Sari,18,High School Student,Makassar,2026-06-16
3525,Vina Nugraha,17,High School Student,Makassar,2025-08-01
3526,Lina Pratama,16,High School Student,Pekanbaru,2025-09-27
3527,Karin Permata,33,Office Worker,Pekanbaru,2025-02-09
3528,Tio Saputra,32,Office Worker,Yogyakarta,2025-06-30
3529,Budi Putra,26,Office Worker,Surabaya,2025-09-22
3530,Rian Putra,22,College Student,Padang,2025-04-16
3531,Intan Ramadhan,20,College Student,Makassar,2026-05-02
3532,Andi Lestari,28,Office Worker,Jakarta,2026-02-08
3533,Oki Nugraha,18,College Student,Makassar,2026-01-25
3534,Oki Kurniawan,21,College Student,Semarang,2025-05-03
3535,Budi Permata,17,High School Student,Yogyakarta,2025-02-06
3536,Salsa Kurniawan,18,High School Student,Jakarta,2026-05-18
3537,Budi Saputra,22,College Student,Jakarta,2026-06-11
3538,Salsa Pratama,21,College Student,Makassar,2025-04-02
3539,Intan Putra,33,Office Worker,Jakarta,2025-04-10
3540,Budi Saputra,18,High School Student,Palembang,2026-03-31
3541,Eka Permata,18,High School Student,Yogyakarta,2026-01-29
3542,Budi Putra,22,Office Worker,Bandung,2026-05-20
3543,Hadi Permata,15,High School Student,Semarang,2025-04-27
3544,Vina Kurniawan,19,College Student,Jakarta,2026-05-06
3545,Vina Lestari,22,Office Worker,Padang,2025-12-08
3546,Tio Saputra,15,High School Student,Surabaya,2026-03-02
3547,Putri Putra,16,High School Student,Palembang,2026-04-15
3548,Lina Wijaya,19,College Student,Makassar,2025-05-14
3549,Maya Saputra,24,College Student,Jakarta,2025-06-29
3550,Maya Putra,24,College Student,Medan,2025-07-31
3551,Oki Putra,30,Office Worker,Medan,2026-06-02
3552,Intan Ramadhan,18,High School Student,Surabaya,2026-02-17
3553,Citra Sari,20,College Student,Padang,2025-12-23
3554,Nanda Kurniawan,20,College Student,Makassar,2026-03-29
3555,Vina Sari,15,High School Student,Makassar,2026-03-11
3556,Lina Wijaya,33,Office Worker,Jakarta,2025-03-18
3557,Salsa Pratama,19,College Student,Semarang,2025-10-10
3558,Fajar Nugraha,23,College Student,Palembang,2026-06-21
3559,Budi Wijaya,15,High School Student,Makassar,2026-02-25
3560,Intan Wijaya,22,College Student,Jakarta,2025-05-31
3561,Andi Sari,21,College Student,Yogyakarta,2026-05-18
3562,Hadi Sari,34,Office Worker,Makassar,2026-05-30
3563,Nanda Putra,15,High School Student,Makassar,2025-12-01
3564,Putri Permata,18,College Student,Pekanbaru,2026-02-16
3565,Salsa Kurniawan,21,College Student,Surabaya,2025-09-12
3566,Oki Wijaya,34,Office Worker,Palembang,2025-08-06
3567,Dina Sari,24,College Student,Surabaya,2025-07-27
3568,Salsa Putra,29,Office Worker,Medan,2025-10-17
3569,Joko Putra,25,Office Worker,Medan,2025-10-12
3570,Lina Nugraha,32,Office Worker,Surabaya,2026-05-31
3571,Intan Putra,23,College Student,Surabaya,2025-08-20
3572,Rian Kurniawan,22,College Student,Jakarta,2025-11-28
3573,Maya Nugraha,34,Office Worker,Bandung,2025-07-26
3574,Intan Kurniawan,33,Office Worker,Medan,2025-12-27
3575,Putri Wijaya,28,Office Worker,Jakarta,2025-12-17
3576,Gita Lestari,23,College Student,Yogyakarta,2026-01-08
3577,Budi Saputra,17,High School Student,Padang,2025-04-11
3578,Salsa Saputra,22,College Student,Yogyakarta,2026-06-28
3579,Nanda Permata,30,Office Worker,Jakarta,2026-04-15
3580,Gita Saputra,24,College Student,Yogyakarta,2025-05-11
3581,Nanda Sari,21,College Student,Makassar,2026-06-13
3582,Intan Putra,25,Office Worker,Surabaya,2026-04-22
3583,Intan Sari,24,College Student,Bandung,2025-09-05
3584,Tio Pratama,26,Office Worker,Palembang,2026-01-10
3585,Maya Ramadhan,20,College Student,Palembang,2026-01-31
3586,Salsa Pratama,22,College Student,Jakarta,2025-03-19
3587,Putri Lestari,24,College Student,Makassar,2025-02-10
3588,Dina Permata,23,Office Worker,Medan,2025-09-15
3589,Karin Nugraha,15,High School Student,Yogyakarta,2025-06-30
3590,Hadi Kurniawan,16,High School Student,Surabaya,2025-10-17
3591,Putri Lestari,28,Office Worker,Bandung,2025-05-05
3592,Intan Wijaya,18,High School Student,Jakarta,2026-04-13
3593,Budi Kurniawan,23,College Student,Bandung,2025-08-23
3594,Maya Ramadhan,24,College Student,Makassar,2026-05-15
3595,Dina Saputra,19,College Student,Palembang,2025-03-15
3596,Citra Nugraha,35,Office Worker,Yogyakarta,2025-01-05
3597,Gita Wijaya,16,High School Student,Makassar,2025-04-28
3598,Maya Permata,18,College Student,Jakarta,2025-11-10
3599,Nanda Saputra,21,College Student,Jakarta,2025-07-20
3600,Hadi Ramadhan,27,Office Worker,Makassar,2026-06-27
3601,Tio Nugraha,18,High School Student,Pekanbaru,2026-03-06
3602,Andi Nugraha,24,College Student,Palembang,2025-06-08
3603,Karin Saputra,17,High School Student,Medan,2025-10-28
3604,Tio Lestari,22,College Student,Yogyakarta,2026-02-24
3605,Eka Wijaya,15,High School Student,Padang,2025-09-15
3606,Eka Nugraha,17,High School Student,Yogyakarta,2025-03-03
3607,Intan Putra,31,Office Worker,Makassar,2025-06-11
3608,Lina Wijaya,20,College Student,Palembang,2025-03-27
3609,Oki Pratama,29,Office Worker,Padang,2025-01-13
3610,Oki Wijaya,30,Office Worker,Surabaya,2025-10-02
3611,Rian Kurniawan,18,College Student,Jakarta,2026-02-21
3612,Maya Wijaya,17,High School Student,Palembang,2025-05-04
3613,Nanda Putra,19,College Student,Jakarta,2025-02-18
3614,Tio Kurniawan,23,Office Worker,Makassar,2025-01-03
3615,Citra Sari,21,College Student,Palembang,2025-09-28
3616,Salsa Putra,15,High School Student,Makassar,2025-06-02
3617,Rian Permata,24,College Student,Bandung,2025-11-13
3618,Karin Permata,24,Office Worker,Makassar,2026-03-10
3619,Nanda Nugraha,34,Office Worker,Palembang,2026-06-06
3620,Dina Pratama,17,High School Student,Yogyakarta,2026-05-05
3621,Nanda Sari,22,Office Worker,Jakarta,2025-07-18
3622,Joko Saputra,16,High School Student,Padang,2026-03-12
3623,Joko Wijaya,16,High School Student,Pekanbaru,2025-08-05
3624,Hadi Lestari,31,Office Worker,Surabaya,2026-05-25
3625,Hadi Saputra,16,High School Student,Bandung,2025-02-09
3626,Intan Ramadhan,18,College Student,Makassar,2026-05-04
3627,Intan Permata,15,High School Student,Jakarta,2025-09-06
3628,Citra Nugraha,32,Office Worker,Jakarta,2025-03-26
3629,Putri Nugraha,30,Office Worker,Surabaya,2026-02-08
3630,Vina Sari,28,Office Worker,Makassar,2025-01-29
3631,Oki Nugraha,32,Office Worker,Pekanbaru,2025-02-06
3632,Intan Sari,15,High School Student,Surabaya,2026-05-22
3633,Maya Sari,19,College Student,Medan,2026-06-16
3634,Hadi Permata,19,College Student,Yogyakarta,2025-09-17
3635,Putri Lestari,16,High School Student,Jakarta,2025-09-12
3636,Fajar Nugraha,23,College Student,Jakarta,2025-03-27
3637,Andi Kurniawan,29,Office Worker,Jakarta,2026-02-16
3638,Salsa Ramadhan,17,High School Student,Medan,2026-01-23
3639,Oki Putra,19,College Student,Pekanbaru,2026-02-04
3640,Tio Nugraha,18,High School Student,Palembang,2026-02-26
3641,Nanda Sari,17,High School Student,Semarang,2025-11-29
3642,Dina Nugraha,26,Office Worker,Jakarta,2026-03-29
3643,Andi Permata,22,College Student,Bandung,2025-05-29
3644,Nanda Sari,21,College Student,Bandung,2025-06-19
3645,Putri Lestari,32,Office Worker,Jakarta,2025-11-21
3646,Gita Lestari,16,High School Student,Bandung,2025-08-16
3647,Joko Permata,20,College Student,Palembang,2025-11-22
3648,Lina Ramadhan,23,College Student,Surabaya,2025-01-05
3649,Maya Nugraha,21,College Student,Yogyakarta,2025-06-01
3650,Andi Putra,23,Office Worker,Padang,2025-08-09
3651,Putri Nugraha,32,Office Worker,Bandung,2025-06-06
3652,Gita Lestari,23,College Student,Medan,2025-09-15
3653,Citra Putra,24,Office Worker,Pekanbaru,2025-01-06
3654,Budi Saputra,16,High School Student,Yogyakarta,2025-10-17
3655,Vina Sari,17,High School Student,Yogyakarta,2025-07-23
3656,Joko Permata,15,High School Student,Medan,2025-10-05
3657,Intan Saputra,23,College Student,Palembang,2025-05-14
3658,Fajar Permata,18,College Student,Bandung,2026-03-23
3659,Fajar Lestari,33,Office Worker,Palembang,2025-12-12
3660,Joko Kurniawan,26,Office Worker,Makassar,2025-04-26
3661,Intan Kurniawan,20,College Student,Palembang,2025-11-09
3662,Citra Kurniawan,23,College Student,Surabaya,2026-02-25
3663,Tio Lestari,18,High School Student,Palembang,2025-06-22
3664,Tio Nugraha,17,High School Student,Makassar,2025-06-18
3665,Intan Pratama,21,College Student,Jakarta,2025-04-13
3666,Oki Putra,21,College Student,Padang,2025-08-16
3667,Dina Lestari,24,Office Worker,Surabaya,2025-05-13
3668,Gita Ramadhan,16,High School Student,Bandung,2025-07-30
3669,Oki Ramadhan,18,High School Student,Surabaya,2025-04-19
3670,Gita Permata,24,College Student,Surabaya,2025-07-12
3671,Citra Nugraha,16,High School Student,Bandung,2025-12-23
3672,Maya Saputra,17,High School Student,Medan,2026-06-05
3673,Citra Kurniawan,23,Office Worker,Palembang,2026-03-02
3674,Tio Saputra,18,High School Student,Jakarta,2025-03-15
3675,Eka Lestari,26,Office Worker,Makassar,2025-04-06
3676,Nanda Nugraha,24,College Student,Bandung,2025-05-09
3677,Rian Wijaya,18,High School Student,Palembang,2025-12-09
3678,Gita Kurniawan,20,College Student,Bandung,2026-01-06
3679,Eka Permata,32,Office Worker,Surabaya,2026-02-05
3680,Citra Lestari,23,College Student,Pekanbaru,2025-08-10
3681,Maya Kurniawan,24,Office Worker,Palembang,2026-05-27
3682,Gita Putra,16,High School Student,Yogyakarta,2026-05-20
3683,Joko Pratama,32,Office Worker,Yogyakarta,2025-12-01
3684,Vina Nugraha,18,High School Student,Padang,2026-01-09
3685,Andi Wijaya,22,Office Worker,Jakarta,2026-05-01
3686,Budi Sari,20,College Student,Pekanbaru,2025-01-07
3687,Maya Nugraha,30,Office Worker,Medan,2026-01-24
3688,Citra Putra,19,College Student,Bandung,2026-03-12
3689,Rian Pratama,15,High School Student,Jakarta,2025-04-26
3690,Nanda Ramadhan,17,High School Student,Surabaya,2025-04-13
3691,Rian Permata,29,Office Worker,Bandung,2025-01-03
3692,Fajar Pratama,19,College Student,Padang,2026-06-28
3693,Intan Permata,24,Office Worker,Yogyakarta,2025-03-21
3694,Intan Kurniawan,17,High School Student,Medan,2026-01-31
3695,Maya Sari,23,College Student,Makassar,2026-01-24
3696,Rian Nugraha,16,High School Student,Bandung,2025-09-17
3697,Citra Lestari,25,Office Worker,Bandung,2025-11-08
3698,Fajar Permata,30,Office Worker,Palembang,2025-12-02
3699,Oki Kurniawan,35,Office Worker,Makassar,2025-07-29
3700,Oki Permata,24,College Student,Palembang,2026-05-26
3701,Karin Ramadhan,35,Office Worker,Palembang,2026-03-24
3702,Budi Wijaya,32,Office Worker,Yogyakarta,2025-02-14
3703,Putri Sari,21,College Student,Palembang,2026-02-08
3704,Karin Permata,22,Office Worker,Semarang,2025-11-05
3705,Putri Lestari,25,Office Worker,Yogyakarta,2025-08-15
3706,Putri Sari,31,Office Worker,Jakarta,2025-12-15
3707,Maya Nugraha,32,Office Worker,Makassar,2025-04-23
3708,Andi Nugraha,23,College Student,Bandung,2025-01-30
3709,Nanda Saputra,23,College Student,Makassar,2025-10-03
3710,Salsa Kurniawan,31,Office Worker,Bandung,2025-12-28
3711,Maya Saputra,16,High School Student,Medan,2025-03-28
3712,Tio Putra,26,Office Worker,Makassar,2026-03-12
3713,Rian Permata,24,Office Worker,Jakarta,2025-01-22
3714,Nanda Wijaya,23,Office Worker,Semarang,2026-01-20
3715,Rian Wijaya,24,Office Worker,Surabaya,2025-01-21
3716,Maya Kurniawan,18,College Student,Jakarta,2026-05-06
3717,Salsa Pratama,20,College Student,Makassar,2026-04-12
3718,Gita Sari,17,High School Student,Jakarta,2026-04-01
3719,Eka Saputra,18,College Student,Yogyakarta,2025-08-09
3720,Rian Nugraha,19,College Student,Surabaya,2026-05-13
3721,Joko Permata,20,College Student,Yogyakarta,2025-06-08
3722,Intan Nugraha,33,Office Worker,Semarang,2025-05-23
3723,Karin Lestari,24,Office Worker,Palembang,2025-02-14
3724,Lina Saputra,16,High School Student,Makassar,2026-03-27
3725,Dina Kurniawan,23,College Student,Jakarta,2025-08-24
3726,Hadi Wijaya,28,Office Worker,Yogyakarta,2025-08-13
3727,Maya Saputra,15,High School Student,Palembang,2026-02-12
3728,Tio Nugraha,16,High School Student,Surabaya,2025-10-21
3729,Joko Putra,16,High School Student,Pekanbaru,2025-10-07
3730,Rian Permata,22,College Student,Palembang,2026-02-21
3731,Putri Pratama,17,High School Student,Semarang,2025-05-27
3732,Andi Nugraha,27,Office Worker,Jakarta,2026-04-16
3733,Oki Pratama,20,College Student,Jakarta,2025-02-18
3734,Karin Ramadhan,24,College Student,Jakarta,2025-01-17
3735,Eka Permata,17,High School Student,Bandung,2025-05-29
3736,Intan Saputra,18,College Student,Jakarta,2025-07-31
3737,Citra Saputra,24,Office Worker,Padang,2025-03-04
3738,Lina Pratama,28,Office Worker,Medan,2026-06-20
3739,Dina Putra,33,Office Worker,Makassar,2026-06-29
3740,Tio Nugraha,21,College Student,Semarang,2026-05-02
3741,Eka Kurniawan,29,Office Worker,Bandung,2026-04-25
3742,Rian Pratama,35,Office Worker,Jakarta,2025-02-13
3743,Budi Putra,23,Office Worker,Semarang,2026-04-01
3744,Andi Permata,18,High School Student,Yogyakarta,2026-05-26
3745,Intan Saputra,15,High School Student,Semarang,2025-12-21
3746,Citra Ramadhan,15,High School Student,Palembang,2025-01-12
3747,Maya Lestari,29,Office Worker,Bandung,2025-12-22
3748,Citra Permata,23,College Student,Padang,2025-05-17
3749,Intan Kurniawan,19,College Student,Semarang,2026-04-19
3750,Joko Nugraha,22,Office Worker,Jakarta,2025-02-22
3751,Lina Putra,28,Office Worker,Medan,2025-04-23
3752,Rian Ramadhan,22,Office Worker,Jakarta,2026-04-23
3753,Eka Putra,24,College Student,Padang,2025-12-01
3754,Hadi Saputra,35,Office Worker,Pekanbaru,2026-02-21
3755,Karin Ramadhan,19,College Student,Padang,2025-03-08
3756,Joko Lestari,18,High School Student,Medan,2025-11-16
3757,Oki Ramadhan,16,High School Student,Pekanbaru,2025-09-11
3758,Tio Pratama,20,College Student,Makassar,2026-02-05
3759,Joko Nugraha,22,College Student,Palembang,2025-10-27
3760,Putri Lestari,33,Office Worker,Semarang,2025-01-05
3761,Eka Nugraha,17,High School Student,Jakarta,2026-03-22
3762,Andi Saputra,22,Office Worker,Padang,2025-08-23
3763,Eka Sari,22,College Student,Jakarta,2026-03-23
3764,Tio Pratama,22,College Student,Jakarta,2025-02-08
3765,Karin Saputra,19,College Student,Surabaya,2025-07-19
3766,Citra Kurniawan,22,College Student,Medan,2025-01-21
3767,Dina Putra,23,College Student,Pekanbaru,2025-03-15
3768,Maya Kurniawan,22,College Student,Makassar,2025-05-29
3769,Citra Ramadhan,15,High School Student,Yogyakarta,2025-10-11
3770,Hadi Lestari,16,High School Student,Bandung,2025-03-27
3771,Gita Kurniawan,23,College Student,Semarang,2025-04-12
3772,Rian Kurniawan,24,Office Worker,Pekanbaru,2026-06-15
3773,Putri Nugraha,22,College Student,Yogyakarta,2025-03-04
3774,Salsa Saputra,31,Office Worker,Medan,2026-02-12
3775,Vina Permata,28,Office Worker,Jakarta,2025-06-22
3776,Eka Sari,24,Office Worker,Palembang,2026-06-05
3777,Oki Pratama,23,Office Worker,Pekanbaru,2026-06-05
3778,Joko Permata,22,College Student,Makassar,2026-06-17
3779,Intan Putra,24,Office Worker,Jakarta,2025-01-24
3780,Citra Ramadhan,26,Office Worker,Palembang,2025-04-05
3781,Intan Putra,18,College Student,Medan,2025-10-23
3782,Gita Pratama,20,College Student,Surabaya,2025-06-29
3783,Eka Sari,16,High School Student,Yogyakarta,2025-05-11
3784,Maya Saputra,22,Office Worker,Yogyakarta,2026-06-17
3785,Nanda Saputra,25,Office Worker,Semarang,2025-01-08
3786,Citra Pratama,16,High School Student,Jakarta,2025-07-20
3787,Tio Sari,24,College Student,Surabaya,2026-01-20
3788,Dina Putra,22,College Student,Jakarta,2026-06-10
3789,Hadi Pratama,16,High School Student,Surabaya,2026-02-10
3790,Putri Kurniawan,33,Office Worker,Palembang,2026-01-08
3791,Budi Saputra,16,High School Student,Padang,2025-06-13
3792,Hadi Ramadhan,15,High School Student,Semarang,2026-06-07
3793,Tio Saputra,23,College Student,Pekanbaru,2025-12-20
3794,Eka Putra,29,Office Worker,Pekanbaru,2026-02-13
3795,Fajar Wijaya,16,High School Student,Padang,2026-05-26
3796,Lina Kurniawan,24,Office Worker,Surabaya,2025-07-31
3797,Joko Ramadhan,24,College Student,Medan,2025-12-11
3798,Rian Saputra,18,High School Student,Jakarta,2025-01-11
3799,Putri Permata,16,High School Student,Yogyakarta,2025-12-02
3800,Salsa Wijaya,21,College Student,Makassar,2025-12-06
3801,Putri Putra,23,College Student,Yogyakarta,2025-09-15
3802,Intan Ramadhan,22,Office Worker,Pekanbaru,2025-02-23
3803,Dina Saputra,24,Office Worker,Pekanbaru,2025-10-23
3804,Joko Sari,26,Office Worker,Medan,2025-08-05
3805,Eka Lestari,19,College Student,Bandung,2026-01-23
3806,Dina Lestari,22,Office Worker,Surabaya,2025-04-17
3807,Fajar Saputra,21,College Student,Makassar,2026-04-18
3808,Budi Kurniawan,23,College Student,Jakarta,2025-01-08
3809,Maya Nugraha,17,High School Student,Pekanbaru,2026-06-28
3810,Gita Kurniawan,18,High School Student,Yogyakarta,2025-06-17
3811,Eka Kurniawan,28,Office Worker,Medan,2025-11-27
3812,Rian Wijaya,23,College Student,Palembang,2025-02-06
3813,Dina Saputra,17,High School Student,Yogyakarta,2025-08-19
3814,Citra Sari,27,Office Worker,Pekanbaru,2025-07-02
3815,Hadi Kurniawan,18,College Student,Semarang,2025-10-19
3816,Intan Permata,19,College Student,Surabaya,2026-06-06
3817,Lina Nugraha,22,College Student,Semarang,2025-03-11
3818,Andi Kurniawan,31,Office Worker,Jakarta,2025-08-25
3819,Citra Lestari,29,Office Worker,Jakarta,2026-04-09
3820,Joko Putra,20,College Student,Palembang,2025-04-28
3821,Citra Ramadhan,19,College Student,Medan,2025-07-10
3822,Eka Putra,23,College Student,Yogyakarta,2026-05-21
3823,Tio Pratama,35,Office Worker,Surabaya,2026-05-19
3824,Lina Kurniawan,20,College Student,Yogyakarta,2026-02-05
3825,Citra Saputra,18,High School Student,Jakarta,2025-11-13
3826,Dina Putra,16,High School Student,Makassar,2025-08-10
3827,Fajar Lestari,20,College Student,Medan,2025-07-08
3828,Oki Pratama,23,College Student,Bandung,2025-10-19
3829,Eka Ramadhan,26,Office Worker,Yogyakarta,2025-08-11
3830,Eka Wijaya,16,High School Student,Makassar,2026-02-21
3831,Nanda Permata,18,College Student,Makassar,2026-02-11
3832,Eka Saputra,24,Office Worker,Bandung,2025-02-07
3833,Budi Permata,28,Office Worker,Palembang,2026-03-29
3834,Lina Pratama,19,College Student,Pekanbaru,2025-07-26
3835,Dina Sari,20,College Student,Semarang,2026-02-04
3836,Oki Putra,21,College Student,Padang,2025-07-06
3837,Budi Wijaya,35,Office Worker,Medan,2025-12-26
3838,Andi Sari,17,High School Student,Makassar,2025-01-06
3839,Dina Lestari,26,Office Worker,Yogyakarta,2025-05-13
3840,Karin Lestari,24,Office Worker,Yogyakarta,2026-04-18
3841,Salsa Pratama,22,College Student,Semarang,2026-05-28
3842,Rian Kurniawan,18,High School Student,Palembang,2025-03-24
3843,Rian Wijaya,23,College Student,Jakarta,2026-01-12
3844,Salsa Permata,19,College Student,Semarang,2025-12-01
3845,Andi Pratama,16,High School Student,Palembang,2025-04-12
3846,Dina Permata,25,Office Worker,Surabaya,2025-10-15
3847,Hadi Putra,30,Office Worker,Yogyakarta,2025-01-31
3848,Hadi Kurniawan,19,College Student,Yogyakarta,2025-11-10
3849,Andi Kurniawan,23,Office Worker,Makassar,2025-06-03
3850,Andi Sari,18,High School Student,Medan,2025-06-02
3851,Vina Kurniawan,18,College Student,Pekanbaru,2025-08-20
3852,Putri Pratama,17,High School Student,Makassar,2025-05-01
3853,Intan Ramadhan,27,Office Worker,Surabaya,2025-07-04
3854,Vina Nugraha,32,Office Worker,Yogyakarta,2026-04-01
3855,Oki Sari,32,Office Worker,Makassar,2026-01-23
3856,Joko Permata,16,High School Student,Palembang,2025-08-14
3857,Citra Saputra,21,College Student,Makassar,2025-07-14
3858,Andi Ramadhan,19,College Student,Padang,2025-01-26
3859,Salsa Putra,22,College Student,Jakarta,2025-07-13
3860,Karin Lestari,22,Office Worker,Jakarta,2025-01-19
3861,Dina Kurniawan,23,Office Worker,Semarang,2026-06-21
3862,Dina Permata,24,Office Worker,Jakarta,2025-09-21
3863,Lina Putra,18,College Student,Palembang,2026-05-30
3864,Maya Putra,22,College Student,Jakarta,2026-04-16
3865,Citra Saputra,16,High School Student,Makassar,2025-08-27
3866,Oki Kurniawan,19,College Student,Jakarta,2025-10-16
3867,Nanda Kurniawan,21,College Student,Pekanbaru,2026-01-03
3868,Eka Putra,23,Office Worker,Palembang,2026-02-16
3869,Citra Nugraha,31,Office Worker,Yogyakarta,2025-01-22
3870,Intan Permata,15,High School Student,Medan,2025-12-20
3871,Citra Sari,22,College Student,Makassar,2026-06-26
3872,Hadi Nugraha,15,High School Student,Padang,2026-02-24
3873,Maya Putra,17,High School Student,Bandung,2025-11-11
3874,Eka Kurniawan,26,Office Worker,Pekanbaru,2025-11-25
3875,Gita Nugraha,15,High School Student,Palembang,2026-04-15
3876,Intan Nugraha,19,College Student,Padang,2026-04-08
3877,Hadi Permata,18,High School Student,Semarang,2026-03-16
3878,Intan Ramadhan,22,Office Worker,Medan,2025-09-05
3879,Nanda Wijaya,18,College Student,Jakarta,2025-06-20
3880,Maya Wijaya,15,High School Student,Bandung,2025-10-06
3881,Dina Pratama,23,College Student,Makassar,2025-05-28
3882,Andi Permata,22,Office Worker,Yogyakarta,2025-05-23
3883,Gita Ramadhan,29,Office Worker,Jakarta,2025-03-12
3884,Vina Kurniawan,15,High School Student,Jakarta,2025-11-07
3885,Hadi Nugraha,28,Office Worker,Surabaya,2026-04-12
3886,Eka Ramadhan,28,Office Worker,Yogyakarta,2025-02-10
3887,Andi Permata,28,Office Worker,Jakarta,2025-12-22
3888,Intan Permata,27,Office Worker,Pekanbaru,2025-05-24
3889,Budi Ramadhan,32,Office Worker,Bandung,2025-10-06
3890,Budi Wijaya,18,College Student,Semarang,2026-04-16
3891,Gita Permata,33,Office Worker,Jakarta,2025-02-27
3892,Rian Kurniawan,24,College Student,Bandung,2025-06-17
3893,Intan Wijaya,23,Office Worker,Palembang,2025-06-15
3894,Eka Kurniawan,24,College Student,Pekanbaru,2026-01-08
3895,Fajar Saputra,23,Office Worker,Yogyakarta,2025-03-23
3896,Andi Kurniawan,27,Office Worker,Jakarta,2025-05-14
3897,Rian Nugraha,16,High School Student,Padang,2025-12-30
3898,Rian Nugraha,31,Office Worker,Jakarta,2026-04-30
3899,Karin Lestari,23,College Student,Palembang,2025-02-15
3900,Rian Kurniawan,23,Office Worker,Jakarta,2025-09-19
3901,Andi Nugraha,18,College Student,Jakarta,2026-04-14
3902,Putri Sari,24,College Student,Surabaya,2025-08-10
3903,Lina Putra,24,Office Worker,Medan,2025-04-02
3904,Salsa Pratama,23,College Student,Padang,2025-01-19
3905,Vina Permata,33,Office Worker,Pekanbaru,2025-09-27
3906,Lina Ramadhan,23,College Student,Medan,2026-02-19
3907,Andi Pratama,22,College Student,Jakarta,2025-09-04
3908,Citra Nugraha,21,College Student,Surabaya,2025-10-29
3909,Lina Ramadhan,22,College Student,Jakarta,2025-01-16
3910,Maya Nugraha,23,College Student,Jakarta,2026-05-18
3911,Intan Saputra,15,High School Student,Jakarta,2026-01-30
3912,Andi Ramadhan,21,College Student,Jakarta,2025-07-03
3913,Eka Lestari,15,High School Student,Yogyakarta,2026-03-17
3914,Dina Ramadhan,27,Office Worker,Palembang,2025-09-07
3915,Citra Pratama,27,Office Worker,Padang,2026-01-11
3916,Karin Permata,19,College Student,Semarang,2026-04-03
3917,Vina Pratama,27,Office Worker,Makassar,2025-03-29
3918,Dina Sari,24,College Student,Medan,2025-12-12
3919,Citra Lestari,29,Office Worker,Surabaya,2026-01-25
3920,Andi Permata,35,Office Worker,Makassar,2025-06-29
3921,Tio Pratama,29,Office Worker,Yogyakarta,2026-01-11
3922,Putri Wijaya,18,College Student,Yogyakarta,2025-07-02
3923,Vina Nugraha,31,Office Worker,Pekanbaru,2025-11-25
3924,Salsa Saputra,20,College Student,Padang,2026-05-05
3925,Fajar Nugraha,34,Office Worker,Pekanbaru,2025-07-19
3926,Andi Wijaya,18,High School Student,Palembang,2026-04-24
3927,Eka Saputra,24,Office Worker,Surabaya,2026-03-31
3928,Andi Kurniawan,31,Office Worker,Yogyakarta,2026-03-16
3929,Budi Lestari,28,Office Worker,Makassar,2026-05-14
3930,Dina Wijaya,17,High School Student,Pekanbaru,2025-06-05
3931,Rian Lestari,22,Office Worker,Surabaya,2026-04-04
3932,Lina Permata,18,High School Student,Semarang,2025-07-02
3933,Gita Lestari,25,Office Worker,Jakarta,2026-03-12
3934,Eka Permata,15,High School Student,Makassar,2025-02-15
3935,Vina Saputra,23,College Student,Palembang,2025-09-01
3936,Putri Permata,23,College Student,Jakarta,2025-06-05
3937,Budi Kurniawan,20,College Student,Padang,2026-01-29
3938,Joko Sari,15,High School Student,Semarang,2025-09-06
3939,Tio Sari,16,High School Student,Bandung,2025-09-12
3940,Andi Pratama,22,College Student,Jakarta,2025-12-28
3941,Vina Permata,22,Office Worker,Padang,2026-01-12
3942,Vina Kurniawan,24,Office Worker,Yogyakarta,2025-06-02
3943,Fajar Wijaya,17,High School Student,Bandung,2025-08-28
3944,Budi Saputra,18,College Student,Semarang,2026-04-05
3945,Tio Sari,15,High School Student,Medan,2025-06-01
3946,Citra Saputra,17,High School Student,Jakarta,2026-03-16
3947,Vina Permata,22,Office Worker,Surabaya,2025-08-28
3948,Tio Kurniawan,28,Office Worker,Surabaya,2025-07-02
3949,Putri Ramadhan,18,High School Student,Makassar,2025-11-06
3950,Lina Ramadhan,15,High School Student,Makassar,2025-09-16
3951,Maya Putra,17,High School Student,Bandung,2026-04-05
3952,Eka Permata,26,Office Worker,Medan,2026-03-07
3953,Gita Nugraha,28,Office Worker,Makassar,2026-05-15
3954,Dina Nugraha,15,High School Student,Medan,2025-03-17
3955,Putri Permata,16,High School Student,Surabaya,2025-10-24
3956,Hadi Putra,27,Office Worker,Jakarta,2025-12-28
3957,Rian Wijaya,22,Office Worker,Semarang,2025-07-02
3958,Vina Saputra,23,College Student,Medan,2025-02-28
3959,Maya Nugraha,15,High School Student,Palembang,2026-02-10
3960,Karin Putra,15,High School Student,Padang,2026-06-11
3961,Lina Saputra,21,College Student,Jakarta,2025-07-06
3962,Intan Sari,21,College Student,Jakarta,2025-01-25
3963,Fajar Putra,16,High School Student,Makassar,2025-10-26
3964,Nanda Saputra,22,College Student,Makassar,2025-07-11
3965,Nanda Nugraha,17,High School Student,Palembang,2025-05-11
3966,Vina Putra,26,Office Worker,Jakarta,2026-05-19
3967,Maya Pratama,22,College Student,Medan,2025-07-26
3968,Lina Wijaya,16,High School Student,Padang,2025-08-26
3969,Joko Putra,20,College Student,Medan,2025-07-11
3970,Eka Permata,18,College Student,Makassar,2025-01-28
3971,Fajar Nugraha,34,Office Worker,Jakarta,2025-04-17
3972,Citra Nugraha,22,College Student,Palembang,2025-08-11
3973,Dina Pratama,22,College Student,Surabaya,2026-01-15
3974,Rian Sari,33,Office Worker,Pekanbaru,2026-03-05
3975,Dina Pratama,22,College Student,Palembang,2025-03-25
3976,Fajar Pratama,29,Office Worker,Medan,2026-05-13
3977,Hadi Kurniawan,18,College Student,Jakarta,2025-08-25
3978,Karin Wijaya,24,College Student,Padang,2025-05-29
3979,Gita Nugraha,17,High School Student,Makassar,2025-02-04
3980,Citra Nugraha,22,College Student,Padang,2025-04-07
3981,Putri Lestari,30,Office Worker,Jakarta,2025-08-21
3982,Gita Kurniawan,23,Office Worker,Yogyakarta,2026-02-11
3983,Vina Nugraha,17,High School Student,Bandung,2026-06-09
3984,Joko Saputra,18,High School Student,Surabaya,2026-05-04
3985,Intan Kurniawan,24,Office Worker,Medan,2026-02-08
3986,Dina Nugraha,25,Office Worker,Surabaya,2025-08-11
3987,Gita Lestari,15,High School Student,Medan,2026-02-07
3988,Gita Lestari,24,College Student,Yogyakarta,2026-03-27
3989,Karin Putra,24,College Student,Bandung,2025-07-03
3990,Salsa Kurniawan,35,Office Worker,Medan,2025-10-04
3991,Putri Permata,16,High School Student,Jakarta,2026-01-21
3992,Rian Pratama,17,High School Student,Padang,2026-05-08
3993,Eka Wijaya,24,Office Worker,Jakarta,2025-10-22
3994,Rian Pratama,17,High School Student,Bandung,2025-03-02
3995,Salsa Pratama,18,College Student,Surabaya,2025-05-26
3996,Intan Permata,19,College Student,Jakarta,2026-06-10
3997,Gita Nugraha,22,College Student,Surabaya,2025-07-02
3998,Putri Sari,23,College Student,Padang,2025-11-11
3999,Maya Sari,19,College Student,Medan,2025-02-05
4000,Rian Pratama,16,High School Student,Bandung,2025-02-25
4001,Tio Lestari,24,College Student,Bandung,2025-02-10
4002,Budi Sari,31,Office Worker,Palembang,2026-01-18
4003,Citra Sari,22,Office Worker,Semarang,2025-06-18
4004,Karin Pratama,16,High School Student,Pekanbaru,2025-06-20
4005,Oki Wijaya,15,High School Student,Makassar,2026-04-01
4006,Karin Ramadhan,23,College Student,Makassar,2026-05-06
4007,Oki Kurniawan,23,College Student,Jakarta,2025-10-21
4008,Eka Wijaya,24,College Student,Bandung,2025-09-21
4009,Eka Ramadhan,30,Office Worker,Yogyakarta,2025-09-04
4010,Maya Saputra,16,High School Student,Jakarta,2025-05-28
4011,Vina Pratama,16,High School Student,Pekanbaru,2026-03-17
4012,Oki Permata,18,College Student,Makassar,2025-12-28
4013,Rian Permata,35,Office Worker,Palembang,2025-08-10
4014,Nanda Saputra,18,High School Student,Jakarta,2025-04-18
4015,Fajar Ramadhan,24,Office Worker,Semarang,2025-08-03
4016,Hadi Kurniawan,18,College Student,Surabaya,2025-05-10
4017,Andi Wijaya,29,Office Worker,Makassar,2025-10-27
4018,Fajar Pratama,33,Office Worker,Bandung,2026-03-11
4019,Hadi Ramadhan,18,College Student,Medan,2025-12-28
4020,Putri Pratama,18,High School Student,Semarang,2025-08-12
4021,Joko Saputra,18,College Student,Bandung,2026-05-02
4022,Nanda Putra,15,High School Student,Jakarta,2026-01-09
4023,Eka Pratama,35,Office Worker,Jakarta,2025-04-18
4024,Nanda Lestari,30,Office Worker,Padang,2025-12-17
4025,Salsa Permata,33,Office Worker,Makassar,2026-02-27
4026,Vina Sari,34,Office Worker,Bandung,2026-01-27
4027,Budi Sari,18,College Student,Jakarta,2025-03-17
4028,Gita Sari,17,High School Student,Palembang,2025-09-07
4029,Maya Wijaya,25,Office Worker,Jakarta,2025-08-29
4030,Fajar Permata,22,College Student,Padang,2025-08-14
4031,Rian Kurniawan,27,Office Worker,Surabaya,2026-04-18
4032,Salsa Kurniawan,18,College Student,Medan,2025-09-20
4033,Andi Sari,15,High School Student,Jakarta,2025-01-15
4034,Maya Lestari,32,Office Worker,Jakarta,2025-12-07
4035,Tio Lestari,18,High School Student,Semarang,2026-05-11
4036,Maya Lestari,25,Office Worker,Bandung,2026-03-17
4037,Nanda Kurniawan,35,Office Worker,Yogyakarta,2025-02-06
4038,Karin Wijaya,35,Office Worker,Semarang,2025-06-24
4039,Hadi Wijaya,27,Office Worker,Jakarta,2026-03-12
4040,Gita Sari,22,College Student,Makassar,2025-10-20
4041,Gita Pratama,22,Office Worker,Jakarta,2025-10-28
4042,Eka Pratama,19,College Student,Yogyakarta,2025-12-05
4043,Maya Putra,21,College Student,Medan,2025-01-23
4044,Rian Wijaya,31,Office Worker,Jakarta,2025-12-16
4045,Joko Wijaya,24,College Student,Makassar,2025-03-07
4046,Gita Permata,21,College Student,Makassar,2026-01-30
4047,Citra Ramadhan,23,College Student,Padang,2026-03-09
4048,Lina Lestari,18,College Student,Medan,2025-01-29
4049,Joko Nugraha,30,Office Worker,Makassar,2025-03-24
4050,Lina Ramadhan,18,High School Student,Pekanbaru,2026-04-21
4051,Tio Lestari,34,Office Worker,Bandung,2026-03-11
4052,Eka Kurniawan,29,Office Worker,Medan,2025-05-13
4053,Vina Saputra,27,Office Worker,Yogyakarta,2025-04-25
4054,Tio Wijaya,18,College Student,Yogyakarta,2025-02-03
4055,Dina Permata,28,Office Worker,Makassar,2025-03-19
4056,Eka Sari,15,High School Student,Bandung,2025-10-02
4057,Dina Sari,24,Office Worker,Palembang,2025-12-10
4058,Citra Nugraha,18,High School Student,Jakarta,2025-03-22
4059,Vina Kurniawan,30,Office Worker,Semarang,2025-03-13
4060,Salsa Lestari,24,Office Worker,Pekanbaru,2025-05-25
4061,Andi Sari,18,College Student,Bandung,2025-02-07
4062,Karin Pratama,15,High School Student,Palembang,2026-04-19
4063,Oki Kurniawan,28,Office Worker,Jakarta,2025-06-20
4064,Gita Kurniawan,22,College Student,Surabaya,2025-02-09
4065,Fajar Sari,34,Office Worker,Medan,2025-06-22
4066,Citra Kurniawan,16,High School Student,Yogyakarta,2026-02-28
4067,Citra Ramadhan,18,High School Student,Surabaya,2025-07-18
4068,Vina Kurniawan,22,Office Worker,Jakarta,2025-08-10
4069,Andi Kurniawan,27,Office Worker,Jakarta,2026-03-26
4070,Lina Permata,35,Office Worker,Palembang,2026-03-04
4071,Putri Nugraha,23,College Student,Jakarta,2026-03-24
4072,Rian Pratama,35,Office Worker,Yogyakarta,2026-03-08
4073,Fajar Lestari,21,College Student,Makassar,2025-11-18
4074,Oki Pratama,28,Office Worker,Padang,2025-06-01
4075,Maya Saputra,28,Office Worker,Semarang,2025-02-14
4076,Tio Sari,21,College Student,Medan,2025-11-20
4077,Budi Nugraha,18,College Student,Surabaya,2026-02-16
4078,Lina Lestari,21,College Student,Jakarta,2025-09-18
4079,Hadi Putra,22,Office Worker,Padang,2025-08-07
4080,Karin Saputra,15,High School Student,Makassar,2025-02-16
4081,Andi Kurniawan,31,Office Worker,Makassar,2025-10-30
4082,Dina Kurniawan,17,High School Student,Makassar,2025-07-09
4083,Gita Ramadhan,28,Office Worker,Makassar,2025-12-02
4084,Joko Permata,25,Office Worker,Jakarta,2025-08-08
4085,Nanda Pratama,18,High School Student,Jakarta,2025-04-29
4086,Eka Ramadhan,15,High School Student,Medan,2025-03-23
4087,Rian Sari,18,High School Student,Semarang,2025-01-13
4088,Hadi Nugraha,22,Office Worker,Medan,2026-04-23
4089,Budi Saputra,22,Office Worker,Makassar,2025-10-26
4090,Gita Permata,16,High School Student,Semarang,2025-04-02
4091,Putri Wijaya,23,Office Worker,Palembang,2025-10-03
4092,Intan Sari,24,College Student,Jakarta,2025-10-31
4093,Budi Pratama,19,College Student,Jakarta,2025-09-30
4094,Karin Saputra,22,Office Worker,Medan,2026-02-16
4095,Lina Wijaya,23,College Student,Makassar,2025-02-05
4096,Nanda Wijaya,23,College Student,Surabaya,2026-02-26
4097,Joko Kurniawan,16,High School Student,Palembang,2026-04-23
4098,Joko Permata,16,High School Student,Makassar,2026-05-17
4099,Dina Wijaya,18,College Student,Bandung,2025-12-04
4100,Joko Pratama,15,High School Student,Jakarta,2026-02-14
4101,Lina Kurniawan,25,Office Worker,Pekanbaru,2026-04-08
4102,Andi Pratama,24,College Student,Pekanbaru,2026-05-28
4103,Andi Nugraha,20,College Student,Makassar,2025-03-22
4104,Putri Sari,16,High School Student,Jakarta,2026-04-24
4105,Joko Pratama,23,College Student,Medan,2026-01-21
4106,Intan Ramadhan,22,Office Worker,Surabaya,2026-02-24
4107,Oki Permata,28,Office Worker,Pekanbaru,2026-03-16
4108,Oki Lestari,18,High School Student,Jakarta,2025-02-04
4109,Putri Wijaya,30,Office Worker,Semarang,2026-05-16
4110,Vina Permata,20,College Student,Padang,2025-07-03
4111,Vina Ramadhan,24,College Student,Semarang,2025-05-28
4112,Putri Sari,20,College Student,Medan,2025-09-21
4113,Karin Wijaya,16,High School Student,Medan,2026-05-04
4114,Rian Nugraha,17,High School Student,Makassar,2025-10-09
4115,Maya Lestari,24,Office Worker,Bandung,2025-07-21
4116,Eka Putra,21,College Student,Bandung,2026-02-21
4117,Lina Saputra,25,Office Worker,Pekanbaru,2025-11-13
4118,Citra Saputra,23,College Student,Palembang,2025-08-16
4119,Rian Saputra,18,High School Student,Surabaya,2025-03-09
4120,Lina Pratama,28,Office Worker,Padang,2026-04-25
4121,Fajar Pratama,21,College Student,Bandung,2025-04-11
4122,Budi Putra,21,College Student,Jakarta,2025-08-31
4123,Nanda Ramadhan,31,Office Worker,Bandung,2025-03-31
4124,Intan Pratama,27,Office Worker,Makassar,2025-05-07
4125,Eka Sari,30,Office Worker,Yogyakarta,2026-02-03
4126,Intan Kurniawan,35,Office Worker,Jakarta,2025-10-29
4127,Dina Permata,27,Office Worker,Jakarta,2026-05-09
4128,Oki Permata,35,Office Worker,Jakarta,2026-02-25
4129,Citra Putra,20,College Student,Bandung,2025-05-22
4130,Nanda Kurniawan,15,High School Student,Yogyakarta,2025-09-10
4131,Tio Ramadhan,20,College Student,Surabaya,2025-03-14
4132,Citra Saputra,16,High School Student,Jakarta,2025-08-02
4133,Putri Wijaya,31,Office Worker,Surabaya,2026-01-14
4134,Budi Saputra,34,Office Worker,Jakarta,2025-10-26
4135,Joko Wijaya,22,College Student,Medan,2026-01-14
4136,Hadi Saputra,18,High School Student,Palembang,2026-05-07
4137,Karin Sari,31,Office Worker,Surabaya,2025-10-31
4138,Tio Kurniawan,19,College Student,Jakarta,2026-05-13
4139,Gita Kurniawan,24,Office Worker,Medan,2025-08-25
4140,Budi Ramadhan,19,College Student,Yogyakarta,2025-08-18
4141,Eka Saputra,24,College Student,Jakarta,2025-01-07
4142,Dina Permata,15,High School Student,Jakarta,2025-09-13
4143,Maya Sari,17,High School Student,Surabaya,2025-06-20
4144,Andi Permata,23,Office Worker,Medan,2025-10-15
4145,Eka Putra,24,Office Worker,Bandung,2025-08-22
4146,Citra Nugraha,24,Office Worker,Jakarta,2026-05-08
4147,Tio Sari,18,High School Student,Bandung,2025-07-30
4148,Joko Wijaya,22,College Student,Medan,2026-01-02
4149,Budi Sari,29,Office Worker,Jakarta,2025-08-17
4150,Intan Nugraha,32,Office Worker,Semarang,2025-12-11
4151,Lina Ramadhan,18,High School Student,Pekanbaru,2025-03-18
4152,Joko Wijaya,16,High School Student,Medan,2026-04-05
4153,Maya Lestari,32,Office Worker,Padang,2025-09-22
4154,Eka Nugraha,23,College Student,Palembang,2026-05-19
4155,Citra Putra,24,College Student,Makassar,2025-09-02
4156,Fajar Wijaya,18,High School Student,Yogyakarta,2026-03-05
4157,Rian Lestari,19,College Student,Pekanbaru,2025-04-01
4158,Andi Lestari,32,Office Worker,Yogyakarta,2026-03-21
4159,Lina Saputra,25,Office Worker,Medan,2025-08-21
4160,Joko Nugraha,18,College Student,Surabaya,2026-03-30
4161,Andi Pratama,21,College Student,Bandung,2025-12-15
4162,Vina Lestari,15,High School Student,Surabaya,2025-04-04
4163,Oki Ramadhan,22,College Student,Jakarta,2026-02-26
4164,Andi Lestari,19,College Student,Jakarta,2026-05-05
4165,Intan Putra,29,Office Worker,Jakarta,2025-05-04
4166,Gita Lestari,23,College Student,Makassar,2025-08-21
4167,Salsa Kurniawan,16,High School Student,Jakarta,2025-03-05
4168,Lina Putra,17,High School Student,Padang,2025-06-12
4169,Maya Lestari,23,College Student,Makassar,2025-10-31
4170,Joko Kurniawan,16,High School Student,Palembang,2025-11-15
4171,Citra Sari,16,High School Student,Padang,2025-01-06
4172,Putri Pratama,35,Office Worker,Semarang,2025-10-28
4173,Oki Kurniawan,22,College Student,Surabaya,2025-04-11
4174,Citra Nugraha,24,College Student,Jakarta,2026-02-20
4175,Maya Putra,26,Office Worker,Yogyakarta,2025-12-26
4176,Fajar Lestari,24,Office Worker,Jakarta,2025-05-11
4177,Intan Wijaya,24,College Student,Yogyakarta,2026-01-21
4178,Gita Ramadhan,34,Office Worker,Jakarta,2025-01-20
4179,Eka Permata,19,College Student,Palembang,2025-10-22
4180,Eka Permata,22,College Student,Medan,2026-01-31
4181,Tio Sari,24,College Student,Makassar,2026-03-21
4182,Fajar Permata,23,Office Worker,Surabaya,2025-10-19
4183,Andi Pratama,30,Office Worker,Makassar,2026-05-05
4184,Intan Sari,24,College Student,Medan,2025-12-14
4185,Budi Lestari,15,High School Student,Semarang,2025-09-22
4186,Eka Permata,23,Office Worker,Palembang,2025-02-13
4187,Rian Kurniawan,16,High School Student,Jakarta,2025-03-16
4188,Oki Ramadhan,24,College Student,Semarang,2025-02-22
4189,Lina Ramadhan,29,Office Worker,Bandung,2025-10-13
4190,Vina Saputra,25,Office Worker,Surabaya,2025-03-07
4191,Oki Putra,35,Office Worker,Yogyakarta,2025-02-07
4192,Tio Sari,24,Office Worker,Makassar,2026-02-21
4193,Nanda Sari,24,College Student,Pekanbaru,2026-04-14
4194,Nanda Nugraha,23,Office Worker,Padang,2025-02-24
4195,Oki Nugraha,35,Office Worker,Padang,2025-04-26
4196,Oki Putra,15,High School Student,Yogyakarta,2025-10-06
4197,Dina Pratama,15,High School Student,Makassar,2026-03-30
4198,Rian Kurniawan,24,College Student,Palembang,2025-05-22
4199,Vina Pratama,18,College Student,Surabaya,2025-02-18
4200,Putri Saputra,25,Office Worker,Bandung,2026-01-04
4201,Joko Sari,23,Office Worker,Jakarta,2026-01-05
4202,Salsa Pratama,16,High School Student,Yogyakarta,2025-10-28
4203,Intan Nugraha,18,High School Student,Makassar,2025-12-18
4204,Maya Permata,22,Office Worker,Semarang,2025-07-14
4205,Vina Pratama,17,High School Student,Makassar,2025-11-01
4206,Citra Pratama,20,College Student,Surabaya,2025-09-07
4207,Eka Kurniawan,21,College Student,Palembang,2025-09-15
4208,Maya Putra,18,College Student,Padang,2026-03-26
4209,Eka Nugraha,17,High School Student,Padang,2025-02-28
4210,Lina Saputra,18,High School Student,Palembang,2025-08-09
4211,Putri Pratama,17,High School Student,Surabaya,2026-06-18
4212,Eka Ramadhan,19,College Student,Palembang,2025-12-28
4213,Maya Lestari,24,College Student,Palembang,2025-02-22
4214,Rian Kurniawan,17,High School Student,Yogyakarta,2026-06-13
4215,Putri Pratama,34,Office Worker,Semarang,2026-05-13
4216,Vina Putra,30,Office Worker,Surabaya,2025-06-04
4217,Salsa Putra,18,High School Student,Medan,2026-05-05
4218,Maya Kurniawan,22,College Student,Jakarta,2025-03-19
4219,Intan Pratama,28,Office Worker,Bandung,2025-06-23
4220,Intan Permata,20,College Student,Padang,2025-11-16
4221,Lina Putra,18,College Student,Jakarta,2025-02-01
4222,Nanda Kurniawan,22,Office Worker,Pekanbaru,2025-10-19
4223,Citra Ramadhan,32,Office Worker,Surabaya,2026-06-06
4224,Citra Pratama,23,Office Worker,Jakarta,2025-11-11
4225,Citra Permata,18,College Student,Medan,2025-09-24
4226,Budi Lestari,32,Office Worker,Bandung,2026-02-26
4227,Joko Permata,21,College Student,Jakarta,2025-09-02
4228,Dina Wijaya,26,Office Worker,Bandung,2025-04-01
4229,Andi Kurniawan,18,College Student,Bandung,2026-03-12
4230,Karin Lestari,18,High School Student,Surabaya,2026-05-04
4231,Putri Wijaya,30,Office Worker,Surabaya,2025-01-14
4232,Tio Wijaya,19,College Student,Medan,2025-10-13
4233,Salsa Pratama,24,College Student,Jakarta,2026-02-02
4234,Eka Putra,32,Office Worker,Jakarta,2026-03-03
4235,Nanda Wijaya,15,High School Student,Semarang,2025-12-27
4236,Fajar Wijaya,20,College Student,Surabaya,2025-02-12
4237,Fajar Permata,16,High School Student,Palembang,2025-10-21
4238,Karin Sari,30,Office Worker,Surabaya,2025-12-11
4239,Andi Pratama,31,Office Worker,Makassar,2025-08-30
4240,Oki Nugraha,19,College Student,Surabaya,2025-02-24
4241,Intan Nugraha,28,Office Worker,Palembang,2026-03-18
4242,Vina Putra,24,College Student,Bandung,2025-04-17
4243,Andi Sari,25,Office Worker,Padang,2025-11-09
4244,Karin Permata,19,College Student,Pekanbaru,2025-07-03
4245,Maya Ramadhan,20,College Student,Jakarta,2025-05-10
4246,Maya Sari,27,Office Worker,Jakarta,2026-05-14
4247,Karin Saputra,19,College Student,Makassar,2026-02-22
4248,Andi Wijaya,15,High School Student,Makassar,2025-02-18
4249,Andi Permata,19,College Student,Palembang,2025-11-16
4250,Fajar Nugraha,35,Office Worker,Yogyakarta,2025-09-10
4251,Karin Permata,20,College Student,Jakarta,2026-01-27
4252,Maya Ramadhan,15,High School Student,Semarang,2025-03-10
4253,Tio Kurniawan,21,College Student,Bandung,2026-03-18
4254,Oki Nugraha,21,College Student,Padang,2026-04-22
4255,Maya Lestari,18,High School Student,Yogyakarta,2026-01-12
4256,Andi Ramadhan,30,Office Worker,Jakarta,2026-06-29
4257,Vina Pratama,29,Office Worker,Semarang,2026-06-16
4258,Salsa Putra,21,College Student,Medan,2025-07-06
4259,Hadi Nugraha,24,College Student,Medan,2025-04-22
4260,Budi Kurniawan,19,College Student,Makassar,2025-07-03
4261,Karin Lestari,18,High School Student,Yogyakarta,2025-10-20
4262,Citra Ramadhan,22,Office Worker,Jakarta,2025-12-27
4263,Putri Nugraha,18,College Student,Palembang,2026-05-17
4264,Putri Kurniawan,18,College Student,Medan,2025-11-03
4265,Maya Lestari,34,Office Worker,Jakarta,2025-03-27
4266,Rian Kurniawan,24,College Student,Yogyakarta,2025-10-23
4267,Rian Lestari,29,Office Worker,Jakarta,2026-03-28
4268,Hadi Sari,17,High School Student,Jakarta,2025-06-20
4269,Nanda Ramadhan,26,Office Worker,Jakarta,2025-12-22
4270,Salsa Nugraha,26,Office Worker,Surabaya,2026-04-05
4271,Tio Saputra,34,Office Worker,Jakarta,2025-10-06
4272,Nanda Lestari,24,Office Worker,Palembang,2025-09-09
4273,Andi Kurniawan,15,High School Student,Medan,2025-01-08
4274,Salsa Pratama,21,College Student,Medan,2025-11-16
4275,Putri Putra,22,Office Worker,Jakarta,2025-05-31
4276,Karin Sari,18,College Student,Medan,2026-01-11
4277,Intan Sari,24,College Student,Surabaya,2025-12-31
4278,Andi Kurniawan,19,College Student,Surabaya,2026-03-16
4279,Joko Nugraha,16,High School Student,Bandung,2025-05-22
4280,Salsa Putra,21,College Student,Jakarta,2025-01-20
4281,Dina Wijaya,17,High School Student,Bandung,2025-01-12
4282,Maya Pratama,27,Office Worker,Palembang,2025-05-02
4283,Tio Permata,15,High School Student,Jakarta,2026-03-01
4284,Oki Kurniawan,15,High School Student,Surabaya,2025-08-17
4285,Karin Sari,24,College Student,Padang,2025-01-29
4286,Eka Putra,24,College Student,Makassar,2025-05-15
4287,Joko Saputra,23,Office Worker,Yogyakarta,2025-04-11
4288,Gita Pratama,19,College Student,Makassar,2026-01-11
4289,Citra Pratama,18,College Student,Yogyakarta,2025-11-07
4290,Rian Nugraha,33,Office Worker,Pekanbaru,2026-03-16
4291,Putri Wijaya,24,College Student,Yogyakarta,2026-04-02
4292,Nanda Wijaya,16,High School Student,Pekanbaru,2025-07-19
4293,Tio Pratama,19,College Student,Surabaya,2025-05-05
4294,Andi Lestari,29,Office Worker,Surabaya,2026-04-16
4295,Joko Wijaya,18,College Student,Pekanbaru,2025-01-22
4296,Maya Ramadhan,21,College Student,Yogyakarta,2025-02-19
4297,Karin Ramadhan,15,High School Student,Jakarta,2025-03-07
4298,Citra Kurniawan,15,High School Student,Jakarta,2025-05-10
4299,Hadi Wijaya,21,College Student,Yogyakarta,2025-10-29
4300,Eka Nugraha,21,College Student,Palembang,2025-11-23
4301,Nanda Nugraha,18,High School Student,Yogyakarta,2026-01-19
4302,Tio Nugraha,29,Office Worker,Makassar,2026-06-22
4303,Vina Permata,22,Office Worker,Bandung,2025-02-18
4304,Budi Kurniawan,19,College Student,Jakarta,2025-11-15
4305,Gita Pratama,24,Office Worker,Surabaya,2025-01-21
4306,Salsa Lestari,17,High School Student,Yogyakarta,2026-03-09
4307,Fajar Sari,18,College Student,Jakarta,2025-01-09
4308,Lina Saputra,30,Office Worker,Jakarta,2025-05-29
4309,Karin Ramadhan,31,Office Worker,Bandung,2026-03-13
4310,Tio Kurniawan,33,Office Worker,Surabaya,2026-05-14
4311,Dina Wijaya,18,College Student,Surabaya,2025-02-24
4312,Maya Wijaya,28,Office Worker,Yogyakarta,2025-10-24
4313,Budi Kurniawan,18,High School Student,Semarang,2026-06-02
4314,Hadi Nugraha,34,Office Worker,Yogyakarta,2025-08-17
4315,Nanda Kurniawan,33,Office Worker,Surabaya,2025-09-04
4316,Maya Saputra,17,High School Student,Pekanbaru,2025-10-09
4317,Fajar Sari,29,Office Worker,Padang,2025-09-14
4318,Citra Lestari,15,High School Student,Medan,2025-04-03
4319,Joko Lestari,22,College Student,Bandung,2025-08-02
4320,Intan Putra,24,College Student,Semarang,2025-05-13
4321,Hadi Putra,23,College Student,Padang,2026-05-12
4322,Intan Pratama,23,Office Worker,Jakarta,2025-03-27
4323,Hadi Saputra,34,Office Worker,Jakarta,2026-01-31
4324,Vina Pratama,18,College Student,Jakarta,2025-09-06
4325,Fajar Lestari,24,Office Worker,Jakarta,2025-10-16
4326,Andi Nugraha,28,Office Worker,Surabaya,2026-02-13
4327,Andi Kurniawan,15,High School Student,Surabaya,2025-11-05
4328,Vina Wijaya,32,Office Worker,Jakarta,2025-03-02
4329,Fajar Sari,16,High School Student,Padang,2026-05-19
4330,Intan Nugraha,23,Office Worker,Makassar,2026-06-11
4331,Putri Saputra,21,College Student,Jakarta,2025-11-07
4332,Citra Wijaya,17,High School Student,Bandung,2025-07-19
4333,Vina Lestari,21,College Student,Medan,2025-12-19
4334,Joko Ramadhan,24,Office Worker,Palembang,2025-03-16
4335,Citra Sari,20,College Student,Palembang,2025-09-28
4336,Dina Lestari,16,High School Student,Padang,2025-01-21
4337,Karin Putra,22,College Student,Semarang,2025-02-05
4338,Intan Putra,24,Office Worker,Yogyakarta,2025-07-17
4339,Lina Pratama,20,College Student,Makassar,2025-06-02
4340,Oki Wijaya,17,High School Student,Medan,2025-02-13
4341,Vina Ramadhan,22,College Student,Makassar,2026-06-29
4342,Eka Putra,18,High School Student,Semarang,2026-05-25
4343,Salsa Nugraha,33,Office Worker,Palembang,2026-02-20
4344,Oki Wijaya,24,Office Worker,Palembang,2026-02-13
4345,Nanda Lestari,24,College Student,Makassar,2025-10-23
4346,Oki Nugraha,21,College Student,Makassar,2025-07-22
4347,Vina Nugraha,25,Office Worker,Jakarta,2026-01-03
4348,Intan Sari,23,College Student,Padang,2026-03-02
4349,Rian Wijaya,33,Office Worker,Makassar,2025-07-29
4350,Dina Permata,23,Office Worker,Surabaya,2026-04-05
4351,Joko Ramadhan,22,Office Worker,Bandung,2025-12-28
4352,Citra Wijaya,20,College Student,Jakarta,2026-04-21
4353,Intan Nugraha,20,College Student,Pekanbaru,2025-10-31
4354,Nanda Sari,23,Office Worker,Semarang,2025-07-04
4355,Fajar Putra,18,College Student,Jakarta,2025-09-22
4356,Hadi Saputra,22,Office Worker,Palembang,2026-02-18
4357,Nanda Ramadhan,16,High School Student,Makassar,2026-02-06
4358,Gita Wijaya,34,Office Worker,Bandung,2025-06-22
4359,Vina Ramadhan,22,College Student,Jakarta,2025-03-24
4360,Fajar Nugraha,15,High School Student,Yogyakarta,2025-11-18
4361,Nanda Saputra,15,High School Student,Makassar,2025-12-12
4362,Lina Sari,34,Office Worker,Bandung,2025-03-13
4363,Eka Kurniawan,26,Office Worker,Semarang,2026-03-27
4364,Karin Permata,18,College Student,Pekanbaru,2025-07-27
4365,Nanda Lestari,18,High School Student,Bandung,2025-12-08
4366,Lina Saputra,34,Office Worker,Yogyakarta,2025-02-02
4367,Gita Sari,18,High School Student,Medan,2026-01-17
4368,Andi Nugraha,20,College Student,Semarang,2026-01-21
4369,Tio Kurniawan,16,High School Student,Surabaya,2025-04-19
4370,Intan Sari,15,High School Student,Yogyakarta,2025-06-11
4371,Intan Saputra,16,High School Student,Bandung,2025-01-16
4372,Joko Lestari,22,College Student,Surabaya,2025-01-14
4373,Rian Wijaya,18,High School Student,Surabaya,2025-09-03
4374,Karin Putra,18,College Student,Bandung,2025-02-15
4375,Oki Sari,24,College Student,Yogyakarta,2026-02-06
4376,Budi Wijaya,19,College Student,Jakarta,2025-02-17
4377,Intan Saputra,23,College Student,Pekanbaru,2026-02-14
4378,Maya Sari,32,Office Worker,Yogyakarta,2026-03-30
4379,Andi Wijaya,18,High School Student,Pekanbaru,2025-05-22
4380,Maya Pratama,24,College Student,Surabaya,2026-03-26
4381,Vina Pratama,16,High School Student,Yogyakarta,2025-07-08
4382,Eka Permata,15,High School Student,Padang,2026-04-02
4383,Nanda Lestari,21,College Student,Jakarta,2025-04-26
4384,Salsa Sari,22,College Student,Surabaya,2026-05-29
4385,Lina Putra,31,Office Worker,Pekanbaru,2025-01-13
4386,Dina Kurniawan,18,College Student,Palembang,2025-10-04
4387,Citra Ramadhan,25,Office Worker,Pekanbaru,2025-09-09
4388,Karin Sari,18,High School Student,Bandung,2025-08-16
4389,Gita Ramadhan,17,High School Student,Pekanbaru,2025-05-26
4390,Intan Pratama,17,High School Student,Surabaya,2025-08-05
4391,Maya Kurniawan,18,High School Student,Bandung,2025-10-21
4392,Intan Permata,19,College Student,Makassar,2025-10-08
4393,Lina Nugraha,35,Office Worker,Surabaya,2025-06-15
4394,Tio Sari,16,High School Student,Surabaya,2025-05-23
4395,Oki Saputra,26,Office Worker,Makassar,2026-05-13
4396,Hadi Kurniawan,23,Office Worker,Jakarta,2026-04-29
4397,Fajar Kurniawan,21,College Student,Pekanbaru,2026-02-17
4398,Fajar Wijaya,16,High School Student,Yogyakarta,2025-04-07
4399,Citra Saputra,18,High School Student,Bandung,2025-10-15
4400,Eka Permata,17,High School Student,Yogyakarta,2025-09-26
4401,Lina Ramadhan,15,High School Student,Yogyakarta,2025-07-28
4402,Putri Nugraha,18,College Student,Padang,2026-06-21
4403,Fajar Permata,17,High School Student,Jakarta,2025-11-01
4404,Nanda Wijaya,18,College Student,Makassar,2025-03-29
4405,Rian Nugraha,31,Office Worker,Palembang,2025-04-30
4406,Fajar Permata,33,Office Worker,Padang,2025-08-13
4407,Dina Putra,22,Office Worker,Makassar,2025-05-16
4408,Karin Putra,17,High School Student,Medan,2026-01-17
4409,Tio Sari,21,College Student,Pekanbaru,2025-01-11
4410,Eka Nugraha,22,College Student,Yogyakarta,2026-03-15
4411,Citra Saputra,17,High School Student,Surabaya,2025-01-10
4412,Citra Sari,18,High School Student,Yogyakarta,2025-11-11
4413,Citra Saputra,23,Office Worker,Bandung,2025-03-06
4414,Vina Nugraha,25,Office Worker,Semarang,2026-04-13
4415,Gita Pratama,19,College Student,Padang,2025-07-14
4416,Nanda Putra,21,College Student,Jakarta,2026-02-18
4417,Joko Wijaya,24,College Student,Jakarta,2025-01-01
4418,Karin Ramadhan,16,High School Student,Medan,2026-01-03
4419,Vina Nugraha,23,College Student,Semarang,2026-01-11
4420,Oki Ramadhan,18,High School Student,Palembang,2025-07-10
4421,Salsa Wijaya,15,High School Student,Yogyakarta,2025-10-17
4422,Oki Putra,23,Office Worker,Surabaya,2025-07-18
4423,Andi Lestari,20,College Student,Yogyakarta,2025-08-23
4424,Salsa Lestari,25,Office Worker,Jakarta,2025-08-18
4425,Hadi Lestari,21,College Student,Surabaya,2025-08-14
4426,Eka Pratama,23,College Student,Jakarta,2026-03-06
4427,Hadi Nugraha,15,High School Student,Makassar,2025-07-15
4428,Rian Permata,17,High School Student,Medan,2026-04-12
4429,Maya Pratama,16,High School Student,Surabaya,2026-03-17
4430,Maya Kurniawan,23,Office Worker,Padang,2025-06-06
4431,Budi Putra,35,Office Worker,Padang,2026-04-27
4432,Dina Kurniawan,20,College Student,Yogyakarta,2025-12-20
4433,Budi Wijaya,22,College Student,Pekanbaru,2026-06-17
4434,Salsa Lestari,32,Office Worker,Medan,2026-05-23
4435,Eka Pratama,15,High School Student,Makassar,2026-02-09
4436,Citra Pratama,20,College Student,Makassar,2025-10-16
4437,Oki Putra,24,College Student,Jakarta,2025-03-31
4438,Oki Permata,27,Office Worker,Semarang,2026-01-17
4439,Tio Putra,24,Office Worker,Surabaya,2025-10-28
4440,Hadi Ramadhan,16,High School Student,Palembang,2026-03-18
4441,Putri Wijaya,28,Office Worker,Palembang,2026-05-17
4442,Hadi Nugraha,27,Office Worker,Surabaya,2026-01-20
4443,Eka Kurniawan,16,High School Student,Makassar,2026-06-07
4444,Andi Sari,23,College Student,Surabaya,2026-05-17
4445,Karin Lestari,18,College Student,Palembang,2025-09-06
4446,Citra Putra,24,Office Worker,Yogyakarta,2025-04-01
4447,Andi Putra,17,High School Student,Jakarta,2026-01-29
4448,Vina Sari,25,Office Worker,Surabaya,2025-12-24
4449,Putri Sari,21,College Student,Jakarta,2025-05-29
4450,Maya Lestari,25,Office Worker,Yogyakarta,2026-04-20
4451,Rian Wijaya,24,College Student,Yogyakarta,2026-03-18
4452,Gita Nugraha,18,College Student,Bandung,2025-01-08
4453,Tio Pratama,35,Office Worker,Jakarta,2025-08-17
4454,Eka Lestari,32,Office Worker,Medan,2025-03-11
4455,Eka Sari,34,Office Worker,Semarang,2025-02-09
4456,Andi Lestari,15,High School Student,Palembang,2025-01-29
4457,Salsa Ramadhan,23,Office Worker,Medan,2026-06-05
4458,Hadi Permata,15,High School Student,Surabaya,2025-10-04
4459,Citra Wijaya,20,College Student,Medan,2025-10-15
4460,Tio Saputra,23,College Student,Jakarta,2025-07-02
4461,Rian Nugraha,21,College Student,Jakarta,2026-06-06
4462,Joko Nugraha,18,College Student,Jakarta,2025-03-25
4463,Putri Nugraha,30,Office Worker,Palembang,2026-02-01
4464,Vina Wijaya,17,High School Student,Bandung,2025-03-27
4465,Citra Saputra,27,Office Worker,Medan,2025-10-24
4466,Dina Ramadhan,24,College Student,Palembang,2025-10-14
4467,Salsa Saputra,17,High School Student,Yogyakarta,2025-04-19
4468,Fajar Wijaya,16,High School Student,Pekanbaru,2026-06-28
4469,Citra Saputra,28,Office Worker,Jakarta,2025-01-13
4470,Citra Pratama,27,Office Worker,Makassar,2026-01-12
4471,Nanda Sari,23,Office Worker,Jakarta,2026-02-13
4472,Fajar Putra,23,Office Worker,Surabaya,2025-01-15
4473,Tio Wijaya,18,High School Student,Makassar,2025-07-07
4474,Lina Nugraha,21,College Student,Palembang,2025-08-22
4475,Eka Pratama,24,Office Worker,Palembang,2026-04-03
4476,Putri Permata,23,College Student,Surabaya,2025-05-25
4477,Hadi Wijaya,24,College Student,Jakarta,2026-06-01
4478,Eka Sari,19,College Student,Surabaya,2025-05-21
4479,Gita Saputra,20,College Student,Medan,2026-06-17
4480,Hadi Saputra,19,College Student,Bandung,2025-04-25
4481,Maya Ramadhan,15,High School Student,Bandung,2025-02-13
4482,Maya Lestari,22,College Student,Surabaya,2025-07-23
4483,Andi Sari,22,College Student,Palembang,2026-04-18
4484,Joko Saputra,19,College Student,Makassar,2025-11-05
4485,Putri Nugraha,17,High School Student,Semarang,2025-11-18
4486,Putri Sari,29,Office Worker,Yogyakarta,2026-02-09
4487,Putri Kurniawan,18,High School Student,Surabaya,2025-12-27
4488,Andi Kurniawan,23,College Student,Jakarta,2025-05-06
4489,Karin Nugraha,23,Office Worker,Bandung,2025-04-30
4490,Fajar Putra,19,College Student,Medan,2025-08-02
4491,Oki Saputra,23,College Student,Semarang,2025-11-07
4492,Lina Sari,29,Office Worker,Makassar,2025-03-06
4493,Dina Kurniawan,24,College Student,Yogyakarta,2026-01-01
4494,Putri Sari,25,Office Worker,Bandung,2025-07-24
4495,Karin Ramadhan,23,Office Worker,Yogyakarta,2025-07-06
4496,Gita Putra,30,Office Worker,Medan,2025-09-18
4497,Oki Pratama,21,College Student,Jakarta,2025-03-31
4498,Oki Lestari,15,High School Student,Medan,2026-01-28
4499,Dina Ramadhan,22,College Student,Pekanbaru,2025-05-30
4500,Rian Permata,23,College Student,Yogyakarta,2026-02-16
4501,Karin Permata,21,College Student,Surabaya,2026-03-20
4502,Lina Sari,24,College Student,Jakarta,2025-05-20
4503,Joko Saputra,21,College Student,Jakarta,2025-10-20
4504,Fajar Nugraha,17,High School Student,Jakarta,2026-04-11
4505,Budi Kurniawan,20,College Student,Makassar,2025-09-04
4506,Maya Sari,23,College Student,Makassar,2025-04-08
4507,Nanda Wijaya,28,Office Worker,Makassar,2025-06-19
4508,Karin Ramadhan,18,High School Student,Surabaya,2025-11-06
4509,Dina Lestari,22,College Student,Jakarta,2026-03-02
4510,Hadi Putra,23,Office Worker,Makassar,2025-03-08
4511,Maya Sari,16,High School Student,Makassar,2025-02-25
4512,Joko Putra,24,College Student,Jakarta,2026-06-01
4513,Rian Ramadhan,16,High School Student,Semarang,2025-05-31
4514,Budi Pratama,32,Office Worker,Bandung,2025-11-14
4515,Lina Lestari,22,College Student,Makassar,2025-05-21
4516,Fajar Nugraha,23,College Student,Jakarta,2025-11-11
4517,Eka Kurniawan,22,College Student,Makassar,2025-01-06
4518,Intan Ramadhan,35,Office Worker,Jakarta,2025-07-08
4519,Citra Sari,17,High School Student,Padang,2025-11-13
4520,Vina Nugraha,16,High School Student,Surabaya,2026-06-08
4521,Gita Sari,29,Office Worker,Medan,2025-06-12
4522,Joko Putra,20,College Student,Medan,2026-01-03
4523,Rian Nugraha,35,Office Worker,Palembang,2026-06-01
4524,Oki Kurniawan,22,College Student,Jakarta,2025-03-07
4525,Karin Saputra,30,Office Worker,Semarang,2025-11-20
4526,Rian Putra,20,College Student,Jakarta,2025-07-12
4527,Intan Lestari,26,Office Worker,Jakarta,2025-12-31
4528,Eka Ramadhan,28,Office Worker,Palembang,2026-01-05
4529,Oki Saputra,20,College Student,Jakarta,2025-12-02
4530,Vina Putra,16,High School Student,Makassar,2025-05-13
4531,Nanda Nugraha,24,College Student,Yogyakarta,2025-05-21
4532,Fajar Lestari,15,High School Student,Semarang,2025-12-02
4533,Oki Permata,18,High School Student,Bandung,2026-05-14
4534,Joko Wijaya,19,College Student,Jakarta,2025-06-25
4535,Intan Nugraha,22,College Student,Makassar,2025-02-05
4536,Joko Permata,24,College Student,Jakarta,2025-05-23
4537,Dina Ramadhan,24,College Student,Yogyakarta,2026-06-12
4538,Hadi Putra,25,Office Worker,Jakarta,2026-05-19
4539,Putri Ramadhan,15,High School Student,Surabaya,2025-01-06
4540,Rian Pratama,16,High School Student,Semarang,2025-08-12
4541,Tio Saputra,15,High School Student,Makassar,2025-12-22
4542,Rian Pratama,24,College Student,Jakarta,2025-02-05
4543,Lina Ramadhan,16,High School Student,Bandung,2026-06-30
4544,Gita Putra,20,College Student,Yogyakarta,2026-06-09
4545,Citra Pratama,20,College Student,Jakarta,2025-02-26
4546,Hadi Permata,26,Office Worker,Jakarta,2025-01-07
4547,Salsa Kurniawan,18,High School Student,Jakarta,2026-03-19
4548,Maya Kurniawan,34,Office Worker,Padang,2025-11-11
4549,Tio Sari,23,Office Worker,Yogyakarta,2025-04-21
4550,Rian Putra,33,Office Worker,Makassar,2025-04-26
4551,Hadi Wijaya,28,Office Worker,Bandung,2025-11-03
4552,Putri Nugraha,16,High School Student,Jakarta,2025-11-06
4553,Dina Sari,15,High School Student,Medan,2025-04-04
4554,Gita Putra,35,Office Worker,Jakarta,2025-07-11
4555,Eka Nugraha,24,College Student,Surabaya,2025-10-06
4556,Hadi Nugraha,18,College Student,Palembang,2025-02-24
4557,Rian Wijaya,25,Office Worker,Jakarta,2025-01-17
4558,Salsa Lestari,26,Office Worker,Palembang,2025-12-01
4559,Eka Putra,30,Office Worker,Makassar,2025-03-03
4560,Andi Pratama,34,Office Worker,Yogyakarta,2025-11-23
4561,Rian Pratama,31,Office Worker,Surabaya,2025-05-08
4562,Andi Sari,20,College Student,Medan,2026-05-15
4563,Intan Kurniawan,35,Office Worker,Medan,2025-09-16
4564,Dina Kurniawan,15,High School Student,Yogyakarta,2026-02-14
4565,Nanda Ramadhan,18,High School Student,Makassar,2025-05-23
4566,Intan Sari,26,Office Worker,Yogyakarta,2026-02-01
4567,Intan Nugraha,22,College Student,Pekanbaru,2025-12-25
4568,Dina Lestari,15,High School Student,Jakarta,2025-11-15
4569,Citra Nugraha,18,High School Student,Makassar,2025-10-05
4570,Intan Wijaya,34,Office Worker,Yogyakarta,2025-04-01
4571,Putri Pratama,24,College Student,Yogyakarta,2025-03-23
4572,Salsa Lestari,25,Office Worker,Surabaya,2025-01-19
4573,Tio Ramadhan,18,High School Student,Medan,2026-01-14
4574,Oki Putra,34,Office Worker,Jakarta,2026-01-04
4575,Putri Lestari,28,Office Worker,Makassar,2026-04-03
4576,Intan Ramadhan,20,College Student,Makassar,2025-01-19
4577,Eka Permata,22,College Student,Bandung,2025-09-10
4578,Budi Ramadhan,16,High School Student,Semarang,2025-12-30
4579,Putri Saputra,27,Office Worker,Bandung,2025-07-12
4580,Putri Nugraha,33,Office Worker,Surabaya,2025-10-05
4581,Andi Wijaya,27,Office Worker,Surabaya,2025-02-04
4582,Joko Nugraha,23,College Student,Surabaya,2025-09-01
4583,Maya Sari,31,Office Worker,Surabaya,2025-03-14
4584,Karin Saputra,26,Office Worker,Surabaya,2025-09-24
4585,Fajar Nugraha,34,Office Worker,Yogyakarta,2025-11-30
4586,Karin Kurniawan,34,Office Worker,Surabaya,2025-06-17
4587,Lina Lestari,22,College Student,Yogyakarta,2025-12-06
4588,Dina Sari,15,High School Student,Pekanbaru,2025-04-07
4589,Nanda Ramadhan,34,Office Worker,Yogyakarta,2025-03-05
4590,Citra Nugraha,29,Office Worker,Makassar,2025-04-06
4591,Rian Putra,24,College Student,Jakarta,2026-06-30
4592,Lina Saputra,18,High School Student,Surabaya,2026-01-04
4593,Joko Sari,24,College Student,Jakarta,2025-12-11
4594,Intan Pratama,21,College Student,Medan,2026-03-18
4595,Dina Sari,18,College Student,Bandung,2026-03-27
4596,Nanda Kurniawan,26,Office Worker,Pekanbaru,2025-08-22
4597,Salsa Saputra,24,Office Worker,Yogyakarta,2025-06-06
4598,Fajar Wijaya,17,High School Student,Padang,2025-01-28
4599,Vina Wijaya,22,College Student,Surabaya,2026-04-17
4600,Maya Pratama,21,College Student,Jakarta,2026-04-03
4601,Nanda Ramadhan,17,High School Student,Jakarta,2025-12-04
4602,Karin Saputra,31,Office Worker,Palembang,2026-02-26
4603,Budi Sari,27,Office Worker,Jakarta,2026-01-10
4604,Hadi Saputra,19,College Student,Makassar,2025-10-26
4605,Maya Lestari,32,Office Worker,Pekanbaru,2025-01-25
4606,Hadi Sari,26,Office Worker,Surabaya,2025-03-07
4607,Maya Lestari,30,Office Worker,Jakarta,2026-06-13
4608,Tio Putra,15,High School Student,Medan,2026-01-26
4609,Oki Ramadhan,32,Office Worker,Yogyakarta,2025-10-05
4610,Budi Ramadhan,20,College Student,Makassar,2025-01-10
4611,Eka Wijaya,23,College Student,Jakarta,2025-12-12
4612,Andi Sari,17,High School Student,Yogyakarta,2025-05-21
4613,Salsa Pratama,19,College Student,Bandung,2025-01-28
4614,Andi Sari,16,High School Student,Surabaya,2025-04-10
4615,Rian Kurniawan,15,High School Student,Pekanbaru,2025-07-06
4616,Fajar Permata,24,College Student,Makassar,2026-01-28
4617,Lina Permata,26,Office Worker,Bandung,2025-11-07
4618,Oki Nugraha,22,Office Worker,Jakarta,2025-09-18
4619,Budi Nugraha,20,College Student,Pekanbaru,2025-03-10
4620,Salsa Permata,24,Office Worker,Yogyakarta,2025-02-07
4621,Joko Nugraha,33,Office Worker,Palembang,2025-03-07
4622,Fajar Ramadhan,35,Office Worker,Surabaya,2026-04-20
4623,Intan Permata,18,High School Student,Makassar,2026-05-09
4624,Maya Nugraha,35,Office Worker,Makassar,2026-04-12
4625,Fajar Permata,31,Office Worker,Yogyakarta,2025-03-05
4626,Fajar Saputra,27,Office Worker,Yogyakarta,2025-06-29
4627,Maya Sari,22,College Student,Yogyakarta,2025-04-09
4628,Citra Lestari,18,College Student,Bandung,2026-06-21
4629,Dina Kurniawan,27,Office Worker,Jakarta,2025-10-31
4630,Oki Nugraha,23,College Student,Pekanbaru,2025-03-14
4631,Joko Lestari,16,High School Student,Makassar,2025-05-23
4632,Hadi Nugraha,18,College Student,Yogyakarta,2025-08-02
4633,Citra Sari,32,Office Worker,Jakarta,2025-11-01
4634,Salsa Wijaya,22,Office Worker,Jakarta,2026-02-18
4635,Oki Saputra,18,High School Student,Yogyakarta,2025-12-11
4636,Oki Putra,29,Office Worker,Palembang,2026-05-09
4637,Vina Lestari,20,College Student,Surabaya,2025-05-05
4638,Hadi Kurniawan,34,Office Worker,Pekanbaru,2026-02-12
4639,Putri Saputra,30,Office Worker,Bandung,2025-08-24
4640,Intan Putra,32,Office Worker,Makassar,2025-12-10
4641,Karin Lestari,34,Office Worker,Yogyakarta,2026-06-05
4642,Andi Nugraha,22,College Student,Makassar,2026-06-11
4643,Karin Saputra,32,Office Worker,Jakarta,2025-03-05
4644,Oki Putra,18,High School Student,Yogyakarta,2026-05-17
4645,Intan Kurniawan,24,Office Worker,Pekanbaru,2025-01-11
4646,Andi Sari,31,Office Worker,Surabaya,2026-03-06
4647,Lina Putra,26,Office Worker,Medan,2025-10-28
4648,Joko Wijaya,20,College Student,Makassar,2025-09-03
4649,Putri Ramadhan,26,Office Worker,Semarang,2025-04-04
4650,Karin Wijaya,18,High School Student,Surabaya,2025-11-11
4651,Tio Saputra,15,High School Student,Makassar,2025-06-02
4652,Oki Putra,33,Office Worker,Surabaya,2025-08-28
4653,Hadi Saputra,21,College Student,Yogyakarta,2025-05-20
4654,Fajar Nugraha,27,Office Worker,Yogyakarta,2025-08-04
4655,Lina Saputra,20,College Student,Semarang,2026-01-05
4656,Vina Kurniawan,17,High School Student,Palembang,2025-10-20
4657,Lina Pratama,26,Office Worker,Jakarta,2025-08-29
4658,Fajar Sari,23,College Student,Makassar,2026-06-19
4659,Fajar Nugraha,18,High School Student,Jakarta,2025-11-17
4660,Dina Nugraha,24,Office Worker,Pekanbaru,2025-02-14
4661,Intan Nugraha,22,College Student,Bandung,2025-10-11
4662,Joko Putra,32,Office Worker,Jakarta,2025-07-31
4663,Dina Lestari,22,College Student,Pekanbaru,2025-03-28
4664,Eka Sari,29,Office Worker,Yogyakarta,2025-01-07
4665,Fajar Wijaya,24,Office Worker,Surabaya,2026-04-04
4666,Joko Wijaya,31,Office Worker,Jakarta,2025-07-02
4667,Salsa Wijaya,17,High School Student,Palembang,2025-11-24
4668,Karin Lestari,34,Office Worker,Yogyakarta,2025-10-26
4669,Rian Kurniawan,31,Office Worker,Bandung,2026-02-02
4670,Budi Wijaya,23,Office Worker,Semarang,2025-01-14
4671,Eka Lestari,19,College Student,Jakarta,2025-04-10
4672,Lina Permata,23,Office Worker,Surabaya,2025-06-18
4673,Maya Nugraha,30,Office Worker,Medan,2025-08-20
4674,Putri Ramadhan,17,High School Student,Yogyakarta,2025-04-21
4675,Andi Ramadhan,23,College Student,Surabaya,2025-12-13
4676,Intan Wijaya,28,Office Worker,Medan,2025-12-06
4677,Oki Saputra,18,High School Student,Palembang,2025-08-28
4678,Lina Wijaya,33,Office Worker,Palembang,2025-08-28
4679,Dina Ramadhan,22,Office Worker,Padang,2025-09-27
4680,Putri Ramadhan,29,Office Worker,Surabaya,2026-06-24
4681,Lina Saputra,20,College Student,Palembang,2025-10-13
4682,Maya Wijaya,18,High School Student,Yogyakarta,2025-12-01
4683,Maya Kurniawan,24,Office Worker,Jakarta,2026-03-19
4684,Budi Wijaya,23,College Student,Surabaya,2026-05-18
4685,Intan Permata,25,Office Worker,Palembang,2026-01-05
4686,Andi Saputra,21,College Student,Semarang,2025-04-30
4687,Oki Wijaya,18,High School Student,Yogyakarta,2025-03-16
4688,Putri Ramadhan,16,High School Student,Palembang,2026-02-27
4689,Nanda Ramadhan,18,College Student,Medan,2025-03-11
4690,Tio Nugraha,29,Office Worker,Palembang,2025-09-28
4691,Karin Permata,20,College Student,Jakarta,2025-05-12
4692,Intan Kurniawan,18,College Student,Bandung,2025-04-08
4693,Rian Putra,18,College Student,Makassar,2025-04-12
4694,Oki Kurniawan,18,College Student,Makassar,2026-03-04
4695,Eka Permata,21,College Student,Semarang,2025-06-16
4696,Vina Saputra,35,Office Worker,Surabaya,2025-04-15
4697,Intan Nugraha,23,College Student,Palembang,2026-03-18
4698,Citra Ramadhan,21,College Student,Semarang,2025-09-23
4699,Intan Kurniawan,17,High School Student,Padang,2026-02-24
4700,Dina Nugraha,32,Office Worker,Semarang,2025-09-18
4701,Gita Sari,17,High School Student,Jakarta,2026-03-10
4702,Hadi Nugraha,18,High School Student,Bandung,2026-02-20
4703,Andi Kurniawan,35,Office Worker,Yogyakarta,2025-12-21
4704,Lina Ramadhan,23,College Student,Makassar,2026-04-06
4705,Maya Nugraha,18,College Student,Yogyakarta,2026-01-20
4706,Tio Lestari,21,College Student,Semarang,2026-06-27
4707,Andi Ramadhan,31,Office Worker,Jakarta,2025-10-02
4708,Salsa Putra,15,High School Student,Surabaya,2025-11-06
4709,Hadi Lestari,34,Office Worker,Jakarta,2025-05-12
4710,Oki Wijaya,29,Office Worker,Palembang,2025-02-18
4711,Joko Putra,23,College Student,Medan,2026-03-20
4712,Putri Permata,18,College Student,Pekanbaru,2025-06-21
4713,Citra Kurniawan,21,College Student,Makassar,2025-11-26
4714,Hadi Lestari,26,Office Worker,Medan,2025-01-06
4715,Maya Saputra,24,College Student,Surabaya,2025-07-23
4716,Maya Putra,18,College Student,Jakarta,2026-01-04
4717,Tio Lestari,21,College Student,Jakarta,2025-10-08
4718,Lina Ramadhan,33,Office Worker,Padang,2025-02-24
4719,Intan Sari,23,College Student,Semarang,2025-06-18
4720,Fajar Ramadhan,31,Office Worker,Pekanbaru,2025-11-09
4721,Andi Nugraha,18,College Student,Yogyakarta,2026-04-23
4722,Nanda Putra,18,High School Student,Surabaya,2026-03-04
4723,Fajar Pratama,18,High School Student,Pekanbaru,2026-05-27
4724,Eka Nugraha,20,College Student,Palembang,2026-02-17
4725,Lina Wijaya,18,High School Student,Bandung,2025-02-17
4726,Intan Ramadhan,16,High School Student,Surabaya,2025-01-03
4727,Budi Lestari,25,Office Worker,Pekanbaru,2025-11-25
4728,Budi Ramadhan,27,Office Worker,Jakarta,2025-08-21
4729,Lina Putra,30,Office Worker,Makassar,2025-03-01
4730,Budi Kurniawan,16,High School Student,Jakarta,2026-06-14
4731,Putri Kurniawan,15,High School Student,Jakarta,2025-04-07
4732,Oki Permata,15,High School Student,Bandung,2025-03-07
4733,Dina Permata,30,Office Worker,Padang,2025-01-31
4734,Karin Nugraha,26,Office Worker,Surabaya,2025-05-28
4735,Salsa Nugraha,23,College Student,Medan,2025-02-16
4736,Budi Putra,17,High School Student,Jakarta,2025-09-01
4737,Rian Sari,19,College Student,Bandung,2025-09-14
4738,Citra Permata,20,College Student,Jakarta,2026-04-23
4739,Oki Putra,22,College Student,Bandung,2025-12-22
4740,Tio Sari,25,Office Worker,Semarang,2026-03-29
4741,Lina Pratama,25,Office Worker,Pekanbaru,2026-06-06
4742,Putri Kurniawan,17,High School Student,Surabaya,2025-06-26
4743,Fajar Wijaya,18,High School Student,Bandung,2025-07-29
4744,Maya Nugraha,26,Office Worker,Makassar,2025-02-11
4745,Hadi Kurniawan,16,High School Student,Yogyakarta,2025-05-04
4746,Dina Saputra,16,High School Student,Yogyakarta,2025-07-06
4747,Citra Nugraha,17,High School Student,Jakarta,2025-01-25
4748,Salsa Nugraha,15,High School Student,Jakarta,2025-06-13
4749,Nanda Kurniawan,22,College Student,Semarang,2025-02-04
4750,Budi Putra,29,Office Worker,Jakarta,2025-09-10
4751,Putri Wijaya,24,College Student,Medan,2026-04-20
4752,Vina Permata,22,College Student,Jakarta,2026-04-15
4753,Eka Permata,30,Office Worker,Jakarta,2026-06-06
4754,Lina Wijaya,18,College Student,Jakarta,2025-09-21
4755,Oki Kurniawan,31,Office Worker,Pekanbaru,2025-04-15
4756,Maya Nugraha,31,Office Worker,Semarang,2025-08-08
4757,Lina Wijaya,16,High School Student,Jakarta,2026-02-11
4758,Budi Sari,25,Office Worker,Bandung,2025-07-25
4759,Eka Permata,22,College Student,Palembang,2025-08-04
4760,Karin Saputra,35,Office Worker,Surabaya,2025-03-05
4761,Salsa Sari,18,College Student,Semarang,2025-02-07
4762,Joko Sari,34,Office Worker,Semarang,2025-08-10
4763,Vina Permata,26,Office Worker,Jakarta,2025-12-08
4764,Vina Saputra,18,High School Student,Surabaya,2026-04-18
4765,Maya Kurniawan,19,College Student,Semarang,2026-06-20
4766,Rian Putra,23,Office Worker,Surabaya,2025-12-23
4767,Putri Kurniawan,34,Office Worker,Jakarta,2026-05-21
4768,Joko Permata,18,High School Student,Surabaya,2025-08-23
4769,Lina Nugraha,29,Office Worker,Yogyakarta,2025-04-04
4770,Vina Pratama,19,College Student,Makassar,2025-07-08
4771,Joko Ramadhan,18,High School Student,Pekanbaru,2025-01-16
4772,Vina Ramadhan,21,College Student,Surabaya,2026-01-10
4773,Lina Nugraha,15,High School Student,Medan,2025-12-30
4774,Tio Saputra,28,Office Worker,Bandung,2026-02-02
4775,Maya Ramadhan,22,College Student,Jakarta,2026-02-14
4776,Vina Lestari,22,Office Worker,Padang,2025-06-23
4777,Citra Putra,18,High School Student,Semarang,2025-07-05
4778,Intan Sari,24,College Student,Bandung,2025-01-30
4779,Salsa Putra,16,High School Student,Makassar,2026-04-15
4780,Karin Nugraha,17,High School Student,Jakarta,2026-01-15
4781,Oki Lestari,18,High School Student,Pekanbaru,2025-11-08
4782,Gita Nugraha,17,High School Student,Yogyakarta,2025-03-19
4783,Salsa Permata,18,College Student,Bandung,2026-06-19
4784,Karin Nugraha,22,College Student,Bandung,2026-06-13
4785,Fajar Nugraha,24,College Student,Jakarta,2025-05-02
4786,Joko Pratama,19,College Student,Makassar,2025-08-16
4787,Rian Wijaya,25,Office Worker,Padang,2026-02-12
4788,Karin Saputra,23,Office Worker,Jakarta,2025-06-24
4789,Joko Nugraha,20,College Student,Yogyakarta,2025-01-15
4790,Intan Sari,20,College Student,Pekanbaru,2025-08-02
4791,Karin Putra,16,High School Student,Jakarta,2025-02-21
4792,Budi Nugraha,28,Office Worker,Medan,2025-11-12
4793,Intan Pratama,18,High School Student,Medan,2025-02-26
4794,Rian Lestari,22,College Student,Jakarta,2025-10-16
4795,Hadi Saputra,20,College Student,Medan,2025-05-29
4796,Joko Kurniawan,22,College Student,Bandung,2026-02-12
4797,Dina Saputra,16,High School Student,Semarang,2026-06-16
4798,Tio Lestari,25,Office Worker,Jakarta,2026-01-04
4799,Rian Wijaya,16,High School Student,Jakarta,2025-11-20
4800,Tio Wijaya,34,Office Worker,Makassar,2025-12-23
4801,Tio Wijaya,17,High School Student,Medan,2026-03-06
4802,Oki Kurniawan,15,High School Student,Jakarta,2025-02-02
4803,Salsa Pratama,34,Office Worker,Yogyakarta,2026-06-27
4804,Joko Putra,16,High School Student,Yogyakarta,2025-10-13
4805,Nanda Wijaya,29,Office Worker,Bandung,2026-06-01
4806,Salsa Putra,18,College Student,Semarang,2025-04-27
4807,Putri Kurniawan,17,High School Student,Palembang,2025-09-26
4808,Hadi Putra,26,Office Worker,Semarang,2025-06-12
4809,Nanda Sari,16,High School Student,Yogyakarta,2025-05-20
4810,Salsa Putra,27,Office Worker,Palembang,2025-05-24
4811,Dina Pratama,15,High School Student,Makassar,2025-08-10
4812,Maya Nugraha,26,Office Worker,Yogyakarta,2026-03-11
4813,Citra Kurniawan,18,High School Student,Bandung,2026-06-29
4814,Vina Lestari,23,College Student,Makassar,2026-03-30
4815,Salsa Permata,23,Office Worker,Surabaya,2025-03-08
4816,Tio Wijaya,33,Office Worker,Semarang,2025-01-06
4817,Putri Pratama,24,Office Worker,Yogyakarta,2025-08-29
4818,Eka Putra,27,Office Worker,Medan,2025-02-24
4819,Oki Lestari,29,Office Worker,Jakarta,2026-01-18
4820,Lina Kurniawan,16,High School Student,Makassar,2026-03-10
4821,Andi Saputra,22,College Student,Jakarta,2026-04-15
4822,Salsa Ramadhan,22,College Student,Surabaya,2025-03-12
4823,Andi Pratama,19,College Student,Pekanbaru,2026-03-26
4824,Salsa Permata,23,College Student,Jakarta,2026-04-25
4825,Budi Permata,22,College Student,Yogyakarta,2025-05-23
4826,Citra Wijaya,17,High School Student,Bandung,2025-01-22
4827,Hadi Lestari,28,Office Worker,Makassar,2026-02-26
4828,Andi Nugraha,17,High School Student,Makassar,2026-01-27
4829,Vina Kurniawan,22,College Student,Palembang,2026-04-13
4830,Nanda Wijaya,23,College Student,Palembang,2025-10-20
4831,Eka Putra,22,Office Worker,Padang,2025-05-01
4832,Intan Saputra,25,Office Worker,Surabaya,2026-03-14
4833,Fajar Nugraha,27,Office Worker,Surabaya,2025-04-11
4834,Gita Putra,18,High School Student,Makassar,2025-07-06
4835,Joko Lestari,20,College Student,Pekanbaru,2025-06-08
4836,Eka Nugraha,16,High School Student,Yogyakarta,2026-06-02
4837,Maya Permata,20,College Student,Padang,2025-06-29
4838,Budi Kurniawan,23,College Student,Surabaya,2026-03-07
4839,Joko Lestari,17,High School Student,Jakarta,2025-07-31
4840,Joko Lestari,21,College Student,Surabaya,2026-03-09
4841,Tio Wijaya,33,Office Worker,Makassar,2025-04-11
4842,Tio Putra,24,Office Worker,Semarang,2025-11-16
4843,Andi Wijaya,23,College Student,Yogyakarta,2025-04-08
4844,Vina Saputra,18,High School Student,Yogyakarta,2025-10-06
4845,Putri Ramadhan,16,High School Student,Jakarta,2025-05-23
4846,Joko Pratama,23,College Student,Jakarta,2025-12-11
4847,Rian Putra,33,Office Worker,Surabaya,2025-12-22
4848,Dina Pratama,15,High School Student,Surabaya,2025-12-21
4849,Gita Kurniawan,30,Office Worker,Jakarta,2026-03-06
4850,Joko Sari,16,High School Student,Jakarta,2025-02-08
4851,Andi Pratama,25,Office Worker,Yogyakarta,2025-10-30
4852,Lina Pratama,18,College Student,Pekanbaru,2026-03-01
4853,Oki Putra,35,Office Worker,Surabaya,2025-12-14
4854,Putri Sari,22,College Student,Padang,2026-03-05
4855,Nanda Wijaya,25,Office Worker,Bandung,2025-10-13
4856,Tio Wijaya,18,High School Student,Pekanbaru,2026-03-31
4857,Salsa Permata,16,High School Student,Jakarta,2025-11-20
4858,Intan Wijaya,33,Office Worker,Makassar,2026-06-03
4859,Lina Permata,24,Office Worker,Bandung,2025-12-19
4860,Rian Nugraha,24,Office Worker,Yogyakarta,2025-10-30
4861,Hadi Wijaya,30,Office Worker,Palembang,2025-07-29
4862,Dina Wijaya,32,Office Worker,Padang,2026-03-20
4863,Oki Lestari,16,High School Student,Makassar,2025-05-13
4864,Nanda Putra,18,College Student,Jakarta,2025-06-25
4865,Joko Putra,19,College Student,Jakarta,2025-03-28
4866,Nanda Permata,35,Office Worker,Surabaya,2026-04-03
4867,Karin Saputra,19,College Student,Yogyakarta,2025-08-05
4868,Tio Wijaya,17,High School Student,Jakarta,2026-02-10
4869,Dina Saputra,23,College Student,Bandung,2026-02-11
4870,Salsa Wijaya,32,Office Worker,Medan,2026-03-05
4871,Lina Pratama,19,College Student,Semarang,2025-08-20
4872,Fajar Wijaya,17,High School Student,Bandung,2026-03-06
4873,Rian Wijaya,18,High School Student,Medan,2025-02-07
4874,Andi Wijaya,17,High School Student,Surabaya,2026-02-28
4875,Dina Ramadhan,20,College Student,Jakarta,2026-02-03
4876,Gita Sari,33,Office Worker,Semarang,2025-07-04
4877,Hadi Permata,35,Office Worker,Medan,2026-01-12
4878,Fajar Pratama,27,Office Worker,Yogyakarta,2025-10-02
4879,Hadi Ramadhan,24,College Student,Semarang,2025-10-13
4880,Budi Putra,35,Office Worker,Jakarta,2025-12-14
4881,Vina Kurniawan,17,High School Student,Padang,2026-06-14
4882,Dina Pratama,19,College Student,Makassar,2025-01-07
4883,Gita Lestari,34,Office Worker,Surabaya,2025-07-07
4884,Eka Lestari,16,High School Student,Padang,2025-04-26
4885,Lina Nugraha,16,High School Student,Palembang,2026-05-14
4886,Vina Ramadhan,22,Office Worker,Bandung,2025-03-04
4887,Andi Wijaya,20,College Student,Semarang,2026-03-17
4888,Gita Putra,24,Office Worker,Palembang,2025-12-10
4889,Lina Kurniawan,15,High School Student,Surabaya,2026-01-14
4890,Andi Permata,22,Office Worker,Bandung,2025-10-22
4891,Budi Saputra,21,College Student,Makassar,2025-08-20
4892,Rian Nugraha,17,High School Student,Jakarta,2026-03-16
4893,Budi Permata,31,Office Worker,Medan,2026-01-29
4894,Karin Wijaya,18,High School Student,Yogyakarta,2025-10-03
4895,Maya Ramadhan,18,College Student,Jakarta,2025-06-16
4896,Salsa Wijaya,15,High School Student,Makassar,2025-04-09
4897,Oki Kurniawan,15,High School Student,Padang,2026-02-16
4898,Karin Sari,22,College Student,Padang,2025-08-16
4899,Andi Ramadhan,18,High School Student,Medan,2026-02-18
4900,Fajar Lestari,33,Office Worker,Yogyakarta,2025-11-10
4901,Budi Kurniawan,18,High School Student,Makassar,2025-11-22
4902,Citra Ramadhan,18,College Student,Surabaya,2025-03-03
4903,Putri Ramadhan,15,High School Student,Pekanbaru,2025-05-09
4904,Maya Permata,24,College Student,Surabaya,2026-03-28
4905,Oki Ramadhan,24,Office Worker,Surabaya,2026-02-13
4906,Andi Kurniawan,15,High School Student,Jakarta,2026-02-27
4907,Lina Kurniawan,24,Office Worker,Yogyakarta,2025-08-18
4908,Karin Pratama,16,High School Student,Makassar,2026-05-27
4909,Tio Nugraha,23,Office Worker,Yogyakarta,2025-12-04
4910,Dina Nugraha,18,College Student,Padang,2025-09-03
4911,Rian Nugraha,33,Office Worker,Yogyakarta,2025-07-23
4912,Tio Wijaya,19,College Student,Yogyakarta,2025-07-12
4913,Karin Saputra,19,College Student,Pekanbaru,2025-12-25
4914,Nanda Ramadhan,18,High School Student,Makassar,2025-09-11
4915,Tio Pratama,17,High School Student,Jakarta,2025-10-11
4916,Gita Saputra,29,Office Worker,Jakarta,2025-08-06
4917,Tio Pratama,20,College Student,Jakarta,2025-07-01
4918,Intan Nugraha,24,College Student,Jakarta,2025-08-11
4919,Rian Lestari,28,Office Worker,Medan,2025-07-27
4920,Fajar Lestari,19,College Student,Makassar,2026-02-27
4921,Citra Permata,30,Office Worker,Palembang,2025-06-19
4922,Oki Nugraha,24,Office Worker,Palembang,2025-05-19
4923,Vina Ramadhan,19,College Student,Surabaya,2025-07-22
4924,Citra Lestari,33,Office Worker,Padang,2025-09-11
4925,Lina Pratama,17,High School Student,Surabaya,2025-06-15
4926,Putri Pratama,19,College Student,Padang,2026-01-31
4927,Joko Wijaya,24,College Student,Semarang,2026-03-02
4928,Hadi Sari,18,High School Student,Pekanbaru,2026-03-23
4929,Hadi Lestari,26,Office Worker,Medan,2026-05-21
4930,Joko Saputra,24,Office Worker,Yogyakarta,2025-05-17
4931,Joko Sari,22,College Student,Bandung,2026-02-10
4932,Dina Pratama,20,College Student,Padang,2025-08-19
4933,Karin Wijaya,32,Office Worker,Makassar,2025-09-01
4934,Eka Lestari,24,College Student,Makassar,2025-10-13
4935,Hadi Saputra,23,College Student,Jakarta,2025-02-23
4936,Budi Putra,23,College Student,Padang,2026-01-27
4937,Nanda Kurniawan,34,Office Worker,Surabaya,2025-09-27
4938,Joko Pratama,18,College Student,Bandung,2026-01-24
4939,Nanda Saputra,31,Office Worker,Pekanbaru,2025-01-13
4940,Dina Wijaya,22,Office Worker,Medan,2025-12-09
4941,Andi Permata,18,College Student,Semarang,2025-12-05
4942,Karin Saputra,23,College Student,Jakarta,2025-01-24
4943,Joko Nugraha,31,Office Worker,Makassar,2025-02-04
4944,Andi Putra,23,College Student,Pekanbaru,2026-05-01
4945,Salsa Wijaya,29,Office Worker,Semarang,2026-02-26
4946,Citra Permata,29,Office Worker,Palembang,2025-10-17
4947,Gita Kurniawan,35,Office Worker,Makassar,2025-10-17
4948,Citra Pratama,28,Office Worker,Makassar,2025-01-19
4949,Oki Lestari,27,Office Worker,Palembang,2025-10-19
4950,Oki Pratama,25,Office Worker,Semarang,2026-01-13
4951,Joko Sari,18,College Student,Palembang,2025-06-03
4952,Gita Wijaya,17,High School Student,Surabaya,2025-05-08
4953,Gita Kurniawan,24,College Student,Jakarta,2026-03-09
4954,Hadi Wijaya,30,Office Worker,Medan,2025-09-27
4955,Eka Putra,24,College Student,Semarang,2026-05-30
4956,Salsa Sari,22,Office Worker,Jakarta,2025-09-15
4957,Joko Lestari,21,College Student,Padang,2025-12-08
4958,Karin Putra,24,Office Worker,Medan,2026-05-17
4959,Rian Putra,17,High School Student,Padang,2026-02-21
4960,Nanda Pratama,26,Office Worker,Yogyakarta,2025-04-10
4961,Tio Kurniawan,22,College Student,Jakarta,2026-01-29
4962,Vina Lestari,18,High School Student,Yogyakarta,2025-02-22
4963,Intan Pratama,18,College Student,Palembang,2026-03-04
4964,Citra Sari,26,Office Worker,Bandung,2025-05-29
4965,Salsa Sari,21,College Student,Semarang,2026-03-27
4966,Salsa Putra,16,High School Student,Padang,2026-06-18
4967,Putri Nugraha,31,Office Worker,Padang,2026-06-16
4968,Joko Kurniawan,34,Office Worker,Padang,2026-01-01
4969,Hadi Wijaya,29,Office Worker,Makassar,2025-11-20
4970,Citra Lestari,19,College Student,Makassar,2026-06-04
4971,Intan Saputra,18,College Student,Makassar,2025-09-03
4972,Tio Putra,34,Office Worker,Makassar,2026-03-25
4973,Salsa Putra,21,College Student,Jakarta,2025-06-03
4974,Eka Ramadhan,24,Office Worker,Medan,2025-09-03
4975,Joko Permata,22,College Student,Makassar,2025-02-12
4976,Citra Putra,22,College Student,Semarang,2026-01-28
4977,Intan Putra,15,High School Student,Medan,2025-06-12
4978,Intan Pratama,15,High School Student,Yogyakarta,2026-04-11
4979,Lina Sari,18,High School Student,Bandung,2026-05-27
4980,Hadi Saputra,18,High School Student,Pekanbaru,2025-05-27
4981,Lina Permata,25,Office Worker,Padang,2025-06-05
4982,Eka Pratama,18,High School Student,Pekanbaru,2026-05-30
4983,Maya Saputra,24,Office Worker,Semarang,2025-05-26
4984,Putri Nugraha,33,Office Worker,Makassar,2026-05-27
4985,Andi Wijaya,21,College Student,Bandung,2025-09-26
4986,Joko Wijaya,15,High School Student,Semarang,2026-02-15
4987,Putri Pratama,28,Office Worker,Palembang,2025-09-01
4988,Maya Sari,22,Office Worker,Semarang,2025-10-23
4989,Citra Nugraha,23,Office Worker,Medan,2025-11-10
4990,Dina Pratama,32,Office Worker,Makassar,2025-10-07
4991,Lina Sari,28,Office Worker,Medan,2026-04-22
4992,Nanda Permata,18,College Student,Jakarta,2025-04-29
4993,Rian Ramadhan,20,College Student,Semarang,2026-06-18
4994,Dina Permata,24,Office Worker,Jakarta,2026-04-19
4995,Oki Saputra,15,High School Student,Surabaya,2025-07-31
4996,Rian Wijaya,27,Office Worker,Bandung,2026-04-11
4997,Joko Nugraha,16,High School Student,Padang,2025-06-15
4998,Lina Kurniawan,23,College Student,Surabaya,2026-04-25
4999,Oki Sari,32,Office Worker,Jakarta,2026-01-18
5000,Dina Putra,22,College Student,Yogyakarta,2025-03-02
5001,Vina Ramadhan,19,College Student,Medan,2025-10-06
5002,Rian Ramadhan,19,College Student,Medan,2025-07-28
5003,Putri Lestari,27,Office Worker,Makassar,2025-02-06
5004,Eka Saputra,19,College Student,Padang,2025-05-14
5005,Rian Ramadhan,26,Office Worker,Semarang,2026-02-16
5006,Karin Saputra,16,High School Student,Surabaya,2025-05-28
5007,Andi Nugraha,28,Office Worker,Pekanbaru,2026-02-01
5008,Hadi Permata,28,Office Worker,Semarang,2025-09-09
5009,Tio Nugraha,15,High School Student,Bandung,2026-05-18
5010,Eka Putra,19,College Student,Semarang,2026-05-22
5011,Putri Ramadhan,16,High School Student,Pekanbaru,2025-09-01
5012,Salsa Pratama,26,Office Worker,Medan,2026-01-02
5013,Citra Saputra,21,College Student,Semarang,2026-03-26
5014,Dina Wijaya,28,Office Worker,Surabaya,2025-04-30
5015,Intan Nugraha,18,High School Student,Semarang,2025-11-05
5016,Dina Lestari,15,High School Student,Pekanbaru,2025-07-31
5017,Intan Permata,15,High School Student,Bandung,2025-10-11
5018,Rian Saputra,18,College Student,Palembang,2025-09-11
5019,Oki Permata,24,College Student,Makassar,2026-06-14
5020,Intan Ramadhan,22,Office Worker,Surabaya,2025-09-20
5021,Fajar Kurniawan,24,Office Worker,Yogyakarta,2025-10-04
5022,Vina Wijaya,24,College Student,Surabaya,2025-02-10
5023,Lina Sari,35,Office Worker,Yogyakarta,2026-02-27
5024,Salsa Ramadhan,32,Office Worker,Jakarta,2026-05-24
5025,Oki Putra,24,Office Worker,Jakarta,2025-12-30
5026,Intan Permata,19,College Student,Jakarta,2026-06-27
5027,Citra Nugraha,21,College Student,Yogyakarta,2026-04-06
5028,Citra Saputra,16,High School Student,Padang,2026-03-29
5029,Budi Permata,27,Office Worker,Pekanbaru,2025-11-11
5030,Citra Kurniawan,15,High School Student,Yogyakarta,2025-12-26
5031,Lina Putra,18,College Student,Jakarta,2025-08-22
5032,Intan Wijaya,23,College Student,Surabaya,2025-02-12
5033,Lina Lestari,22,College Student,Palembang,2025-08-16
5034,Andi Lestari,27,Office Worker,Medan,2025-11-29
5035,Joko Permata,15,High School Student,Jakarta,2026-05-07
5036,Karin Ramadhan,24,College Student,Palembang,2025-07-25
5037,Karin Ramadhan,22,Office Worker,Surabaya,2025-03-30
5038,Fajar Saputra,34,Office Worker,Jakarta,2025-04-09
5039,Citra Nugraha,24,Office Worker,Jakarta,2025-02-06
5040,Karin Nugraha,27,Office Worker,Bandung,2026-01-09
5041,Lina Lestari,22,Office Worker,Padang,2026-01-26
5042,Citra Kurniawan,22,College Student,Jakarta,2026-03-10
5043,Citra Saputra,17,High School Student,Surabaya,2026-05-01
5044,Fajar Putra,32,Office Worker,Semarang,2026-01-27
5045,Fajar Pratama,28,Office Worker,Yogyakarta,2025-12-22
5046,Hadi Pratama,25,Office Worker,Yogyakarta,2025-02-24
5047,Hadi Ramadhan,20,College Student,Semarang,2025-11-10
5048,Oki Saputra,19,College Student,Pekanbaru,2025-04-14
5049,Maya Kurniawan,18,College Student,Pekanbaru,2025-01-16
5050,Hadi Permata,18,College Student,Makassar,2026-02-13
5051,Salsa Ramadhan,18,High School Student,Yogyakarta,2025-01-29
5052,Andi Sari,22,Office Worker,Palembang,2025-12-22
5053,Andi Ramadhan,15,High School Student,Medan,2026-01-14
5054,Eka Lestari,16,High School Student,Semarang,2026-05-26
5055,Citra Ramadhan,22,College Student,Jakarta,2025-12-13
5056,Vina Ramadhan,31,Office Worker,Makassar,2026-05-18
5057,Dina Pratama,23,College Student,Pekanbaru,2025-01-25
5058,Eka Putra,24,College Student,Padang,2025-04-02
5059,Fajar Lestari,20,College Student,Bandung,2025-11-25
5060,Intan Permata,22,College Student,Jakarta,2026-06-22
5061,Intan Putra,27,Office Worker,Jakarta,2025-12-08
5062,Citra Ramadhan,32,Office Worker,Bandung,2026-03-24
5063,Vina Pratama,23,College Student,Pekanbaru,2026-01-31
5064,Vina Nugraha,20,College Student,Jakarta,2026-06-26
5065,Citra Permata,27,Office Worker,Makassar,2026-06-10
5066,Tio Wijaya,15,High School Student,Medan,2026-05-17
5067,Putri Sari,22,College Student,Surabaya,2026-02-11
5068,Hadi Nugraha,19,College Student,Padang,2025-05-10
5069,Andi Wijaya,28,Office Worker,Jakarta,2025-05-11
5070,Eka Wijaya,17,High School Student,Yogyakarta,2026-06-02
5071,Rian Sari,21,College Student,Medan,2025-05-29
5072,Rian Lestari,22,Office Worker,Jakarta,2025-10-03
5073,Maya Ramadhan,22,College Student,Jakarta,2025-07-15
5074,Nanda Sari,15,High School Student,Surabaya,2026-02-13
5075,Lina Pratama,24,Office Worker,Pekanbaru,2025-03-12
5076,Citra Kurniawan,21,College Student,Medan,2025-07-18
5077,Budi Nugraha,28,Office Worker,Pekanbaru,2026-06-29
5078,Citra Nugraha,15,High School Student,Semarang,2026-04-10
5079,Gita Pratama,23,College Student,Semarang,2025-03-31
5080,Citra Ramadhan,24,College Student,Medan,2025-01-01
5081,Joko Wijaya,18,High School Student,Semarang,2025-06-16
5082,Dina Ramadhan,15,High School Student,Jakarta,2025-08-30
5083,Eka Kurniawan,27,Office Worker,Padang,2025-05-14
5084,Maya Pratama,17,High School Student,Jakarta,2025-09-09
5085,Oki Nugraha,16,High School Student,Bandung,2025-01-22
5086,Karin Pratama,23,College Student,Pekanbaru,2025-03-13
5087,Hadi Sari,28,Office Worker,Semarang,2026-06-05
5088,Eka Ramadhan,18,High School Student,Jakarta,2026-05-16
5089,Putri Permata,18,College Student,Bandung,2025-11-04
5090,Tio Saputra,16,High School Student,Makassar,2025-09-08
5091,Budi Ramadhan,18,High School Student,Surabaya,2025-07-23
5092,Hadi Wijaya,18,High School Student,Bandung,2025-01-08
5093,Citra Wijaya,30,Office Worker,Jakarta,2025-04-18
5094,Rian Kurniawan,17,High School Student,Semarang,2026-06-07
5095,Rian Kurniawan,18,High School Student,Padang,2026-01-08
5096,Andi Permata,23,College Student,Jakarta,2026-01-21
5097,Oki Kurniawan,31,Office Worker,Palembang,2025-07-02
5098,Rian Ramadhan,23,College Student,Padang,2025-11-05
5099,Karin Nugraha,19,College Student,Pekanbaru,2025-06-28
5100,Citra Lestari,18,High School Student,Makassar,2025-08-15
5101,Budi Pratama,23,College Student,Jakarta,2026-06-02
5102,Oki Saputra,21,College Student,Makassar,2025-01-12
5103,Vina Ramadhan,24,College Student,Yogyakarta,2025-09-07
5104,Lina Nugraha,19,College Student,Medan,2026-02-22
5105,Putri Permata,24,College Student,Makassar,2026-01-12
5106,Hadi Sari,18,High School Student,Palembang,2025-07-17
5107,Nanda Permata,22,College Student,Makassar,2026-03-24
5108,Maya Nugraha,17,High School Student,Pekanbaru,2025-02-06
5109,Lina Lestari,27,Office Worker,Bandung,2026-02-25
5110,Tio Kurniawan,34,Office Worker,Pekanbaru,2025-01-08
5111,Karin Nugraha,33,Office Worker,Jakarta,2025-06-14
5112,Maya Lestari,25,Office Worker,Jakarta,2025-04-30
5113,Salsa Permata,24,Office Worker,Palembang,2026-01-07
5114,Lina Permata,33,Office Worker,Makassar,2025-08-21
5115,Eka Putra,20,College Student,Pekanbaru,2026-03-06
5116,Eka Pratama,35,Office Worker,Yogyakarta,2025-10-14
5117,Salsa Wijaya,19,College Student,Jakarta,2026-01-30
5118,Tio Lestari,20,College Student,Palembang,2026-02-24
5119,Intan Lestari,24,Office Worker,Semarang,2026-03-28
5120,Andi Ramadhan,22,College Student,Jakarta,2025-09-29
5121,Vina Lestari,21,College Student,Jakarta,2025-10-13
5122,Citra Ramadhan,35,Office Worker,Yogyakarta,2025-02-08
5123,Fajar Saputra,16,High School Student,Medan,2026-05-12
5124,Eka Pratama,18,College Student,Medan,2026-05-03
5125,Citra Nugraha,24,Office Worker,Makassar,2026-01-07
5126,Citra Sari,30,Office Worker,Makassar,2026-02-14
5127,Maya Pratama,21,College Student,Yogyakarta,2025-09-13
5128,Oki Nugraha,17,High School Student,Yogyakarta,2026-04-21
5129,Nanda Sari,20,College Student,Bandung,2025-07-30
5130,Citra Sari,29,Office Worker,Jakarta,2026-02-09
5131,Vina Lestari,18,College Student,Makassar,2026-06-15
5132,Karin Ramadhan,22,College Student,Semarang,2026-01-30
5133,Eka Permata,15,High School Student,Semarang,2025-05-10
5134,Maya Wijaya,17,High School Student,Bandung,2025-01-25
5135,Tio Nugraha,26,Office Worker,Makassar,2025-03-31
5136,Eka Kurniawan,24,College Student,Jakarta,2025-09-30
5137,Vina Nugraha,23,Office Worker,Bandung,2025-12-07
5138,Intan Permata,18,High School Student,Jakarta,2025-07-31
5139,Oki Wijaya,35,Office Worker,Semarang,2025-12-14
5140,Gita Putra,22,Office Worker,Semarang,2025-10-23
5141,Vina Permata,20,College Student,Padang,2026-01-25
5142,Nanda Kurniawan,17,High School Student,Jakarta,2025-03-29
5143,Citra Kurniawan,24,College Student,Yogyakarta,2026-03-03
5144,Dina Pratama,33,Office Worker,Makassar,2025-06-19
5145,Fajar Saputra,18,College Student,Bandung,2025-05-27
5146,Maya Sari,24,Office Worker,Yogyakarta,2025-08-28
5147,Citra Ramadhan,32,Office Worker,Makassar,2025-02-24
5148,Citra Nugraha,27,Office Worker,Surabaya,2026-06-04
5149,Rian Lestari,27,Office Worker,Jakarta,2025-10-26
5150,Gita Permata,17,High School Student,Makassar,2025-01-04
5151,Joko Sari,24,College Student,Jakarta,2025-12-30
5152,Karin Nugraha,17,High School Student,Bandung,2025-10-19
5153,Hadi Putra,35,Office Worker,Semarang,2026-01-24
5154,Eka Nugraha,32,Office Worker,Palembang,2026-04-16
5155,Gita Ramadhan,22,Office Worker,Semarang,2026-06-15
5156,Dina Saputra,24,College Student,Semarang,2026-03-02
5157,Tio Saputra,16,High School Student,Semarang,2026-02-03
5158,Putri Lestari,27,Office Worker,Surabaya,2025-10-31
5159,Fajar Putra,22,College Student,Surabaya,2025-04-14
5160,Maya Ramadhan,18,High School Student,Medan,2025-11-27
5161,Budi Lestari,34,Office Worker,Yogyakarta,2025-12-30
5162,Nanda Saputra,15,High School Student,Makassar,2026-01-01
5163,Fajar Kurniawan,19,College Student,Medan,2025-03-23
5164,Tio Lestari,20,College Student,Jakarta,2025-03-26
5165,Nanda Putra,17,High School Student,Makassar,2025-08-07
5166,Eka Ramadhan,29,Office Worker,Jakarta,2026-01-03
5167,Tio Nugraha,18,High School Student,Jakarta,2025-08-30
5168,Lina Pratama,18,High School Student,Yogyakarta,2025-06-11
5169,Budi Lestari,18,High School Student,Pekanbaru,2025-06-28
5170,Oki Wijaya,26,Office Worker,Surabaya,2025-04-02
5171,Vina Kurniawan,22,College Student,Makassar,2026-05-15
5172,Rian Wijaya,20,College Student,Makassar,2026-05-21
5173,Tio Ramadhan,15,High School Student,Surabaya,2025-06-18
5174,Citra Permata,17,High School Student,Yogyakarta,2026-01-22
5175,Gita Wijaya,24,College Student,Palembang,2025-11-17
5176,Intan Putra,28,Office Worker,Bandung,2025-04-11
5177,Salsa Nugraha,32,Office Worker,Makassar,2025-10-23
5178,Nanda Permata,16,High School Student,Jakarta,2025-07-12
5179,Eka Wijaya,20,College Student,Surabaya,2026-04-06
5180,Joko Pratama,30,Office Worker,Surabaya,2025-10-13
5181,Hadi Kurniawan,18,College Student,Semarang,2025-08-04
5182,Hadi Permata,22,Office Worker,Jakarta,2026-04-01
5183,Budi Permata,15,High School Student,Makassar,2025-08-16
5184,Putri Kurniawan,31,Office Worker,Palembang,2025-12-27
5185,Intan Nugraha,33,Office Worker,Bandung,2025-02-12
5186,Eka Lestari,33,Office Worker,Palembang,2025-06-30
5187,Citra Ramadhan,32,Office Worker,Padang,2026-05-26
5188,Putri Sari,24,College Student,Surabaya,2026-04-07
5189,Joko Kurniawan,26,Office Worker,Jakarta,2025-10-13
5190,Tio Sari,18,College Student,Pekanbaru,2025-10-24
5191,Maya Pratama,21,College Student,Jakarta,2025-02-06
5192,Budi Permata,33,Office Worker,Yogyakarta,2025-03-24
5193,Intan Nugraha,22,Office Worker,Jakarta,2025-09-14
5194,Hadi Sari,23,Office Worker,Medan,2025-08-05
5195,Eka Wijaya,16,High School Student,Medan,2026-06-06
5196,Citra Ramadhan,25,Office Worker,Pekanbaru,2025-01-26
5197,Karin Permata,29,Office Worker,Jakarta,2025-09-08
5198,Citra Permata,16,High School Student,Bandung,2025-08-03
5199,Citra Lestari,23,College Student,Jakarta,2025-11-16
5200,Karin Ramadhan,18,College Student,Pekanbaru,2026-02-15
5201,Vina Wijaya,24,College Student,Bandung,2026-04-04
5202,Tio Wijaya,33,Office Worker,Jakarta,2025-11-20
5203,Putri Kurniawan,30,Office Worker,Jakarta,2026-06-14
5204,Nanda Wijaya,23,Office Worker,Yogyakarta,2025-12-05
5205,Citra Putra,22,Office Worker,Makassar,2025-08-16
5206,Vina Sari,19,College Student,Semarang,2025-08-24
5207,Tio Putra,31,Office Worker,Medan,2026-01-01
5208,Citra Nugraha,18,College Student,Jakarta,2026-03-10
5209,Andi Nugraha,23,Office Worker,Medan,2026-03-25
5210,Fajar Sari,18,High School Student,Medan,2026-05-22
5211,Budi Saputra,35,Office Worker,Medan,2025-10-03
5212,Oki Lestari,17,High School Student,Surabaya,2025-03-03
5213,Rian Saputra,18,College Student,Padang,2025-11-27
5214,Salsa Lestari,32,Office Worker,Jakarta,2025-07-06
5215,Fajar Kurniawan,18,College Student,Jakarta,2026-06-21
5216,Karin Sari,31,Office Worker,Jakarta,2026-05-20
5217,Citra Wijaya,19,College Student,Jakarta,2025-11-17
5218,Andi Putra,28,Office Worker,Bandung,2025-07-12
5219,Rian Saputra,18,High School Student,Jakarta,2025-09-11
5220,Karin Sari,16,High School Student,Bandung,2025-11-10
5221,Andi Permata,21,College Student,Jakarta,2025-08-12
5222,Hadi Putra,20,College Student,Jakarta,2026-03-07
5223,Lina Wijaya,16,High School Student,Bandung,2025-12-22
5224,Dina Putra,21,College Student,Surabaya,2026-03-03
5225,Joko Lestari,19,College Student,Semarang,2026-01-27
5226,Andi Sari,15,High School Student,Makassar,2025-08-10
5227,Vina Wijaya,21,College Student,Makassar,2025-04-13
5228,Putri Nugraha,24,Office Worker,Medan,2025-11-14
5229,Salsa Putra,17,High School Student,Medan,2026-06-21
5230,Lina Kurniawan,21,College Student,Jakarta,2025-08-07
5231,Citra Lestari,31,Office Worker,Makassar,2026-03-14
5232,Rian Lestari,22,College Student,Yogyakarta,2025-06-18
5233,Citra Kurniawan,26,Office Worker,Yogyakarta,2025-03-13
5234,Budi Kurniawan,24,College Student,Bandung,2026-04-01
5235,Rian Permata,24,College Student,Medan,2025-03-16
5236,Oki Sari,16,High School Student,Jakarta,2025-09-20
5237,Tio Kurniawan,31,Office Worker,Makassar,2026-04-14
5238,Dina Nugraha,29,Office Worker,Bandung,2026-06-02
5239,Hadi Wijaya,15,High School Student,Pekanbaru,2025-07-18
5240,Rian Putra,21,College Student,Jakarta,2025-12-04
5241,Nanda Lestari,28,Office Worker,Yogyakarta,2025-02-07
5242,Intan Ramadhan,22,College Student,Jakarta,2025-11-15
5243,Oki Pratama,18,College Student,Yogyakarta,2025-05-20
5244,Lina Ramadhan,29,Office Worker,Medan,2025-09-05
5245,Andi Ramadhan,31,Office Worker,Pekanbaru,2026-03-03
5246,Tio Ramadhan,18,College Student,Bandung,2025-07-14
5247,Maya Ramadhan,31,Office Worker,Makassar,2025-08-03
5248,Rian Kurniawan,29,Office Worker,Semarang,2026-06-25
5249,Hadi Saputra,23,College Student,Surabaya,2026-01-24
5250,Budi Nugraha,21,College Student,Pekanbaru,2026-03-05
5251,Budi Pratama,18,College Student,Jakarta,2025-06-01
5252,Salsa Nugraha,33,Office Worker,Jakarta,2025-04-13
5253,Gita Nugraha,30,Office Worker,Padang,2026-02-09
5254,Rian Sari,16,High School Student,Palembang,2025-10-15
5255,Gita Saputra,31,Office Worker,Pekanbaru,2025-05-13
5256,Eka Putra,18,College Student,Pekanbaru,2026-03-22
5257,Lina Sari,16,High School Student,Semarang,2026-02-06
5258,Fajar Ramadhan,19,College Student,Makassar,2025-02-04
5259,Lina Pratama,20,College Student,Surabaya,2025-12-10
5260,Putri Pratama,32,Office Worker,Padang,2026-04-29
5261,Gita Wijaya,18,High School Student,Makassar,2026-06-05
5262,Fajar Nugraha,24,Office Worker,Medan,2026-01-23
5263,Citra Ramadhan,20,College Student,Medan,2026-06-29
5264,Citra Putra,16,High School Student,Yogyakarta,2025-01-11
5265,Nanda Sari,27,Office Worker,Yogyakarta,2025-05-18
5266,Intan Nugraha,24,College Student,Semarang,2025-05-11
5267,Oki Pratama,22,College Student,Jakarta,2026-02-03
5268,Joko Putra,24,College Student,Medan,2025-09-08
5269,Salsa Ramadhan,34,Office Worker,Bandung,2026-01-01
5270,Rian Ramadhan,23,College Student,Surabaya,2026-02-25
5271,Dina Nugraha,15,High School Student,Medan,2026-02-28
5272,Oki Lestari,16,High School Student,Bandung,2025-06-11
5273,Maya Ramadhan,22,College Student,Padang,2025-04-05
5274,Andi Kurniawan,23,Office Worker,Palembang,2025-06-11
5275,Intan Lestari,23,College Student,Yogyakarta,2025-12-27
5276,Eka Ramadhan,17,High School Student,Bandung,2025-08-17
5277,Dina Lestari,18,High School Student,Surabaya,2025-04-26
5278,Vina Putra,21,College Student,Medan,2025-08-09
5279,Salsa Lestari,35,Office Worker,Bandung,2026-04-08
5280,Hadi Saputra,20,College Student,Surabaya,2025-11-11
5281,Rian Lestari,29,Office Worker,Makassar,2025-11-26
5282,Maya Kurniawan,21,College Student,Jakarta,2025-10-13
5283,Hadi Ramadhan,17,High School Student,Medan,2025-07-01
5284,Dina Saputra,32,Office Worker,Surabaya,2026-04-01
5285,Citra Lestari,21,College Student,Jakarta,2025-10-02
5286,Dina Nugraha,29,Office Worker,Jakarta,2025-02-06
5287,Maya Permata,22,Office Worker,Yogyakarta,2026-03-19
5288,Karin Putra,15,High School Student,Yogyakarta,2025-02-05
5289,Nanda Pratama,16,High School Student,Semarang,2025-03-09
5290,Budi Permata,28,Office Worker,Padang,2026-02-14
5291,Andi Ramadhan,24,College Student,Yogyakarta,2025-12-26
5292,Oki Nugraha,18,High School Student,Jakarta,2025-05-01
5293,Lina Ramadhan,16,High School Student,Yogyakarta,2026-04-27
5294,Nanda Wijaya,17,High School Student,Medan,2025-10-16
5295,Eka Wijaya,33,Office Worker,Semarang,2025-03-31
5296,Salsa Ramadhan,16,High School Student,Bandung,2025-07-31
5297,Intan Lestari,20,College Student,Yogyakarta,2025-03-13
5298,Gita Nugraha,26,Office Worker,Pekanbaru,2025-10-17
5299,Salsa Saputra,23,College Student,Jakarta,2026-01-02
5300,Vina Lestari,18,High School Student,Padang,2025-01-27
5301,Lina Saputra,31,Office Worker,Surabaya,2026-02-24
5302,Maya Putra,18,High School Student,Jakarta,2025-12-28
5303,Gita Wijaya,34,Office Worker,Medan,2026-03-31
5304,Hadi Nugraha,27,Office Worker,Surabaya,2026-04-17
5305,Andi Pratama,21,College Student,Bandung,2026-01-04
5306,Lina Permata,18,College Student,Surabaya,2025-11-22
5307,Budi Sari,24,College Student,Jakarta,2026-02-14
5308,Citra Permata,21,College Student,Bandung,2026-05-18
5309,Salsa Putra,30,Office Worker,Jakarta,2025-01-25
5310,Andi Wijaya,30,Office Worker,Jakarta,2025-06-10
5311,Dina Ramadhan,23,College Student,Makassar,2025-07-14
5312,Rian Putra,33,Office Worker,Makassar,2026-02-25
5313,Salsa Nugraha,33,Office Worker,Yogyakarta,2025-01-13
5314,Fajar Putra,30,Office Worker,Bandung,2026-02-11
5315,Tio Kurniawan,20,College Student,Semarang,2025-12-21
5316,Hadi Permata,22,College Student,Pekanbaru,2025-09-03
5317,Intan Putra,19,College Student,Jakarta,2025-03-29
5318,Tio Pratama,33,Office Worker,Makassar,2026-03-15
5319,Dina Lestari,15,High School Student,Makassar,2026-02-25
5320,Hadi Wijaya,22,College Student,Semarang,2025-09-13
5321,Lina Lestari,20,College Student,Bandung,2025-10-03
5322,Intan Wijaya,22,College Student,Pekanbaru,2025-01-07
5323,Dina Ramadhan,21,College Student,Jakarta,2026-05-15
5324,Intan Lestari,27,Office Worker,Bandung,2025-09-03
5325,Budi Saputra,16,High School Student,Semarang,2025-12-12
5326,Salsa Nugraha,22,College Student,Surabaya,2025-07-23
5327,Citra Wijaya,18,High School Student,Jakarta,2026-04-27
5328,Salsa Ramadhan,18,High School Student,Jakarta,2026-04-25
5329,Andi Kurniawan,18,College Student,Pekanbaru,2025-04-04
5330,Oki Lestari,20,College Student,Makassar,2025-11-06
5331,Dina Saputra,24,College Student,Padang,2026-06-04
5332,Maya Ramadhan,19,College Student,Bandung,2026-03-06
5333,Eka Wijaya,17,High School Student,Medan,2025-06-19
5334,Citra Nugraha,18,College Student,Palembang,2025-04-29
5335,Vina Nugraha,31,Office Worker,Yogyakarta,2025-03-04
5336,Budi Pratama,28,Office Worker,Medan,2025-04-27
5337,Karin Pratama,21,College Student,Jakarta,2025-04-19
5338,Tio Putra,23,College Student,Jakarta,2026-05-08
5339,Karin Putra,30,Office Worker,Makassar,2026-02-21
5340,Rian Permata,17,High School Student,Bandung,2025-11-21
5341,Fajar Sari,26,Office Worker,Semarang,2025-08-28
5342,Maya Sari,29,Office Worker,Bandung,2026-05-31
5343,Karin Lestari,18,High School Student,Semarang,2025-09-09
5344,Hadi Lestari,18,High School Student,Jakarta,2025-07-05
5345,Karin Permata,26,Office Worker,Bandung,2026-02-17
5346,Rian Nugraha,19,College Student,Medan,2026-05-19
5347,Joko Lestari,18,High School Student,Padang,2026-06-17
5348,Vina Nugraha,23,College Student,Surabaya,2025-06-03
5349,Vina Kurniawan,19,College Student,Pekanbaru,2025-08-12
5350,Citra Wijaya,28,Office Worker,Surabaya,2026-02-22
5351,Joko Sari,28,Office Worker,Palembang,2026-04-30
5352,Budi Kurniawan,35,Office Worker,Padang,2025-06-09
5353,Hadi Ramadhan,24,College Student,Semarang,2025-02-20
5354,Intan Wijaya,20,College Student,Medan,2025-10-07
5355,Vina Sari,23,College Student,Yogyakarta,2025-06-21
5356,Rian Pratama,22,College Student,Surabaya,2025-11-28
5357,Andi Putra,17,High School Student,Surabaya,2025-10-20
5358,Maya Ramadhan,22,Office Worker,Pekanbaru,2025-03-07
5359,Citra Lestari,22,Office Worker,Padang,2025-09-27
5360,Gita Ramadhan,18,College Student,Padang,2025-12-10
5361,Citra Permata,27,Office Worker,Yogyakarta,2025-09-28
5362,Maya Pratama,15,High School Student,Pekanbaru,2025-03-02
5363,Eka Saputra,23,College Student,Makassar,2025-05-16
5364,Lina Kurniawan,33,Office Worker,Palembang,2025-09-16
5365,Gita Putra,22,College Student,Jakarta,2025-09-13
5366,Citra Sari,34,Office Worker,Yogyakarta,2025-11-27
5367,Andi Ramadhan,27,Office Worker,Yogyakarta,2026-01-28
5368,Fajar Lestari,23,College Student,Jakarta,2026-06-28
5369,Lina Ramadhan,22,Office Worker,Jakarta,2025-09-11
5370,Tio Ramadhan,15,High School Student,Pekanbaru,2025-09-24
5371,Nanda Wijaya,18,College Student,Jakarta,2025-01-07
5372,Joko Kurniawan,21,College Student,Medan,2026-03-15
5373,Vina Wijaya,20,College Student,Makassar,2025-01-04
5374,Oki Kurniawan,22,Office Worker,Jakarta,2026-06-26
5375,Tio Putra,23,College Student,Bandung,2025-11-03
5376,Dina Nugraha,23,Office Worker,Palembang,2026-04-07
5377,Tio Saputra,20,College Student,Jakarta,2025-12-17
5378,Tio Ramadhan,21,College Student,Yogyakarta,2026-05-14
5379,Eka Lestari,28,Office Worker,Jakarta,2025-07-30
5380,Karin Putra,16,High School Student,Padang,2025-04-23
5381,Eka Putra,17,High School Student,Bandung,2025-04-27
5382,Eka Lestari,23,College Student,Palembang,2025-11-12
5383,Maya Ramadhan,18,College Student,Pekanbaru,2026-03-09
5384,Eka Saputra,17,High School Student,Makassar,2025-01-15
5385,Joko Ramadhan,27,Office Worker,Medan,2025-07-20
5386,Nanda Sari,24,College Student,Yogyakarta,2025-12-13
5387,Oki Wijaya,21,College Student,Pekanbaru,2025-05-04
5388,Citra Sari,23,Office Worker,Makassar,2025-06-05
5389,Oki Lestari,18,College Student,Bandung,2026-02-13
5390,Vina Saputra,30,Office Worker,Pekanbaru,2025-07-27
5391,Nanda Kurniawan,17,High School Student,Surabaya,2026-04-11
5392,Fajar Saputra,21,College Student,Jakarta,2025-06-13
5393,Tio Nugraha,33,Office Worker,Pekanbaru,2025-10-04
5394,Karin Nugraha,20,College Student,Yogyakarta,2026-01-29
5395,Tio Saputra,31,Office Worker,Pekanbaru,2025-02-19
5396,Hadi Sari,23,College Student,Bandung,2025-05-24
5397,Lina Kurniawan,17,High School Student,Bandung,2025-06-15
5398,Citra Ramadhan,23,College Student,Bandung,2025-03-08
5399,Andi Pratama,23,College Student,Makassar,2025-01-20
5400,Citra Saputra,35,Office Worker,Surabaya,2025-03-10
5401,Salsa Saputra,17,High School Student,Surabaya,2026-03-30
5402,Dina Pratama,22,Office Worker,Medan,2025-01-25
5403,Joko Kurniawan,25,Office Worker,Jakarta,2025-11-06
5404,Eka Nugraha,15,High School Student,Jakarta,2025-01-12
5405,Intan Nugraha,19,College Student,Padang,2025-08-22
5406,Maya Putra,24,Office Worker,Yogyakarta,2025-05-13
5407,Andi Pratama,29,Office Worker,Yogyakarta,2025-10-02
5408,Vina Putra,19,College Student,Yogyakarta,2025-06-01
5409,Citra Pratama,21,College Student,Makassar,2026-03-28
5410,Lina Kurniawan,21,College Student,Jakarta,2025-08-04
5411,Salsa Permata,34,Office Worker,Jakarta,2025-11-06
5412,Salsa Sari,19,College Student,Jakarta,2025-08-21
5413,Karin Wijaya,30,Office Worker,Palembang,2026-05-08
5414,Intan Putra,17,High School Student,Pekanbaru,2025-05-29
5415,Gita Kurniawan,18,High School Student,Palembang,2025-12-03
5416,Rian Permata,19,College Student,Surabaya,2026-04-01
5417,Dina Nugraha,20,College Student,Surabaya,2026-04-24
5418,Hadi Lestari,21,College Student,Pekanbaru,2026-05-22
5419,Rian Ramadhan,21,College Student,Jakarta,2025-10-02
5420,Intan Lestari,19,College Student,Yogyakarta,2025-06-30
5421,Hadi Saputra,18,High School Student,Makassar,2026-03-10
5422,Eka Saputra,19,College Student,Surabaya,2025-05-31
5423,Andi Saputra,35,Office Worker,Semarang,2026-04-16
5424,Joko Ramadhan,19,College Student,Pekanbaru,2025-07-23
5425,Tio Nugraha,23,College Student,Bandung,2026-04-09
5426,Karin Saputra,20,College Student,Jakarta,2025-11-23
5427,Putri Putra,32,Office Worker,Bandung,2025-05-29
5428,Dina Lestari,15,High School Student,Palembang,2025-10-04
5429,Putri Ramadhan,31,Office Worker,Jakarta,2025-02-04
5430,Citra Putra,29,Office Worker,Yogyakarta,2025-08-04
5431,Putri Putra,30,Office Worker,Makassar,2025-01-01
5432,Citra Kurniawan,17,High School Student,Jakarta,2026-04-13
5433,Joko Nugraha,26,Office Worker,Bandung,2026-04-11
5434,Putri Lestari,17,High School Student,Palembang,2026-03-27
5435,Gita Lestari,21,College Student,Yogyakarta,2025-03-11
5436,Citra Ramadhan,35,Office Worker,Surabaya,2025-09-14
5437,Salsa Ramadhan,15,High School Student,Padang,2025-04-02
5438,Eka Wijaya,33,Office Worker,Makassar,2026-01-07
5439,Oki Sari,15,High School Student,Surabaya,2025-04-09
5440,Vina Ramadhan,30,Office Worker,Jakarta,2026-05-25
5441,Dina Lestari,18,College Student,Makassar,2026-05-22
5442,Salsa Kurniawan,16,High School Student,Jakarta,2025-12-09
5443,Vina Permata,17,High School Student,Jakarta,2025-09-03
5444,Putri Saputra,28,Office Worker,Medan,2026-04-17
5445,Eka Ramadhan,18,High School Student,Jakarta,2025-10-06
5446,Tio Kurniawan,16,High School Student,Makassar,2026-05-25
5447,Gita Wijaya,24,College Student,Surabaya,2026-03-07
5448,Vina Sari,25,Office Worker,Yogyakarta,2026-03-18
5449,Dina Saputra,22,College Student,Jakarta,2025-09-18
5450,Hadi Pratama,16,High School Student,Jakarta,2025-09-12
5451,Citra Lestari,24,College Student,Palembang,2026-04-06
5452,Dina Lestari,16,High School Student,Makassar,2025-09-22
5453,Putri Permata,16,High School Student,Jakarta,2026-05-30
5454,Budi Lestari,20,College Student,Pekanbaru,2026-03-21
5455,Eka Wijaya,28,Office Worker,Jakarta,2025-08-11
5456,Lina Pratama,16,High School Student,Yogyakarta,2025-07-11
5457,Budi Sari,21,College Student,Makassar,2026-03-16
5458,Andi Saputra,19,College Student,Palembang,2025-09-26
5459,Joko Sari,32,Office Worker,Semarang,2025-02-10
5460,Andi Sari,27,Office Worker,Jakarta,2025-02-10
5461,Maya Putra,32,Office Worker,Jakarta,2025-11-27
5462,Budi Permata,18,High School Student,Jakarta,2025-06-24
5463,Gita Pratama,16,High School Student,Bandung,2026-03-09
5464,Eka Ramadhan,19,College Student,Semarang,2026-03-25
5465,Karin Pratama,19,College Student,Medan,2025-11-19
5466,Tio Kurniawan,24,College Student,Jakarta,2025-10-07
5467,Hadi Permata,22,Office Worker,Yogyakarta,2025-04-04
5468,Nanda Lestari,28,Office Worker,Makassar,2025-12-06
5469,Gita Saputra,31,Office Worker,Medan,2026-02-24
5470,Rian Pratama,22,College Student,Padang,2025-07-24
5471,Maya Wijaya,22,Office Worker,Jakarta,2025-09-17
5472,Nanda Lestari,23,College Student,Surabaya,2026-01-26
5473,Salsa Permata,17,High School Student,Surabaya,2025-10-05
5474,Nanda Putra,22,Office Worker,Makassar,2026-04-26
5475,Eka Nugraha,15,High School Student,Palembang,2026-03-27
5476,Maya Nugraha,24,College Student,Yogyakarta,2025-10-18
5477,Fajar Lestari,24,College Student,Jakarta,2025-04-15
5478,Budi Pratama,22,Office Worker,Medan,2026-01-12
5479,Andi Permata,24,Office Worker,Jakarta,2025-07-09
5480,Salsa Ramadhan,22,College Student,Yogyakarta,2025-07-14
5481,Lina Kurniawan,25,Office Worker,Jakarta,2026-01-12
5482,Vina Saputra,19,College Student,Medan,2025-01-18
5483,Rian Sari,24,College Student,Jakarta,2025-09-16
5484,Joko Wijaya,22,Office Worker,Palembang,2026-01-07
5485,Eka Nugraha,25,Office Worker,Padang,2025-03-01
5486,Lina Saputra,28,Office Worker,Padang,2025-04-15
5487,Intan Permata,17,High School Student,Jakarta,2026-03-02
5488,Joko Pratama,25,Office Worker,Padang,2025-09-18
5489,Budi Kurniawan,30,Office Worker,Pekanbaru,2025-02-15
5490,Salsa Sari,35,Office Worker,Makassar,2026-06-10
5491,Nanda Permata,18,High School Student,Jakarta,2026-04-22
5492,Budi Permata,29,Office Worker,Makassar,2025-09-24
5493,Eka Permata,22,College Student,Medan,2026-06-18
5494,Oki Wijaya,21,College Student,Bandung,2025-04-16
5495,Rian Putra,24,College Student,Palembang,2026-06-01
5496,Lina Nugraha,18,College Student,Padang,2026-01-31
5497,Hadi Lestari,24,College Student,Bandung,2025-05-29
5498,Vina Permata,30,Office Worker,Palembang,2025-10-07
5499,Eka Nugraha,19,College Student,Medan,2026-06-09
5500,Fajar Nugraha,27,Office Worker,Semarang,2025-01-26
5501,Hadi Ramadhan,19,College Student,Semarang,2025-10-09
5502,Salsa Permata,18,High School Student,Medan,2026-04-29
5503,Dina Nugraha,16,High School Student,Surabaya,2025-03-05
5504,Oki Ramadhan,22,College Student,Jakarta,2025-04-21
5505,Putri Ramadhan,19,College Student,Padang,2025-03-29
5506,Dina Wijaya,15,High School Student,Bandung,2026-02-26
5507,Tio Putra,24,College Student,Jakarta,2026-03-16
5508,Joko Nugraha,20,College Student,Surabaya,2025-05-08
5509,Putri Kurniawan,20,College Student,Jakarta,2025-10-21
5510,Citra Lestari,23,College Student,Pekanbaru,2025-05-29
5511,Joko Putra,16,High School Student,Padang,2025-11-23
5512,Maya Sari,31,Office Worker,Yogyakarta,2025-05-20
5513,Lina Sari,24,Office Worker,Bandung,2025-05-02
5514,Nanda Lestari,33,Office Worker,Surabaya,2026-06-07
5515,Intan Putra,18,High School Student,Semarang,2026-01-19
5516,Citra Ramadhan,33,Office Worker,Makassar,2025-10-10
5517,Fajar Nugraha,28,Office Worker,Makassar,2026-03-23
5518,Tio Kurniawan,32,Office Worker,Padang,2025-07-13
5519,Gita Permata,18,High School Student,Palembang,2025-07-25
5520,Eka Pratama,26,Office Worker,Padang,2026-06-30
5521,Salsa Pratama,30,Office Worker,Medan,2025-03-05
5522,Intan Kurniawan,23,College Student,Palembang,2025-01-17
5523,Joko Permata,31,Office Worker,Surabaya,2026-03-11
5524,Rian Permata,24,College Student,Bandung,2025-04-15
5525,Salsa Saputra,22,College Student,Semarang,2026-03-16
5526,Intan Wijaya,18,High School Student,Yogyakarta,2025-08-16
5527,Gita Lestari,29,Office Worker,Bandung,2026-01-30
5528,Oki Kurniawan,18,High School Student,Semarang,2025-08-01
5529,Intan Permata,18,College Student,Medan,2025-10-25
5530,Salsa Pratama,19,College Student,Surabaya,2026-03-01
5531,Fajar Sari,22,College Student,Palembang,2026-02-05
5532,Joko Lestari,16,High School Student,Makassar,2026-06-08
5533,Fajar Ramadhan,27,Office Worker,Surabaya,2026-02-02
5534,Tio Putra,32,Office Worker,Semarang,2025-09-17
5535,Intan Pratama,17,High School Student,Surabaya,2025-05-06
5536,Putri Ramadhan,18,High School Student,Yogyakarta,2025-08-14
5537,Hadi Lestari,18,High School Student,Semarang,2025-11-29
5538,Putri Putra,34,Office Worker,Yogyakarta,2025-11-26
5539,Gita Putra,22,College Student,Makassar,2025-09-22
5540,Karin Kurniawan,18,College Student,Jakarta,2025-06-20
5541,Gita Wijaya,18,High School Student,Surabaya,2025-01-01
5542,Putri Kurniawan,30,Office Worker,Palembang,2025-08-29
5543,Andi Putra,22,Office Worker,Pekanbaru,2025-01-20
5544,Karin Wijaya,29,Office Worker,Yogyakarta,2025-11-11
5545,Intan Ramadhan,31,Office Worker,Jakarta,2026-04-18
5546,Putri Saputra,18,High School Student,Semarang,2025-05-21
5547,Rian Pratama,16,High School Student,Semarang,2025-11-29
5548,Citra Wijaya,18,High School Student,Jakarta,2025-02-19
5549,Oki Lestari,22,College Student,Padang,2026-04-06
5550,Hadi Pratama,17,High School Student,Bandung,2026-01-26
5551,Dina Putra,24,College Student,Yogyakarta,2025-02-24
5552,Budi Sari,19,College Student,Jakarta,2025-02-20
5553,Hadi Kurniawan,23,Office Worker,Jakarta,2026-05-05
5554,Gita Kurniawan,31,Office Worker,Jakarta,2025-11-28
5555,Salsa Pratama,24,Office Worker,Jakarta,2025-09-27
5556,Andi Permata,35,Office Worker,Palembang,2025-12-28
5557,Rian Sari,18,High School Student,Yogyakarta,2025-05-25
5558,Citra Pratama,25,Office Worker,Padang,2025-05-09
5559,Tio Saputra,24,College Student,Bandung,2026-01-10
5560,Fajar Sari,33,Office Worker,Surabaya,2026-05-20
5561,Dina Pratama,19,College Student,Surabaya,2025-01-01
5562,Karin Ramadhan,24,Office Worker,Medan,2026-01-02
5563,Karin Putra,19,College Student,Medan,2026-06-22
5564,Vina Pratama,21,College Student,Palembang,2026-05-10
5565,Nanda Nugraha,35,Office Worker,Surabaya,2025-06-23
5566,Budi Ramadhan,17,High School Student,Palembang,2026-06-09
5567,Intan Ramadhan,35,Office Worker,Pekanbaru,2025-02-03
5568,Hadi Lestari,34,Office Worker,Jakarta,2025-11-14
5569,Citra Lestari,32,Office Worker,Makassar,2025-07-30
5570,Salsa Permata,35,Office Worker,Jakarta,2025-11-07
5571,Intan Kurniawan,24,Office Worker,Medan,2025-04-04
5572,Tio Pratama,16,High School Student,Makassar,2025-07-08
5573,Rian Permata,34,Office Worker,Bandung,2026-05-29
5574,Dina Lestari,33,Office Worker,Jakarta,2025-07-23
5575,Fajar Nugraha,27,Office Worker,Padang,2026-05-06
5576,Joko Sari,16,High School Student,Bandung,2025-02-23
5577,Gita Lestari,22,Office Worker,Pekanbaru,2026-04-21
5578,Joko Kurniawan,28,Office Worker,Yogyakarta,2025-04-04
5579,Oki Ramadhan,33,Office Worker,Padang,2025-11-10
5580,Budi Putra,23,College Student,Palembang,2025-12-26
5581,Vina Nugraha,16,High School Student,Palembang,2025-06-17
5582,Salsa Nugraha,21,College Student,Yogyakarta,2026-02-02
5583,Dina Lestari,34,Office Worker,Semarang,2026-06-21
5584,Tio Sari,32,Office Worker,Makassar,2026-01-29
5585,Maya Lestari,21,College Student,Medan,2025-12-22
5586,Fajar Nugraha,17,High School Student,Jakarta,2025-02-17
5587,Karin Ramadhan,22,College Student,Surabaya,2026-03-08
5588,Oki Saputra,22,College Student,Yogyakarta,2025-02-22
5589,Oki Wijaya,29,Office Worker,Jakarta,2025-08-29
5590,Rian Permata,23,Office Worker,Semarang,2026-01-30
5591,Salsa Ramadhan,18,College Student,Padang,2025-01-27
5592,Oki Pratama,22,College Student,Makassar,2025-02-28
5593,Intan Ramadhan,18,High School Student,Semarang,2025-07-05
5594,Eka Putra,29,Office Worker,Palembang,2025-05-21
5595,Hadi Lestari,22,College Student,Makassar,2025-02-26
5596,Rian Kurniawan,20,College Student,Makassar,2026-03-26
5597,Citra Kurniawan,22,College Student,Surabaya,2025-04-16
5598,Gita Wijaya,25,Office Worker,Makassar,2025-10-07
5599,Intan Sari,23,Office Worker,Jakarta,2026-04-13
5600,Salsa Permata,23,Office Worker,Yogyakarta,2026-03-09
5601,Hadi Saputra,21,College Student,Surabaya,2025-12-06
5602,Maya Permata,23,College Student,Padang,2026-05-29
5603,Joko Putra,15,High School Student,Yogyakarta,2026-02-03
5604,Lina Wijaya,22,Office Worker,Palembang,2025-07-01
5605,Lina Ramadhan,18,High School Student,Medan,2025-10-29
5606,Budi Putra,22,College Student,Jakarta,2025-07-02
5607,Hadi Pratama,31,Office Worker,Makassar,2026-05-25
5608,Citra Saputra,22,Office Worker,Surabaya,2025-04-05
5609,Vina Putra,24,College Student,Jakarta,2026-02-18
5610,Citra Kurniawan,23,College Student,Pekanbaru,2025-06-05
5611,Oki Saputra,17,High School Student,Medan,2025-04-07
5612,Rian Putra,24,Office Worker,Pekanbaru,2026-01-04
5613,Fajar Pratama,28,Office Worker,Bandung,2025-08-26
5614,Dina Wijaya,15,High School Student,Surabaya,2025-01-13
5615,Gita Sari,22,College Student,Makassar,2025-10-28
5616,Nanda Lestari,22,Office Worker,Makassar,2025-07-01
5617,Nanda Lestari,22,Office Worker,Yogyakarta,2025-06-04
5618,Gita Permata,16,High School Student,Yogyakarta,2026-01-26
5619,Gita Pratama,22,College Student,Jakarta,2025-06-26
5620,Citra Saputra,16,High School Student,Medan,2025-03-10
5621,Gita Kurniawan,17,High School Student,Semarang,2025-11-04
5622,Putri Nugraha,35,Office Worker,Bandung,2026-06-29
5623,Intan Putra,29,Office Worker,Jakarta,2025-02-22
5624,Andi Saputra,22,Office Worker,Medan,2025-08-04
5625,Eka Sari,18,High School Student,Medan,2025-02-07
5626,Nanda Permata,31,Office Worker,Jakarta,2026-03-04
5627,Hadi Permata,22,College Student,Surabaya,2025-09-18
5628,Citra Saputra,21,College Student,Makassar,2026-01-09
5629,Oki Putra,18,College Student,Bandung,2025-01-31
5630,Karin Wijaya,16,High School Student,Pekanbaru,2026-01-28
5631,Rian Ramadhan,25,Office Worker,Padang,2026-03-01
5632,Hadi Ramadhan,19,College Student,Yogyakarta,2025-01-05
5633,Vina Lestari,18,High School Student,Palembang,2025-02-23
5634,Joko Saputra,17,High School Student,Jakarta,2026-05-19
5635,Eka Putra,17,High School Student,Jakarta,2026-05-23
5636,Eka Ramadhan,17,High School Student,Pekanbaru,2026-03-29
5637,Joko Nugraha,24,College Student,Jakarta,2025-07-19
5638,Karin Wijaya,28,Office Worker,Surabaya,2025-09-30
5639,Hadi Wijaya,16,High School Student,Surabaya,2025-08-14
5640,Vina Ramadhan,17,High School Student,Jakarta,2026-04-16
5641,Salsa Sari,19,College Student,Surabaya,2025-01-18
5642,Lina Lestari,30,Office Worker,Surabaya,2025-01-10
5643,Maya Nugraha,24,College Student,Jakarta,2025-02-08
5644,Salsa Lestari,18,College Student,Yogyakarta,2025-02-10
5645,Intan Wijaya,23,College Student,Makassar,2025-02-13
5646,Lina Sari,24,College Student,Bandung,2025-07-16
5647,Eka Lestari,18,High School Student,Jakarta,2025-10-26
5648,Vina Lestari,23,Office Worker,Makassar,2025-07-28
5649,Gita Sari,23,Office Worker,Semarang,2026-04-04
5650,Karin Putra,24,College Student,Makassar,2025-08-24
5651,Gita Permata,33,Office Worker,Surabaya,2026-05-30
5652,Intan Nugraha,28,Office Worker,Padang,2025-12-26
5653,Citra Nugraha,15,High School Student,Makassar,2026-01-18
5654,Maya Putra,23,College Student,Medan,2026-03-03
5655,Rian Nugraha,18,High School Student,Palembang,2025-12-10
5656,Fajar Lestari,16,High School Student,Semarang,2025-09-11
5657,Budi Ramadhan,29,Office Worker,Yogyakarta,2026-05-22
5658,Nanda Kurniawan,35,Office Worker,Makassar,2026-06-02
5659,Dina Wijaya,23,Office Worker,Surabaya,2025-11-26
5660,Intan Saputra,23,Office Worker,Bandung,2026-05-03
5661,Lina Kurniawan,15,High School Student,Jakarta,2026-04-27
5662,Salsa Lestari,17,High School Student,Yogyakarta,2026-04-17
5663,Citra Sari,22,Office Worker,Bandung,2026-06-16
5664,Salsa Pratama,23,College Student,Jakarta,2026-03-13
5665,Fajar Kurniawan,25,Office Worker,Yogyakarta,2026-02-26
5666,Lina Wijaya,27,Office Worker,Padang,2025-06-11
5667,Citra Lestari,28,Office Worker,Yogyakarta,2026-03-10
5668,Citra Saputra,34,Office Worker,Pekanbaru,2025-01-16
5669,Karin Ramadhan,17,High School Student,Surabaya,2025-03-06
5670,Tio Nugraha,32,Office Worker,Jakarta,2025-03-14
5671,Maya Nugraha,34,Office Worker,Medan,2025-07-23
5672,Citra Wijaya,24,College Student,Jakarta,2025-09-11
5673,Rian Ramadhan,34,Office Worker,Palembang,2026-06-13
5674,Citra Pratama,18,College Student,Medan,2025-07-14
5675,Maya Lestari,27,Office Worker,Jakarta,2025-09-08
5676,Putri Kurniawan,17,High School Student,Padang,2025-10-12
5677,Karin Pratama,23,College Student,Yogyakarta,2026-06-27
5678,Eka Nugraha,17,High School Student,Makassar,2026-04-28
5679,Oki Saputra,25,Office Worker,Padang,2025-11-06
5680,Putri Pratama,16,High School Student,Jakarta,2025-06-30
5681,Fajar Sari,16,High School Student,Yogyakarta,2025-09-02
5682,Karin Kurniawan,19,College Student,Semarang,2026-03-17
5683,Putri Putra,30,Office Worker,Makassar,2025-10-02
5684,Citra Kurniawan,18,High School Student,Padang,2025-08-12
5685,Rian Ramadhan,17,High School Student,Surabaya,2026-01-02
5686,Nanda Lestari,22,Office Worker,Makassar,2026-06-23
5687,Budi Lestari,24,College Student,Padang,2025-09-07
5688,Intan Putra,24,Office Worker,Jakarta,2025-01-13
5689,Karin Sari,18,High School Student,Medan,2025-11-04
5690,Budi Permata,33,Office Worker,Jakarta,2025-07-11
5691,Nanda Ramadhan,15,High School Student,Semarang,2025-01-19
5692,Maya Nugraha,15,High School Student,Pekanbaru,2025-12-05
5693,Lina Ramadhan,27,Office Worker,Jakarta,2025-01-26
5694,Nanda Putra,19,College Student,Yogyakarta,2025-01-06
5695,Hadi Sari,27,Office Worker,Padang,2025-05-21
5696,Rian Nugraha,19,College Student,Jakarta,2025-01-27
5697,Karin Lestari,20,College Student,Jakarta,2025-04-15
5698,Joko Lestari,19,College Student,Yogyakarta,2026-06-06
5699,Nanda Kurniawan,27,Office Worker,Surabaya,2025-10-06
5700,Gita Sari,23,College Student,Yogyakarta,2025-10-30
5701,Salsa Putra,21,College Student,Jakarta,2025-01-12
5702,Putri Wijaya,24,College Student,Bandung,2025-03-18
5703,Oki Kurniawan,21,College Student,Yogyakarta,2025-01-18
5704,Oki Ramadhan,18,College Student,Palembang,2025-06-23
5705,Intan Kurniawan,27,Office Worker,Surabaya,2026-02-05
5706,Gita Lestari,24,College Student,Makassar,2025-03-28
5707,Hadi Saputra,24,Office Worker,Bandung,2025-12-09
5708,Putri Wijaya,16,High School Student,Yogyakarta,2026-03-25
5709,Andi Ramadhan,22,Office Worker,Semarang,2025-02-23
5710,Lina Kurniawan,26,Office Worker,Jakarta,2026-03-03
5711,Budi Kurniawan,18,High School Student,Pekanbaru,2025-03-19
5712,Hadi Kurniawan,34,Office Worker,Makassar,2026-03-15
5713,Eka Saputra,24,College Student,Palembang,2026-05-12
5714,Joko Lestari,31,Office Worker,Padang,2025-06-21
5715,Fajar Sari,31,Office Worker,Surabaya,2025-12-27
5716,Citra Ramadhan,24,College Student,Yogyakarta,2025-08-24
5717,Hadi Pratama,16,High School Student,Makassar,2026-03-09
5718,Vina Pratama,21,College Student,Semarang,2025-01-16
5719,Salsa Putra,16,High School Student,Semarang,2026-05-11
5720,Citra Putra,15,High School Student,Jakarta,2025-07-30
5721,Fajar Pratama,16,High School Student,Yogyakarta,2025-11-23
5722,Maya Sari,23,College Student,Jakarta,2025-09-04
5723,Rian Nugraha,28,Office Worker,Semarang,2026-05-18
5724,Putri Pratama,17,High School Student,Bandung,2025-06-16
5725,Andi Ramadhan,15,High School Student,Padang,2026-03-17
5726,Hadi Pratama,24,Office Worker,Semarang,2025-12-19
5727,Budi Nugraha,15,High School Student,Semarang,2025-04-09
5728,Vina Nugraha,18,High School Student,Makassar,2025-04-28
5729,Joko Nugraha,15,High School Student,Bandung,2025-12-19
5730,Citra Ramadhan,35,Office Worker,Bandung,2026-05-16
5731,Oki Saputra,34,Office Worker,Makassar,2025-02-08
5732,Nanda Lestari,23,College Student,Bandung,2025-11-26
5733,Dina Permata,26,Office Worker,Palembang,2025-11-19
5734,Gita Sari,20,College Student,Makassar,2026-05-13
5735,Intan Lestari,24,Office Worker,Makassar,2025-01-29
5736,Lina Saputra,28,Office Worker,Medan,2026-06-27
5737,Fajar Saputra,34,Office Worker,Palembang,2025-11-12
5738,Salsa Ramadhan,22,College Student,Padang,2026-05-28
5739,Fajar Wijaya,18,High School Student,Surabaya,2026-04-12
5740,Eka Permata,23,College Student,Jakarta,2025-07-18
5741,Rian Nugraha,27,Office Worker,Yogyakarta,2025-07-01
5742,Joko Nugraha,23,College Student,Jakarta,2025-05-10
5743,Gita Sari,27,Office Worker,Palembang,2025-05-11
5744,Budi Permata,30,Office Worker,Pekanbaru,2025-01-05
5745,Rian Nugraha,15,High School Student,Surabaya,2025-06-16
5746,Eka Permata,29,Office Worker,Jakarta,2026-01-20
5747,Lina Sari,31,Office Worker,Yogyakarta,2025-04-02
5748,Fajar Lestari,34,Office Worker,Medan,2025-07-06
5749,Tio Saputra,34,Office Worker,Semarang,2026-04-10
5750,Dina Kurniawan,26,Office Worker,Jakarta,2026-06-03
5751,Eka Pratama,15,High School Student,Jakarta,2025-04-25
5752,Karin Wijaya,27,Office Worker,Jakarta,2025-09-20
5753,Citra Pratama,16,High School Student,Jakarta,2025-12-10
5754,Dina Kurniawan,22,Office Worker,Jakarta,2025-08-27
5755,Putri Sari,24,Office Worker,Semarang,2025-11-05
5756,Eka Ramadhan,21,College Student,Jakarta,2025-01-16
5757,Rian Sari,27,Office Worker,Jakarta,2025-03-03
5758,Lina Nugraha,23,College Student,Jakarta,2025-11-17
5759,Tio Nugraha,24,College Student,Semarang,2026-01-03
5760,Hadi Saputra,23,College Student,Padang,2026-03-11
5761,Rian Saputra,32,Office Worker,Surabaya,2025-10-19
5762,Citra Putra,32,Office Worker,Palembang,2025-06-12
5763,Vina Lestari,30,Office Worker,Pekanbaru,2025-08-29
5764,Salsa Nugraha,16,High School Student,Jakarta,2025-11-21
5765,Rian Pratama,33,Office Worker,Yogyakarta,2026-01-10
5766,Nanda Kurniawan,34,Office Worker,Surabaya,2025-05-09
5767,Eka Permata,23,College Student,Surabaya,2025-05-03
5768,Andi Wijaya,15,High School Student,Yogyakarta,2026-04-09
5769,Vina Nugraha,18,College Student,Jakarta,2026-06-11
5770,Joko Nugraha,25,Office Worker,Jakarta,2025-08-17
5771,Joko Putra,23,Office Worker,Makassar,2025-05-24
5772,Maya Wijaya,22,Office Worker,Padang,2025-06-25
5773,Gita Ramadhan,20,College Student,Surabaya,2025-02-22
5774,Joko Lestari,24,Office Worker,Yogyakarta,2025-12-01
5775,Karin Ramadhan,15,High School Student,Jakarta,2025-10-20
5776,Joko Kurniawan,18,College Student,Bandung,2025-08-28
5777,Nanda Sari,28,Office Worker,Jakarta,2026-03-19
5778,Maya Sari,15,High School Student,Semarang,2025-05-16
5779,Karin Pratama,22,Office Worker,Surabaya,2025-03-12
5780,Putri Pratama,18,High School Student,Yogyakarta,2025-01-08
5781,Intan Kurniawan,27,Office Worker,Jakarta,2026-03-09
5782,Joko Wijaya,24,College Student,Palembang,2025-12-02
5783,Oki Putra,18,College Student,Surabaya,2026-02-23
5784,Rian Wijaya,17,High School Student,Jakarta,2025-10-28
5785,Maya Ramadhan,16,High School Student,Yogyakarta,2025-08-25
5786,Oki Permata,28,Office Worker,Medan,2026-05-21
5787,Hadi Kurniawan,20,College Student,Pekanbaru,2026-02-03
5788,Gita Pratama,25,Office Worker,Jakarta,2025-11-19
5789,Putri Saputra,27,Office Worker,Yogyakarta,2025-01-02
5790,Rian Kurniawan,16,High School Student,Bandung,2025-07-04
5791,Dina Lestari,20,College Student,Semarang,2025-01-16
5792,Nanda Putra,28,Office Worker,Yogyakarta,2025-10-06
5793,Eka Nugraha,35,Office Worker,Jakarta,2025-12-17
5794,Eka Nugraha,34,Office Worker,Bandung,2026-01-05
5795,Citra Ramadhan,21,College Student,Semarang,2026-01-13
5796,Andi Putra,31,Office Worker,Bandung,2025-02-24
5797,Maya Permata,17,High School Student,Yogyakarta,2025-07-27
5798,Fajar Saputra,30,Office Worker,Surabaya,2025-05-12
5799,Salsa Putra,30,Office Worker,Medan,2026-01-01
5800,Rian Putra,15,High School Student,Jakarta,2025-12-22
5801,Oki Lestari,21,College Student,Jakarta,2025-06-27
5802,Joko Pratama,16,High School Student,Bandung,2025-08-30
5803,Intan Pratama,23,College Student,Jakarta,2025-10-11
5804,Vina Kurniawan,23,Office Worker,Jakarta,2026-03-13
5805,Andi Kurniawan,19,College Student,Medan,2026-06-09
5806,Nanda Putra,17,High School Student,Surabaya,2025-03-12
5807,Eka Ramadhan,21,College Student,Jakarta,2025-02-23
5808,Eka Permata,30,Office Worker,Jakarta,2025-01-13
5809,Putri Lestari,24,Office Worker,Surabaya,2026-01-11
5810,Nanda Permata,23,College Student,Semarang,2025-09-17
5811,Nanda Lestari,16,High School Student,Padang,2025-03-21
5812,Intan Wijaya,22,Office Worker,Makassar,2026-04-21
5813,Joko Putra,33,Office Worker,Jakarta,2025-03-01
5814,Tio Saputra,22,College Student,Bandung,2025-02-16
5815,Budi Kurniawan,18,High School Student,Bandung,2026-05-05
5816,Dina Nugraha,16,High School Student,Jakarta,2025-02-05
5817,Budi Kurniawan,16,High School Student,Makassar,2026-06-15
5818,Gita Wijaya,19,College Student,Medan,2025-09-13
5819,Fajar Sari,31,Office Worker,Padang,2025-10-13
5820,Putri Ramadhan,18,College Student,Jakarta,2026-01-02
5821,Maya Putra,33,Office Worker,Yogyakarta,2025-08-16
5822,Nanda Putra,20,College Student,Semarang,2025-06-20
5823,Vina Nugraha,22,Office Worker,Medan,2026-05-12
5824,Intan Lestari,25,Office Worker,Yogyakarta,2025-09-02
5825,Fajar Wijaya,18,High School Student,Makassar,2026-01-28
5826,Citra Pratama,20,College Student,Jakarta,2026-06-08
5827,Oki Nugraha,31,Office Worker,Jakarta,2025-10-25
5828,Karin Kurniawan,18,High School Student,Jakarta,2026-04-02
5829,Andi Sari,19,College Student,Pekanbaru,2026-03-13
5830,Joko Kurniawan,24,College Student,Bandung,2025-12-12
5831,Vina Sari,25,Office Worker,Yogyakarta,2026-04-23
5832,Rian Lestari,23,College Student,Medan,2025-07-04
5833,Dina Putra,26,Office Worker,Yogyakarta,2025-09-29
5834,Citra Saputra,19,College Student,Pekanbaru,2026-04-06
5835,Lina Putra,31,Office Worker,Yogyakarta,2025-04-09
5836,Tio Putra,19,College Student,Surabaya,2026-03-10
5837,Fajar Lestari,35,Office Worker,Makassar,2026-04-18
5838,Joko Ramadhan,18,College Student,Palembang,2025-09-26
5839,Hadi Saputra,32,Office Worker,Pekanbaru,2026-01-31
5840,Rian Lestari,31,Office Worker,Surabaya,2026-02-12
5841,Joko Saputra,19,College Student,Makassar,2026-01-22
5842,Lina Permata,18,High School Student,Surabaya,2026-06-18
5843,Joko Kurniawan,18,High School Student,Yogyakarta,2025-12-07
5844,Putri Sari,15,High School Student,Medan,2026-06-23
5845,Intan Kurniawan,22,Office Worker,Yogyakarta,2025-08-02
5846,Fajar Lestari,15,High School Student,Makassar,2026-02-01
5847,Gita Saputra,18,High School Student,Medan,2025-02-13
5848,Karin Pratama,23,Office Worker,Padang,2026-01-01
5849,Tio Sari,21,College Student,Surabaya,2025-06-23
5850,Eka Lestari,24,College Student,Jakarta,2025-09-30
5851,Fajar Ramadhan,15,High School Student,Palembang,2026-05-05
5852,Gita Sari,30,Office Worker,Jakarta,2025-07-01
5853,Dina Lestari,34,Office Worker,Surabaya,2025-04-06
5854,Putri Lestari,24,Office Worker,Surabaya,2025-03-12
5855,Oki Putra,23,College Student,Jakarta,2025-11-07
5856,Maya Putra,35,Office Worker,Palembang,2025-11-23
5857,Gita Pratama,16,High School Student,Jakarta,2025-12-13
5858,Dina Sari,15,High School Student,Yogyakarta,2025-06-15
5859,Putri Kurniawan,16,High School Student,Bandung,2025-08-04
5860,Budi Nugraha,22,College Student,Bandung,2025-12-10
5861,Nanda Lestari,20,College Student,Surabaya,2025-03-02
5862,Hadi Lestari,24,College Student,Jakarta,2025-07-05
5863,Fajar Ramadhan,16,High School Student,Medan,2025-12-30
5864,Gita Sari,22,College Student,Jakarta,2025-07-01
5865,Budi Kurniawan,22,Office Worker,Medan,2025-02-03
5866,Dina Lestari,23,College Student,Surabaya,2026-02-09
5867,Intan Lestari,32,Office Worker,Surabaya,2025-05-18
5868,Tio Nugraha,17,High School Student,Palembang,2025-01-28
5869,Eka Sari,25,Office Worker,Yogyakarta,2025-04-16
5870,Vina Permata,24,College Student,Surabaya,2025-06-06
5871,Putri Pratama,18,High School Student,Bandung,2025-04-17
5872,Dina Lestari,17,High School Student,Padang,2025-08-21
5873,Putri Permata,23,Office Worker,Yogyakarta,2025-07-15
5874,Rian Kurniawan,27,Office Worker,Palembang,2025-07-21
5875,Eka Lestari,23,College Student,Jakarta,2025-04-19
5876,Maya Sari,21,College Student,Medan,2026-06-27
5877,Citra Permata,33,Office Worker,Makassar,2025-02-10
5878,Joko Kurniawan,28,Office Worker,Surabaya,2025-03-05
5879,Joko Pratama,23,College Student,Medan,2026-02-19
5880,Lina Nugraha,19,College Student,Bandung,2026-01-07
5881,Hadi Lestari,18,High School Student,Padang,2025-12-30
5882,Nanda Permata,25,Office Worker,Jakarta,2025-08-24
5883,Rian Ramadhan,18,College Student,Bandung,2026-04-16
5884,Tio Permata,29,Office Worker,Semarang,2026-05-15
5885,Rian Ramadhan,23,College Student,Jakarta,2026-02-27
5886,Nanda Saputra,20,College Student,Makassar,2025-07-07
5887,Rian Ramadhan,20,College Student,Surabaya,2026-06-24
5888,Eka Nugraha,29,Office Worker,Pekanbaru,2026-02-07
5889,Intan Lestari,23,Office Worker,Surabaya,2026-05-09
5890,Maya Wijaya,18,College Student,Medan,2025-08-22
5891,Putri Pratama,25,Office Worker,Makassar,2026-05-07
5892,Putri Putra,24,College Student,Jakarta,2026-06-15
5893,Oki Nugraha,23,College Student,Yogyakarta,2025-11-08
5894,Karin Nugraha,17,High School Student,Pekanbaru,2025-04-23
5895,Karin Saputra,20,College Student,Palembang,2026-05-16
5896,Tio Lestari,17,High School Student,Jakarta,2025-12-10
5897,Rian Wijaya,32,Office Worker,Yogyakarta,2025-12-24
5898,Lina Permata,22,College Student,Jakarta,2025-05-06
5899,Eka Pratama,31,Office Worker,Makassar,2025-03-23
5900,Budi Lestari,21,College Student,Yogyakarta,2025-09-09
5901,Budi Kurniawan,35,Office Worker,Padang,2026-01-17
5902,Joko Sari,23,College Student,Makassar,2025-04-09
5903,Salsa Pratama,16,High School Student,Jakarta,2026-03-28
5904,Eka Pratama,21,College Student,Makassar,2025-01-24
5905,Tio Saputra,16,High School Student,Semarang,2026-02-21
5906,Maya Ramadhan,29,Office Worker,Jakarta,2025-12-19
5907,Citra Nugraha,18,College Student,Padang,2025-03-14
5908,Joko Putra,29,Office Worker,Semarang,2026-05-30
5909,Joko Saputra,17,High School Student,Palembang,2025-01-30
5910,Maya Nugraha,16,High School Student,Medan,2026-03-26
5911,Karin Putra,20,College Student,Bandung,2026-04-25
5912,Andi Lestari,28,Office Worker,Bandung,2026-04-02
5913,Joko Permata,32,Office Worker,Makassar,2025-01-27
5914,Joko Wijaya,19,College Student,Bandung,2025-12-22
5915,Budi Wijaya,19,College Student,Makassar,2025-01-19
5916,Karin Nugraha,18,High School Student,Bandung,2026-06-12
5917,Gita Saputra,33,Office Worker,Surabaya,2025-09-27
5918,Nanda Sari,34,Office Worker,Jakarta,2025-05-26
5919,Gita Sari,23,College Student,Makassar,2026-06-26
5920,Intan Sari,22,College Student,Jakarta,2025-05-29
5921,Lina Ramadhan,16,High School Student,Surabaya,2025-07-02
5922,Gita Ramadhan,32,Office Worker,Yogyakarta,2025-02-11
5923,Dina Sari,15,High School Student,Yogyakarta,2025-06-14
5924,Hadi Putra,34,Office Worker,Yogyakarta,2025-04-04
5925,Vina Lestari,15,High School Student,Makassar,2025-08-02
5926,Citra Kurniawan,31,Office Worker,Makassar,2025-07-07
5927,Tio Sari,25,Office Worker,Yogyakarta,2025-03-29
5928,Vina Nugraha,26,Office Worker,Pekanbaru,2026-04-03
5929,Oki Wijaya,25,Office Worker,Pekanbaru,2026-04-17
5930,Budi Putra,35,Office Worker,Jakarta,2025-02-23
5931,Hadi Pratama,15,High School Student,Semarang,2026-01-07
5932,Joko Nugraha,23,College Student,Bandung,2026-06-01
5933,Intan Saputra,18,High School Student,Yogyakarta,2025-12-31
5934,Tio Ramadhan,34,Office Worker,Pekanbaru,2025-02-06
5935,Nanda Lestari,24,College Student,Makassar,2025-04-29
5936,Joko Putra,24,Office Worker,Bandung,2026-02-13
5937,Nanda Ramadhan,22,Office Worker,Semarang,2025-12-29
5938,Maya Wijaya,16,High School Student,Pekanbaru,2026-01-04
5939,Vina Sari,16,High School Student,Makassar,2025-06-02
5940,Tio Permata,19,College Student,Bandung,2025-11-19
5941,Citra Saputra,20,College Student,Jakarta,2025-10-21
5942,Gita Permata,18,High School Student,Pekanbaru,2026-04-25
5943,Eka Putra,17,High School Student,Padang,2026-04-23
5944,Joko Pratama,28,Office Worker,Surabaya,2026-03-24
5945,Karin Wijaya,31,Office Worker,Makassar,2025-05-10
5946,Citra Pratama,23,College Student,Jakarta,2025-12-08
5947,Salsa Putra,19,College Student,Pekanbaru,2025-09-24
5948,Maya Lestari,15,High School Student,Bandung,2025-12-04
5949,Citra Permata,34,Office Worker,Jakarta,2026-04-20
5950,Nanda Wijaya,29,Office Worker,Makassar,2026-02-19
5951,Maya Permata,15,High School Student,Padang,2025-10-18
5952,Intan Kurniawan,17,High School Student,Yogyakarta,2025-06-21
5953,Putri Sari,28,Office Worker,Yogyakarta,2026-03-15
5954,Hadi Lestari,29,Office Worker,Yogyakarta,2025-10-28
5955,Lina Wijaya,18,High School Student,Medan,2025-05-29
5956,Rian Ramadhan,31,Office Worker,Makassar,2025-09-22
5957,Salsa Sari,22,College Student,Surabaya,2025-04-05
5958,Maya Wijaya,19,College Student,Medan,2026-02-21
5959,Putri Lestari,30,Office Worker,Bandung,2025-09-14
5960,Eka Lestari,30,Office Worker,Medan,2026-05-30
5961,Budi Pratama,23,College Student,Makassar,2025-12-16
5962,Putri Nugraha,27,Office Worker,Pekanbaru,2025-07-24
5963,Gita Kurniawan,18,College Student,Yogyakarta,2025-12-10
5964,Dina Wijaya,34,Office Worker,Bandung,2026-04-10
5965,Vina Sari,24,College Student,Makassar,2026-06-23
5966,Salsa Nugraha,27,Office Worker,Jakarta,2025-01-29
5967,Maya Wijaya,35,Office Worker,Makassar,2026-01-11
5968,Fajar Lestari,18,High School Student,Makassar,2025-04-15
5969,Lina Nugraha,25,Office Worker,Jakarta,2025-11-30
5970,Salsa Saputra,35,Office Worker,Palembang,2025-03-10
5971,Dina Permata,23,Office Worker,Yogyakarta,2025-04-17
5972,Nanda Pratama,15,High School Student,Medan,2025-04-12
5973,Karin Ramadhan,32,Office Worker,Jakarta,2025-09-19
5974,Intan Saputra,35,Office Worker,Yogyakarta,2025-10-16
5975,Eka Lestari,21,College Student,Medan,2025-05-17
5976,Oki Lestari,26,Office Worker,Bandung,2026-05-05
5977,Putri Permata,15,High School Student,Jakarta,2025-03-08
5978,Dina Putra,18,High School Student,Palembang,2025-05-31
5979,Fajar Sari,22,College Student,Jakarta,2025-10-05
5980,Karin Kurniawan,22,College Student,Yogyakarta,2025-07-31
5981,Maya Wijaya,25,Office Worker,Yogyakarta,2025-12-16
5982,Karin Saputra,15,High School Student,Surabaya,2025-05-27
5983,Citra Putra,35,Office Worker,Medan,2025-12-31
5984,Maya Kurniawan,16,High School Student,Palembang,2025-08-16
5985,Joko Nugraha,18,High School Student,Makassar,2025-10-17
5986,Karin Sari,17,High School Student,Padang,2025-11-26
5987,Nanda Kurniawan,19,College Student,Makassar,2026-01-30
5988,Vina Lestari,30,Office Worker,Surabaya,2025-05-19
5989,Citra Kurniawan,28,Office Worker,Padang,2026-02-28
5990,Hadi Sari,30,Office Worker,Jakarta,2025-09-10
5991,Andi Saputra,15,High School Student,Pekanbaru,2026-02-20
5992,Intan Nugraha,19,College Student,Padang,2026-05-22
5993,Rian Kurniawan,18,College Student,Yogyakarta,2025-12-12
5994,Andi Putra,19,College Student,Makassar,2025-06-29
5995,Eka Ramadhan,15,High School Student,Makassar,2025-08-02
5996,Rian Saputra,32,Office Worker,Bandung,2026-03-14
5997,Salsa Nugraha,18,College Student,Surabaya,2026-04-25
5998,Eka Wijaya,31,Office Worker,Bandung,2025-06-02
5999,Maya Ramadhan,22,College Student,Jakarta,2026-02-17
6000,Gita Lestari,16,High School Student,Jakarta,2025-05-03
6001,Nanda Lestari,25,Office Worker,Padang,2025-08-31
6002,Hadi Wijaya,16,High School Student,Yogyakarta,2025-11-02
6003,Dina Lestari,24,Office Worker,Pekanbaru,2025-05-16
6004,Dina Saputra,27,Office Worker,Yogyakarta,2025-06-08
6005,Lina Permata,17,High School Student,Makassar,2025-06-01
6006,Vina Putra,32,Office Worker,Surabaya,2026-04-01
6007,Intan Permata,18,College Student,Yogyakarta,2025-11-30
6008,Intan Pratama,17,High School Student,Jakarta,2026-04-08
6009,Andi Sari,23,Office Worker,Padang,2026-04-14
6010,Fajar Sari,23,College Student,Surabaya,2025-01-26
6011,Intan Lestari,29,Office Worker,Bandung,2025-06-15
6012,Dina Kurniawan,34,Office Worker,Medan,2026-01-01
6013,Citra Lestari,28,Office Worker,Medan,2026-03-15
6014,Intan Pratama,20,College Student,Yogyakarta,2025-04-07
6015,Nanda Nugraha,19,College Student,Yogyakarta,2026-01-29
6016,Andi Pratama,22,Office Worker,Palembang,2026-04-12
6017,Citra Kurniawan,15,High School Student,Palembang,2025-09-24
6018,Fajar Kurniawan,22,College Student,Jakarta,2025-05-03
6019,Dina Permata,22,College Student,Pekanbaru,2026-06-19
6020,Tio Nugraha,16,High School Student,Bandung,2025-07-17
6021,Eka Lestari,22,College Student,Bandung,2025-02-10
6022,Putri Sari,29,Office Worker,Jakarta,2025-05-01
6023,Fajar Permata,34,Office Worker,Palembang,2026-03-01
6024,Nanda Saputra,15,High School Student,Pekanbaru,2025-01-04
6025,Intan Sari,16,High School Student,Bandung,2025-09-12
6026,Salsa Lestari,23,College Student,Bandung,2026-04-13
6027,Budi Ramadhan,26,Office Worker,Yogyakarta,2025-07-02
6028,Intan Permata,16,High School Student,Yogyakarta,2025-04-17
6029,Hadi Lestari,32,Office Worker,Padang,2026-05-14
6030,Putri Saputra,15,High School Student,Jakarta,2026-03-23
6031,Fajar Permata,27,Office Worker,Jakarta,2025-06-26
6032,Intan Saputra,18,College Student,Bandung,2025-03-13
6033,Gita Sari,30,Office Worker,Semarang,2025-03-11
6034,Eka Wijaya,18,High School Student,Palembang,2025-05-03
6035,Andi Permata,33,Office Worker,Semarang,2026-01-27
6036,Tio Saputra,16,High School Student,Medan,2025-08-15
6037,Fajar Sari,29,Office Worker,Semarang,2026-01-03
6038,Joko Sari,24,Office Worker,Padang,2026-04-03
6039,Lina Putra,15,High School Student,Jakarta,2025-07-02
6040,Maya Saputra,24,Office Worker,Jakarta,2025-08-15
6041,Nanda Lestari,19,College Student,Yogyakarta,2025-03-13
6042,Fajar Ramadhan,18,High School Student,Palembang,2026-05-27
6043,Joko Pratama,18,College Student,Bandung,2025-01-08
6044,Salsa Kurniawan,18,High School Student,Semarang,2025-03-13
6045,Dina Ramadhan,25,Office Worker,Jakarta,2025-02-15
6046,Salsa Nugraha,23,Office Worker,Palembang,2025-05-30
6047,Salsa Nugraha,16,High School Student,Makassar,2026-04-27
6048,Gita Sari,23,College Student,Jakarta,2026-02-13
6049,Intan Wijaya,23,Office Worker,Jakarta,2025-06-24
6050,Lina Permata,34,Office Worker,Medan,2026-03-03
6051,Nanda Putra,20,College Student,Palembang,2025-08-25
6052,Lina Sari,32,Office Worker,Jakarta,2025-05-20
6053,Intan Permata,22,College Student,Padang,2025-03-05
6054,Eka Kurniawan,21,College Student,Jakarta,2025-10-06
6055,Gita Permata,22,Office Worker,Bandung,2025-02-19
6056,Rian Pratama,24,College Student,Semarang,2025-08-03
6057,Oki Putra,24,College Student,Semarang,2025-02-05
6058,Oki Pratama,18,College Student,Semarang,2026-03-07
6059,Oki Saputra,35,Office Worker,Jakarta,2026-05-20
6060,Dina Pratama,25,Office Worker,Yogyakarta,2025-09-06
6061,Putri Saputra,22,College Student,Medan,2026-04-13
6062,Putri Putra,24,College Student,Medan,2026-05-25
6063,Fajar Ramadhan,19,College Student,Medan,2026-01-29
6064,Vina Saputra,20,College Student,Yogyakarta,2026-03-16
6065,Tio Ramadhan,18,High School Student,Palembang,2025-06-07
6066,Fajar Ramadhan,23,Office Worker,Padang,2025-04-04
6067,Maya Pratama,20,College Student,Yogyakarta,2026-05-01
6068,Intan Ramadhan,19,College Student,Yogyakarta,2026-03-15
6069,Lina Lestari,15,High School Student,Jakarta,2025-06-15
6070,Dina Wijaya,15,High School Student,Medan,2025-02-25
6071,Putri Lestari,33,Office Worker,Jakarta,2026-03-31
6072,Lina Pratama,19,College Student,Surabaya,2026-01-05
6073,Dina Kurniawan,16,High School Student,Yogyakarta,2026-01-13
6074,Gita Lestari,21,College Student,Makassar,2026-01-30
6075,Maya Putra,21,College Student,Bandung,2026-01-26
6076,Vina Lestari,18,High School Student,Jakarta,2025-12-18
6077,Joko Putra,22,College Student,Medan,2025-03-23
6078,Vina Pratama,22,College Student,Surabaya,2026-06-30
6079,Oki Putra,23,College Student,Palembang,2025-03-04
6080,Rian Wijaya,19,College Student,Padang,2026-05-29
6081,Tio Putra,22,College Student,Surabaya,2025-05-28
6082,Eka Wijaya,28,Office Worker,Bandung,2026-06-03
6083,Eka Putra,22,College Student,Yogyakarta,2025-11-04
6084,Intan Ramadhan,19,College Student,Bandung,2026-05-20
6085,Putri Lestari,18,High School Student,Jakarta,2025-04-08
6086,Putri Wijaya,19,College Student,Pekanbaru,2025-10-29
6087,Salsa Wijaya,30,Office Worker,Surabaya,2025-02-11
6088,Oki Kurniawan,16,High School Student,Semarang,2025-11-12
6089,Joko Kurniawan,22,Office Worker,Jakarta,2026-01-19
6090,Citra Sari,18,High School Student,Makassar,2025-04-14
6091,Intan Saputra,19,College Student,Jakarta,2025-12-02
6092,Lina Sari,30,Office Worker,Surabaya,2025-02-01
6093,Putri Permata,18,College Student,Padang,2025-10-09
6094,Andi Lestari,24,College Student,Makassar,2025-01-30
6095,Hadi Ramadhan,16,High School Student,Semarang,2026-01-28
6096,Hadi Wijaya,27,Office Worker,Jakarta,2025-02-01
6097,Lina Pratama,15,High School Student,Medan,2025-05-29
6098,Dina Sari,32,Office Worker,Pekanbaru,2025-03-17
6099,Maya Pratama,15,High School Student,Semarang,2026-02-11
6100,Tio Wijaya,22,Office Worker,Pekanbaru,2025-10-01
6101,Eka Sari,19,College Student,Medan,2025-03-02
6102,Citra Pratama,23,Office Worker,Yogyakarta,2025-05-11
6103,Karin Wijaya,19,College Student,Surabaya,2026-05-28
6104,Hadi Nugraha,31,Office Worker,Makassar,2025-03-01
6105,Oki Wijaya,16,High School Student,Makassar,2026-01-15
6106,Fajar Wijaya,17,High School Student,Semarang,2025-12-13
6107,Eka Pratama,21,College Student,Makassar,2026-03-18
6108,Nanda Kurniawan,15,High School Student,Surabaya,2026-06-27
6109,Lina Sari,17,High School Student,Pekanbaru,2026-02-03
6110,Maya Putra,34,Office Worker,Bandung,2025-01-07
6111,Fajar Nugraha,25,Office Worker,Makassar,2026-01-26
6112,Oki Ramadhan,21,College Student,Medan,2025-05-15
6113,Putri Kurniawan,31,Office Worker,Padang,2025-01-20
6114,Hadi Nugraha,20,College Student,Yogyakarta,2025-11-23
6115,Oki Sari,22,College Student,Yogyakarta,2026-03-10
6116,Rian Putra,23,Office Worker,Surabaya,2026-01-09
6117,Karin Sari,23,Office Worker,Jakarta,2025-05-23
6118,Karin Saputra,28,Office Worker,Jakarta,2026-01-29
6119,Budi Ramadhan,24,College Student,Surabaya,2026-04-28
6120,Citra Pratama,27,Office Worker,Surabaya,2026-05-06
6121,Vina Pratama,18,High School Student,Jakarta,2025-11-17
6122,Salsa Kurniawan,15,High School Student,Medan,2026-02-16
6123,Dina Wijaya,18,High School Student,Jakarta,2025-12-20
6124,Hadi Permata,34,Office Worker,Bandung,2026-03-08
6125,Oki Nugraha,33,Office Worker,Yogyakarta,2025-01-03
6126,Eka Ramadhan,24,Office Worker,Padang,2025-05-11
6127,Maya Permata,18,College Student,Surabaya,2025-03-16
6128,Salsa Ramadhan,19,College Student,Jakarta,2025-11-20
6129,Eka Wijaya,15,High School Student,Yogyakarta,2026-04-23
6130,Vina Wijaya,19,College Student,Makassar,2025-06-09
6131,Citra Permata,24,College Student,Padang,2025-01-17
6132,Budi Permata,30,Office Worker,Makassar,2026-01-30
6133,Salsa Lestari,19,College Student,Medan,2025-12-22
6134,Gita Permata,18,High School Student,Jakarta,2025-02-01
6135,Nanda Lestari,17,High School Student,Jakarta,2026-04-28
6136,Vina Ramadhan,17,High School Student,Jakarta,2025-06-04
6137,Rian Ramadhan,24,College Student,Palembang,2026-05-30
6138,Salsa Lestari,33,Office Worker,Surabaya,2025-12-08
6139,Joko Kurniawan,25,Office Worker,Palembang,2026-02-10
6140,Oki Sari,25,Office Worker,Padang,2026-01-08
6141,Salsa Saputra,24,College Student,Surabaya,2025-10-13
6142,Budi Lestari,18,College Student,Bandung,2025-08-09
6143,Maya Kurniawan,16,High School Student,Jakarta,2025-05-27
6144,Tio Permata,33,Office Worker,Yogyakarta,2025-06-29
6145,Andi Pratama,30,Office Worker,Yogyakarta,2026-05-25
6146,Vina Saputra,16,High School Student,Pekanbaru,2025-10-24
6147,Hadi Permata,24,College Student,Jakarta,2025-12-15
6148,Tio Wijaya,18,College Student,Bandung,2026-05-06
6149,Fajar Ramadhan,28,Office Worker,Makassar,2025-12-19
6150,Fajar Putra,27,Office Worker,Bandung,2025-03-22
6151,Hadi Kurniawan,21,College Student,Jakarta,2026-03-10
6152,Rian Lestari,20,College Student,Pekanbaru,2025-05-03
6153,Eka Wijaya,15,High School Student,Bandung,2025-10-16
6154,Karin Lestari,18,High School Student,Makassar,2026-04-15
6155,Citra Ramadhan,15,High School Student,Pekanbaru,2026-05-25
6156,Joko Saputra,16,High School Student,Makassar,2026-04-25
6157,Intan Nugraha,35,Office Worker,Yogyakarta,2026-03-15
6158,Rian Ramadhan,25,Office Worker,Semarang,2025-06-23
6159,Karin Nugraha,15,High School Student,Yogyakarta,2025-12-12
6160,Gita Sari,22,Office Worker,Palembang,2025-04-15
6161,Dina Nugraha,15,High School Student,Jakarta,2026-03-31
6162,Joko Putra,22,College Student,Surabaya,2025-10-21
6163,Salsa Pratama,16,High School Student,Bandung,2026-01-28
6164,Nanda Ramadhan,22,College Student,Medan,2025-07-15
6165,Karin Permata,19,College Student,Medan,2026-02-26
6166,Citra Sari,18,College Student,Jakarta,2026-04-22
6167,Hadi Permata,22,College Student,Jakarta,2025-08-06
6168,Lina Lestari,32,Office Worker,Jakarta,2025-06-02
6169,Lina Ramadhan,17,High School Student,Yogyakarta,2025-02-06
6170,Karin Saputra,15,High School Student,Semarang,2025-12-14
6171,Intan Ramadhan,16,High School Student,Yogyakarta,2025-06-19
6172,Salsa Nugraha,30,Office Worker,Bandung,2025-11-06
6173,Andi Permata,17,High School Student,Bandung,2025-12-20
6174,Joko Lestari,26,Office Worker,Jakarta,2025-09-07
6175,Tio Pratama,24,College Student,Medan,2026-01-14
6176,Andi Pratama,22,College Student,Surabaya,2025-05-25
6177,Rian Saputra,21,College Student,Yogyakarta,2026-05-04
6178,Karin Nugraha,15,High School Student,Semarang,2025-04-02
6179,Budi Permata,16,High School Student,Jakarta,2025-06-30
6180,Intan Wijaya,20,College Student,Makassar,2025-05-08
6181,Budi Permata,21,College Student,Yogyakarta,2025-10-05
6182,Intan Permata,17,High School Student,Semarang,2026-03-18
6183,Dina Putra,17,High School Student,Bandung,2025-09-16
6184,Maya Permata,23,Office Worker,Makassar,2025-12-14
6185,Budi Permata,15,High School Student,Medan,2026-04-29
6186,Salsa Kurniawan,31,Office Worker,Bandung,2025-10-29
6187,Intan Permata,34,Office Worker,Palembang,2025-07-31
6188,Andi Wijaya,21,College Student,Bandung,2026-05-03
6189,Rian Putra,16,High School Student,Makassar,2026-04-29
6190,Hadi Nugraha,16,High School Student,Yogyakarta,2026-04-08
6191,Lina Kurniawan,35,Office Worker,Medan,2025-12-16
6192,Vina Kurniawan,30,Office Worker,Jakarta,2025-10-30
6193,Rian Wijaya,31,Office Worker,Padang,2026-02-22
6194,Vina Lestari,27,Office Worker,Jakarta,2025-03-09
6195,Rian Ramadhan,29,Office Worker,Bandung,2025-02-26
6196,Maya Permata,15,High School Student,Padang,2026-04-15
6197,Vina Pratama,17,High School Student,Jakarta,2025-06-02
6198,Eka Kurniawan,34,Office Worker,Yogyakarta,2025-07-20
6199,Dina Kurniawan,18,High School Student,Jakarta,2025-02-08
6200,Putri Sari,15,High School Student,Yogyakarta,2026-05-27
6201,Nanda Sari,26,Office Worker,Jakarta,2025-09-05
6202,Putri Saputra,23,College Student,Padang,2025-04-24
6203,Fajar Sari,35,Office Worker,Yogyakarta,2026-01-13
6204,Tio Putra,22,Office Worker,Bandung,2025-05-15
6205,Andi Pratama,15,High School Student,Semarang,2025-05-03
6206,Tio Ramadhan,32,Office Worker,Semarang,2025-08-01
6207,Gita Saputra,19,College Student,Palembang,2026-05-17
6208,Fajar Nugraha,23,College Student,Surabaya,2025-06-24
6209,Fajar Pratama,23,College Student,Yogyakarta,2025-10-02
6210,Joko Sari,16,High School Student,Palembang,2025-08-24
6211,Hadi Sari,18,College Student,Pekanbaru,2026-06-30
6212,Intan Pratama,15,High School Student,Yogyakarta,2025-06-20
6213,Karin Wijaya,20,College Student,Bandung,2026-02-24
6214,Salsa Ramadhan,19,College Student,Bandung,2026-06-21
6215,Karin Nugraha,31,Office Worker,Surabaya,2025-04-07
6216,Vina Permata,26,Office Worker,Jakarta,2025-01-21
6217,Hadi Lestari,17,High School Student,Surabaya,2025-10-17
6218,Citra Pratama,18,College Student,Medan,2025-03-23
6219,Eka Putra,23,College Student,Padang,2025-04-17
6220,Tio Saputra,16,High School Student,Bandung,2025-10-13
6221,Andi Permata,29,Office Worker,Makassar,2025-11-27
6222,Salsa Putra,29,Office Worker,Bandung,2025-05-12
6223,Karin Lestari,17,High School Student,Yogyakarta,2025-12-05
6224,Intan Lestari,22,College Student,Medan,2025-08-09
6225,Rian Saputra,16,High School Student,Semarang,2025-03-18
6226,Fajar Lestari,35,Office Worker,Jakarta,2025-02-19
6227,Gita Saputra,17,High School Student,Pekanbaru,2025-12-09
6228,Maya Lestari,31,Office Worker,Makassar,2025-11-28
6229,Putri Kurniawan,31,Office Worker,Palembang,2025-10-21
6230,Hadi Kurniawan,22,College Student,Yogyakarta,2025-06-01
6231,Oki Ramadhan,21,College Student,Bandung,2025-04-05
6232,Gita Ramadhan,28,Office Worker,Yogyakarta,2026-01-16
6233,Tio Permata,21,College Student,Surabaya,2026-03-16
6234,Intan Wijaya,18,High School Student,Padang,2025-11-17
6235,Budi Sari,24,College Student,Jakarta,2025-03-31
6236,Tio Ramadhan,32,Office Worker,Padang,2026-06-13
6237,Oki Sari,34,Office Worker,Padang,2025-10-10
6238,Fajar Pratama,23,Office Worker,Palembang,2025-12-11
6239,Nanda Pratama,28,Office Worker,Yogyakarta,2025-08-21
6240,Fajar Saputra,27,Office Worker,Surabaya,2025-12-18
6241,Rian Saputra,28,Office Worker,Makassar,2026-03-09
6242,Hadi Nugraha,17,High School Student,Yogyakarta,2025-11-10
6243,Budi Permata,21,College Student,Medan,2026-01-15
6244,Budi Sari,22,Office Worker,Bandung,2025-09-14
6245,Eka Pratama,29,Office Worker,Jakarta,2026-02-01
6246,Budi Ramadhan,29,Office Worker,Bandung,2025-09-14
6247,Nanda Permata,17,High School Student,Makassar,2025-06-08
6248,Gita Saputra,24,Office Worker,Bandung,2025-07-22
6249,Maya Saputra,26,Office Worker,Jakarta,2026-02-17
6250,Lina Ramadhan,16,High School Student,Jakarta,2025-03-23
6251,Andi Nugraha,20,College Student,Bandung,2026-03-22
6252,Andi Ramadhan,17,High School Student,Bandung,2025-01-25
6253,Gita Ramadhan,23,College Student,Jakarta,2025-01-18
6254,Nanda Kurniawan,15,High School Student,Makassar,2026-05-12
6255,Tio Putra,24,College Student,Bandung,2025-04-26
6256,Tio Sari,18,College Student,Jakarta,2025-05-29
6257,Maya Nugraha,23,Office Worker,Makassar,2025-11-22
6258,Lina Pratama,23,Office Worker,Pekanbaru,2025-01-21
6259,Lina Permata,33,Office Worker,Jakarta,2025-05-28
6260,Oki Kurniawan,18,High School Student,Jakarta,2026-03-22
6261,Putri Putra,18,High School Student,Jakarta,2025-10-14
6262,Tio Saputra,30,Office Worker,Pekanbaru,2025-11-21
6263,Karin Kurniawan,16,High School Student,Jakarta,2025-07-19
6264,Andi Kurniawan,33,Office Worker,Pekanbaru,2025-05-28
6265,Lina Saputra,35,Office Worker,Palembang,2026-01-02
6266,Karin Nugraha,20,College Student,Jakarta,2025-08-09
6267,Nanda Saputra,34,Office Worker,Padang,2025-08-16
6268,Oki Nugraha,17,High School Student,Makassar,2025-11-02
6269,Salsa Nugraha,21,College Student,Yogyakarta,2025-06-28
6270,Lina Lestari,30,Office Worker,Semarang,2026-04-21
6271,Nanda Ramadhan,24,College Student,Padang,2026-02-21
6272,Oki Nugraha,31,Office Worker,Surabaya,2025-05-03
6273,Budi Ramadhan,18,High School Student,Medan,2025-10-12
6274,Fajar Saputra,18,College Student,Yogyakarta,2025-01-03
6275,Dina Sari,22,College Student,Pekanbaru,2025-09-19
6276,Putri Pratama,26,Office Worker,Yogyakarta,2026-04-16
6277,Andi Ramadhan,18,College Student,Makassar,2025-11-28
6278,Lina Nugraha,21,College Student,Palembang,2025-09-18
6279,Lina Lestari,25,Office Worker,Palembang,2025-01-03
6280,Hadi Permata,16,High School Student,Medan,2026-03-23
6281,Tio Sari,27,Office Worker,Jakarta,2025-08-04
6282,Nanda Permata,19,College Student,Surabaya,2026-04-24
6283,Andi Putra,24,Office Worker,Padang,2026-03-16
6284,Eka Putra,35,Office Worker,Jakarta,2025-07-19
6285,Hadi Nugraha,18,High School Student,Medan,2025-10-06
6286,Gita Wijaya,24,College Student,Yogyakarta,2025-05-15
6287,Dina Sari,24,Office Worker,Makassar,2025-10-21
6288,Vina Ramadhan,19,College Student,Yogyakarta,2025-07-24
6289,Lina Saputra,27,Office Worker,Jakarta,2025-03-26
6290,Lina Saputra,23,College Student,Jakarta,2025-10-20
6291,Citra Lestari,17,High School Student,Surabaya,2026-01-25
6292,Gita Wijaya,18,College Student,Bandung,2025-05-18
6293,Tio Permata,33,Office Worker,Palembang,2026-02-15
6294,Joko Ramadhan,23,College Student,Jakarta,2026-05-24
6295,Andi Ramadhan,35,Office Worker,Medan,2025-08-06
6296,Hadi Putra,24,Office Worker,Bandung,2025-02-26
6297,Fajar Wijaya,23,College Student,Pekanbaru,2025-04-02
6298,Nanda Saputra,18,High School Student,Yogyakarta,2026-01-05
6299,Gita Putra,24,Office Worker,Makassar,2026-02-16
6300,Joko Ramadhan,18,College Student,Makassar,2025-07-12
6301,Vina Pratama,28,Office Worker,Surabaya,2025-04-27
6302,Intan Lestari,23,College Student,Yogyakarta,2025-10-02
6303,Vina Saputra,22,College Student,Pekanbaru,2025-12-19
6304,Vina Nugraha,23,Office Worker,Semarang,2026-03-22
6305,Salsa Sari,24,College Student,Yogyakarta,2025-02-05
6306,Citra Putra,18,College Student,Jakarta,2025-07-16
6307,Vina Nugraha,22,College Student,Makassar,2025-10-17
6308,Citra Nugraha,24,College Student,Pekanbaru,2026-05-01
6309,Intan Saputra,18,College Student,Surabaya,2026-02-15
6310,Gita Lestari,25,Office Worker,Surabaya,2026-02-27
6311,Hadi Wijaya,18,College Student,Semarang,2025-08-27
6312,Karin Permata,18,College Student,Palembang,2025-10-25
6313,Salsa Lestari,33,Office Worker,Semarang,2025-02-11
6314,Citra Kurniawan,23,College Student,Bandung,2025-03-29
6315,Fajar Wijaya,19,College Student,Jakarta,2025-06-25
6316,Citra Ramadhan,29,Office Worker,Semarang,2025-10-05
6317,Hadi Nugraha,26,Office Worker,Bandung,2025-12-09
6318,Karin Wijaya,24,College Student,Bandung,2025-10-24
6319,Fajar Putra,24,Office Worker,Bandung,2025-10-07
6320,Joko Wijaya,16,High School Student,Jakarta,2026-02-28
6321,Lina Nugraha,29,Office Worker,Medan,2026-02-20
6322,Joko Wijaya,24,College Student,Bandung,2025-02-02
6323,Maya Saputra,18,College Student,Makassar,2025-01-28
6324,Maya Putra,20,College Student,Semarang,2025-07-28
6325,Nanda Sari,18,High School Student,Semarang,2025-09-05
6326,Lina Kurniawan,18,High School Student,Medan,2026-01-13
6327,Dina Wijaya,23,Office Worker,Palembang,2025-12-24
6328,Joko Nugraha,23,College Student,Padang,2025-01-18
6329,Putri Pratama,22,College Student,Jakarta,2025-08-01
6330,Eka Wijaya,16,High School Student,Jakarta,2026-05-29
6331,Rian Wijaya,16,High School Student,Semarang,2025-04-04
6332,Eka Nugraha,35,Office Worker,Jakarta,2025-01-17
6333,Oki Lestari,20,College Student,Jakarta,2025-08-27
6334,Lina Putra,21,College Student,Medan,2026-06-12
6335,Karin Pratama,16,High School Student,Semarang,2025-06-26
6336,Citra Permata,28,Office Worker,Yogyakarta,2025-05-11
6337,Tio Putra,18,High School Student,Yogyakarta,2025-10-25
6338,Vina Wijaya,16,High School Student,Jakarta,2025-03-04
6339,Salsa Wijaya,19,College Student,Makassar,2025-05-10
6340,Gita Ramadhan,21,College Student,Yogyakarta,2025-12-29
6341,Andi Wijaya,17,High School Student,Jakarta,2025-09-27
6342,Salsa Saputra,32,Office Worker,Yogyakarta,2025-09-25
6343,Lina Pratama,34,Office Worker,Padang,2026-05-15
6344,Citra Kurniawan,25,Office Worker,Jakarta,2026-06-24
6345,Lina Ramadhan,22,College Student,Jakarta,2026-05-02
6346,Joko Ramadhan,17,High School Student,Medan,2025-08-05
6347,Fajar Saputra,23,College Student,Padang,2025-12-23
6348,Karin Lestari,30,Office Worker,Makassar,2025-10-13
6349,Hadi Ramadhan,24,College Student,Bandung,2026-04-24
6350,Maya Wijaya,32,Office Worker,Medan,2026-06-30
6351,Joko Kurniawan,16,High School Student,Bandung,2026-02-16
6352,Salsa Sari,20,College Student,Pekanbaru,2025-11-27
6353,Citra Ramadhan,15,High School Student,Makassar,2026-03-25
6354,Maya Ramadhan,19,College Student,Pekanbaru,2025-01-27
6355,Hadi Wijaya,33,Office Worker,Padang,2025-04-22
6356,Putri Saputra,25,Office Worker,Semarang,2026-05-07
6357,Rian Saputra,24,College Student,Jakarta,2025-05-17
6358,Joko Pratama,20,College Student,Makassar,2026-06-22
6359,Putri Nugraha,31,Office Worker,Pekanbaru,2025-09-19
6360,Budi Permata,27,Office Worker,Semarang,2026-06-06
6361,Dina Sari,18,High School Student,Yogyakarta,2025-10-26
6362,Rian Kurniawan,19,College Student,Palembang,2025-04-20
6363,Tio Ramadhan,15,High School Student,Palembang,2026-03-09
6364,Joko Nugraha,18,College Student,Semarang,2026-04-24
6365,Dina Kurniawan,24,College Student,Jakarta,2025-09-24
6366,Andi Sari,21,College Student,Surabaya,2025-08-01
6367,Putri Pratama,20,College Student,Makassar,2025-11-05
6368,Eka Ramadhan,16,High School Student,Bandung,2025-02-23
6369,Joko Sari,21,College Student,Pekanbaru,2026-01-30
6370,Maya Sari,24,Office Worker,Jakarta,2026-05-27
6371,Oki Pratama,33,Office Worker,Surabaya,2025-11-21
6372,Citra Nugraha,20,College Student,Semarang,2025-04-06
6373,Joko Nugraha,33,Office Worker,Palembang,2025-06-23
6374,Gita Sari,35,Office Worker,Medan,2025-12-10
6375,Nanda Sari,15,High School Student,Makassar,2025-07-24
6376,Oki Nugraha,15,High School Student,Yogyakarta,2025-02-24
6377,Eka Permata,25,Office Worker,Bandung,2025-08-14
6378,Vina Nugraha,30,Office Worker,Medan,2025-11-03
6379,Intan Ramadhan,33,Office Worker,Yogyakarta,2025-10-08
6380,Hadi Kurniawan,31,Office Worker,Jakarta,2025-10-29
6381,Lina Permata,26,Office Worker,Pekanbaru,2025-07-24
6382,Gita Nugraha,24,College Student,Bandung,2025-08-08
6383,Dina Sari,16,High School Student,Jakarta,2026-03-04
6384,Citra Pratama,15,High School Student,Makassar,2025-05-21
6385,Gita Kurniawan,18,College Student,Yogyakarta,2026-03-31
6386,Budi Sari,23,Office Worker,Jakarta,2025-05-25
6387,Joko Saputra,20,College Student,Yogyakarta,2026-06-10
6388,Maya Wijaya,26,Office Worker,Jakarta,2025-06-07
6389,Maya Lestari,23,College Student,Medan,2025-04-15
6390,Lina Lestari,24,College Student,Semarang,2025-10-16
6391,Citra Permata,16,High School Student,Padang,2025-07-04
6392,Fajar Wijaya,19,College Student,Yogyakarta,2025-08-05
6393,Budi Sari,30,Office Worker,Palembang,2025-01-31
6394,Nanda Saputra,27,Office Worker,Medan,2025-10-06
6395,Tio Ramadhan,23,Office Worker,Makassar,2026-04-20
6396,Joko Permata,19,College Student,Jakarta,2025-08-13
6397,Rian Pratama,20,College Student,Padang,2025-06-26
6398,Tio Putra,18,College Student,Palembang,2025-03-25
6399,Dina Pratama,18,College Student,Yogyakarta,2025-04-02
6400,Joko Ramadhan,35,Office Worker,Pekanbaru,2025-01-08
6401,Rian Lestari,31,Office Worker,Makassar,2025-02-23
6402,Joko Ramadhan,32,Office Worker,Medan,2025-06-12
6403,Rian Lestari,18,High School Student,Surabaya,2026-04-24
6404,Tio Saputra,26,Office Worker,Makassar,2025-04-18
6405,Dina Saputra,18,High School Student,Palembang,2025-09-28
6406,Dina Ramadhan,28,Office Worker,Medan,2025-08-25
6407,Nanda Sari,18,College Student,Yogyakarta,2025-09-18
6408,Lina Saputra,20,College Student,Semarang,2026-06-13
6409,Salsa Putra,23,College Student,Palembang,2026-01-22
6410,Maya Kurniawan,24,Office Worker,Semarang,2026-02-07
6411,Eka Sari,16,High School Student,Semarang,2025-12-24
6412,Lina Kurniawan,22,College Student,Padang,2025-08-07
6413,Nanda Pratama,22,Office Worker,Medan,2026-04-10
6414,Joko Lestari,21,College Student,Makassar,2026-02-25
6415,Intan Lestari,16,High School Student,Padang,2025-05-29
6416,Gita Lestari,18,College Student,Bandung,2025-12-23
6417,Tio Nugraha,24,College Student,Padang,2025-02-20
6418,Salsa Lestari,27,Office Worker,Jakarta,2025-02-23
6419,Citra Lestari,30,Office Worker,Semarang,2025-05-19
6420,Gita Pratama,20,College Student,Jakarta,2025-04-23
6421,Citra Nugraha,28,Office Worker,Jakarta,2026-03-03
6422,Nanda Permata,22,College Student,Makassar,2026-05-13
6423,Tio Ramadhan,18,High School Student,Yogyakarta,2025-10-19
6424,Fajar Permata,21,College Student,Medan,2025-12-12
6425,Intan Ramadhan,22,College Student,Bandung,2026-05-26
6426,Oki Kurniawan,17,High School Student,Yogyakarta,2026-03-17
6427,Karin Lestari,33,Office Worker,Makassar,2026-04-26
6428,Joko Saputra,33,Office Worker,Padang,2025-08-16
6429,Nanda Permata,19,College Student,Pekanbaru,2025-03-31
6430,Budi Nugraha,21,College Student,Bandung,2026-06-20
6431,Nanda Wijaya,30,Office Worker,Pekanbaru,2026-01-31
6432,Fajar Putra,26,Office Worker,Medan,2025-03-16
6433,Vina Permata,35,Office Worker,Yogyakarta,2025-12-02
6434,Fajar Sari,23,College Student,Surabaya,2025-06-13
6435,Gita Kurniawan,26,Office Worker,Palembang,2026-06-03
6436,Dina Lestari,19,College Student,Bandung,2025-06-05
6437,Oki Pratama,21,College Student,Jakarta,2026-05-18
6438,Intan Sari,17,High School Student,Jakarta,2025-11-30
6439,Vina Lestari,17,High School Student,Medan,2026-05-06
6440,Hadi Sari,24,College Student,Jakarta,2025-11-24
6441,Salsa Pratama,18,College Student,Makassar,2025-01-01
6442,Intan Sari,16,High School Student,Yogyakarta,2025-12-26
6443,Nanda Lestari,28,Office Worker,Semarang,2025-12-03
6444,Andi Permata,18,High School Student,Yogyakarta,2025-07-06
6445,Oki Nugraha,21,College Student,Bandung,2025-09-26
6446,Eka Nugraha,23,College Student,Yogyakarta,2026-03-07
6447,Karin Wijaya,32,Office Worker,Makassar,2026-06-23
6448,Eka Permata,21,College Student,Bandung,2025-05-03
6449,Oki Nugraha,16,High School Student,Makassar,2025-08-07
6450,Gita Nugraha,20,College Student,Surabaya,2026-02-20
6451,Oki Putra,28,Office Worker,Jakarta,2025-07-05
6452,Citra Nugraha,32,Office Worker,Surabaya,2025-07-24
6453,Lina Permata,20,College Student,Makassar,2025-12-02
6454,Nanda Nugraha,20,College Student,Palembang,2026-01-25
6455,Dina Nugraha,28,Office Worker,Semarang,2025-10-31
6456,Putri Sari,18,High School Student,Bandung,2026-05-27
6457,Citra Ramadhan,32,Office Worker,Jakarta,2025-08-14
6458,Dina Permata,21,College Student,Makassar,2026-05-28
6459,Fajar Wijaya,17,High School Student,Medan,2025-01-29
6460,Andi Wijaya,20,College Student,Jakarta,2026-05-27
6461,Hadi Ramadhan,19,College Student,Bandung,2025-12-20
6462,Gita Saputra,33,Office Worker,Jakarta,2026-04-17
6463,Intan Wijaya,27,Office Worker,Palembang,2025-11-11
6464,Salsa Nugraha,21,College Student,Semarang,2025-10-06
6465,Andi Nugraha,29,Office Worker,Padang,2025-10-15
6466,Vina Ramadhan,15,High School Student,Jakarta,2026-01-02
6467,Intan Nugraha,24,College Student,Jakarta,2025-11-27
6468,Maya Putra,16,High School Student,Surabaya,2026-02-01
6469,Lina Saputra,23,Office Worker,Yogyakarta,2026-01-20
6470,Tio Wijaya,25,Office Worker,Medan,2026-05-26
6471,Tio Ramadhan,23,Office Worker,Bandung,2025-01-30
6472,Putri Sari,35,Office Worker,Jakarta,2025-07-16
6473,Gita Sari,23,Office Worker,Padang,2025-09-20
6474,Tio Pratama,23,Office Worker,Semarang,2026-02-12
6475,Tio Wijaya,22,Office Worker,Jakarta,2025-04-05
6476,Oki Wijaya,25,Office Worker,Padang,2025-02-12
6477,Oki Kurniawan,19,College Student,Medan,2025-02-05
6478,Putri Permata,15,High School Student,Semarang,2026-04-03
6479,Eka Wijaya,18,College Student,Yogyakarta,2025-05-09
6480,Joko Pratama,18,High School Student,Surabaya,2026-06-03
6481,Oki Permata,20,College Student,Makassar,2025-02-13
6482,Oki Pratama,20,College Student,Semarang,2025-03-02
6483,Karin Sari,28,Office Worker,Jakarta,2026-06-22
6484,Oki Permata,16,High School Student,Yogyakarta,2025-12-29
6485,Gita Ramadhan,18,High School Student,Padang,2025-05-01
6486,Maya Permata,20,College Student,Makassar,2026-05-12
6487,Vina Saputra,35,Office Worker,Surabaya,2025-06-07
6488,Joko Saputra,21,College Student,Pekanbaru,2025-09-14
6489,Vina Nugraha,23,College Student,Makassar,2025-09-28
6490,Vina Wijaya,28,Office Worker,Bandung,2025-11-07
6491,Budi Permata,22,Office Worker,Medan,2025-11-09
6492,Putri Nugraha,18,College Student,Semarang,2025-04-27
6493,Putri Pratama,21,College Student,Semarang,2025-12-11
6494,Oki Pratama,16,High School Student,Yogyakarta,2025-06-27
6495,Eka Permata,27,Office Worker,Padang,2025-04-27
6496,Andi Sari,17,High School Student,Surabaya,2025-06-14
6497,Oki Permata,20,College Student,Padang,2025-06-23
6498,Tio Sari,18,High School Student,Surabaya,2025-06-04
6499,Salsa Lestari,15,High School Student,Jakarta,2026-05-25
6500,Rian Permata,32,Office Worker,Pekanbaru,2025-11-06
6501,Maya Putra,16,High School Student,Jakarta,2025-08-22
6502,Intan Pratama,17,High School Student,Jakarta,2025-12-17
6503,Rian Nugraha,22,College Student,Jakarta,2025-06-11
6504,Hadi Wijaya,16,High School Student,Palembang,2025-10-19
6505,Fajar Wijaya,15,High School Student,Medan,2025-05-07
6506,Hadi Permata,29,Office Worker,Padang,2025-04-04
6507,Budi Kurniawan,29,Office Worker,Surabaya,2026-03-22
6508,Joko Putra,30,Office Worker,Bandung,2025-03-30
6509,Oki Ramadhan,27,Office Worker,Surabaya,2026-01-23
6510,Tio Saputra,22,Office Worker,Jakarta,2025-09-06
6511,Maya Permata,17,High School Student,Palembang,2025-06-30
6512,Vina Pratama,22,Office Worker,Jakarta,2025-03-02
6513,Putri Lestari,34,Office Worker,Padang,2025-05-27
6514,Hadi Sari,26,Office Worker,Medan,2025-10-08
6515,Fajar Wijaya,20,College Student,Surabaya,2025-04-22
6516,Vina Saputra,16,High School Student,Jakarta,2025-10-24
6517,Budi Lestari,23,Office Worker,Semarang,2025-04-27
6518,Andi Ramadhan,24,Office Worker,Pekanbaru,2025-01-27
6519,Vina Putra,30,Office Worker,Yogyakarta,2026-03-08
6520,Andi Kurniawan,17,High School Student,Bandung,2025-11-07
6521,Putri Saputra,18,High School Student,Yogyakarta,2026-01-25
6522,Eka Nugraha,18,High School Student,Bandung,2026-04-07
6523,Eka Sari,34,Office Worker,Jakarta,2025-01-06
6524,Joko Sari,17,High School Student,Jakarta,2026-06-14
6525,Lina Lestari,17,High School Student,Bandung,2025-06-08
6526,Budi Putra,23,Office Worker,Semarang,2025-11-04
6527,Andi Saputra,15,High School Student,Bandung,2025-07-14
6528,Gita Permata,33,Office Worker,Palembang,2026-04-24
6529,Joko Lestari,21,College Student,Bandung,2025-08-18
6530,Karin Kurniawan,34,Office Worker,Surabaya,2026-05-21
6531,Citra Wijaya,21,College Student,Makassar,2025-12-03
6532,Joko Putra,22,Office Worker,Padang,2025-05-13
6533,Rian Ramadhan,25,Office Worker,Palembang,2025-06-08
6534,Gita Putra,18,High School Student,Jakarta,2025-09-29
6535,Lina Saputra,15,High School Student,Jakarta,2026-06-17
6536,Nanda Pratama,22,College Student,Medan,2025-10-22
6537,Dina Pratama,33,Office Worker,Yogyakarta,2025-11-26
6538,Salsa Wijaya,25,Office Worker,Bandung,2025-10-08
6539,Dina Ramadhan,23,College Student,Palembang,2026-03-13
6540,Hadi Kurniawan,28,Office Worker,Yogyakarta,2025-03-05
6541,Oki Permata,15,High School Student,Makassar,2025-12-25
6542,Andi Nugraha,22,Office Worker,Makassar,2025-08-17
6543,Putri Nugraha,32,Office Worker,Yogyakarta,2025-09-04
6544,Fajar Nugraha,19,College Student,Jakarta,2025-04-02
6545,Joko Lestari,21,College Student,Yogyakarta,2025-01-01
6546,Eka Putra,16,High School Student,Makassar,2025-11-11
6547,Andi Nugraha,19,College Student,Pekanbaru,2025-10-18
6548,Andi Sari,24,College Student,Jakarta,2025-09-03
6549,Oki Sari,17,High School Student,Medan,2025-08-28
6550,Nanda Sari,23,College Student,Bandung,2026-04-26
6551,Intan Putra,19,College Student,Medan,2025-09-29
6552,Hadi Wijaya,21,College Student,Semarang,2026-06-01
6553,Vina Permata,24,College Student,Palembang,2025-11-10
6554,Rian Ramadhan,18,High School Student,Yogyakarta,2025-05-19
6555,Budi Kurniawan,27,Office Worker,Medan,2026-05-13
6556,Nanda Pratama,30,Office Worker,Padang,2025-11-23
6557,Rian Lestari,20,College Student,Makassar,2025-05-01
6558,Fajar Pratama,16,High School Student,Palembang,2026-01-27
6559,Tio Lestari,26,Office Worker,Semarang,2026-04-10
6560,Salsa Kurniawan,29,Office Worker,Palembang,2025-06-26
6561,Fajar Saputra,18,High School Student,Palembang,2025-12-30
6562,Hadi Ramadhan,21,College Student,Makassar,2026-05-13
6563,Putri Putra,15,High School Student,Surabaya,2025-06-10
6564,Hadi Pratama,24,College Student,Medan,2025-12-01
6565,Gita Saputra,18,High School Student,Surabaya,2025-02-19
6566,Oki Putra,19,College Student,Yogyakarta,2025-03-30
6567,Salsa Permata,32,Office Worker,Yogyakarta,2025-08-13
6568,Salsa Sari,19,College Student,Surabaya,2026-01-21
6569,Eka Kurniawan,22,College Student,Jakarta,2025-06-16
6570,Eka Putra,22,College Student,Padang,2025-12-03
6571,Salsa Wijaya,20,College Student,Makassar,2026-03-11
6572,Fajar Sari,15,High School Student,Bandung,2026-06-06
6573,Nanda Lestari,15,High School Student,Medan,2025-09-05
6574,Tio Sari,27,Office Worker,Bandung,2025-02-13
6575,Joko Ramadhan,18,High School Student,Makassar,2026-05-02
6576,Vina Ramadhan,32,Office Worker,Pekanbaru,2026-04-22
6577,Putri Kurniawan,25,Office Worker,Pekanbaru,2025-04-19
6578,Tio Saputra,19,College Student,Jakarta,2025-03-11
6579,Eka Sari,21,College Student,Palembang,2026-06-27
6580,Tio Nugraha,21,College Student,Surabaya,2025-04-19
6581,Vina Sari,35,Office Worker,Padang,2025-09-21
6582,Salsa Sari,23,Office Worker,Padang,2025-10-17
6583,Salsa Wijaya,33,Office Worker,Pekanbaru,2025-05-25
6584,Eka Sari,18,High School Student,Yogyakarta,2026-06-13
6585,Maya Ramadhan,24,Office Worker,Bandung,2025-04-04
6586,Lina Sari,19,College Student,Bandung,2025-12-04
6587,Maya Pratama,18,College Student,Yogyakarta,2025-03-02
6588,Oki Nugraha,16,High School Student,Semarang,2026-06-21
6589,Lina Pratama,18,High School Student,Bandung,2025-03-19
6590,Vina Nugraha,33,Office Worker,Jakarta,2026-06-23
6591,Rian Putra,22,College Student,Palembang,2026-03-07
6592,Oki Permata,19,College Student,Jakarta,2025-04-09
6593,Tio Pratama,18,College Student,Makassar,2026-06-24
6594,Dina Wijaya,34,Office Worker,Palembang,2025-11-11
6595,Hadi Kurniawan,30,Office Worker,Yogyakarta,2025-08-11
6596,Lina Nugraha,21,College Student,Yogyakarta,2025-07-08
6597,Intan Pratama,18,High School Student,Pekanbaru,2025-11-01
6598,Karin Sari,22,College Student,Medan,2025-12-22
6599,Vina Kurniawan,33,Office Worker,Padang,2026-04-25
6600,Nanda Wijaya,22,College Student,Yogyakarta,2025-02-09
6601,Karin Pratama,19,College Student,Palembang,2026-04-21
6602,Salsa Wijaya,24,College Student,Bandung,2025-04-24
6603,Salsa Ramadhan,20,College Student,Palembang,2025-11-22
6604,Oki Sari,32,Office Worker,Medan,2026-06-16
6605,Eka Nugraha,24,College Student,Jakarta,2025-08-18
6606,Gita Ramadhan,15,High School Student,Surabaya,2026-01-23
6607,Lina Putra,16,High School Student,Bandung,2025-11-01
6608,Salsa Saputra,22,College Student,Yogyakarta,2025-03-17
6609,Rian Sari,25,Office Worker,Jakarta,2025-09-22
6610,Karin Permata,23,College Student,Surabaya,2025-11-11
6611,Fajar Sari,31,Office Worker,Semarang,2026-05-30
6612,Gita Putra,31,Office Worker,Makassar,2026-06-07
6613,Dina Wijaya,16,High School Student,Surabaya,2025-09-18
6614,Citra Lestari,17,High School Student,Palembang,2026-01-04
6615,Oki Wijaya,18,High School Student,Surabaya,2025-03-23
6616,Hadi Saputra,23,Office Worker,Bandung,2025-08-18
6617,Eka Nugraha,16,High School Student,Surabaya,2025-10-25
6618,Gita Nugraha,24,College Student,Palembang,2025-10-08
6619,Tio Kurniawan,18,College Student,Semarang,2026-04-13
6620,Rian Wijaya,34,Office Worker,Surabaya,2026-06-14
6621,Dina Ramadhan,15,High School Student,Jakarta,2026-02-12
6622,Gita Putra,22,College Student,Jakarta,2025-08-11
6623,Fajar Ramadhan,23,College Student,Yogyakarta,2025-01-15
6624,Tio Lestari,24,College Student,Palembang,2026-06-30
6625,Vina Ramadhan,28,Office Worker,Semarang,2025-06-29
6626,Gita Wijaya,15,High School Student,Padang,2025-01-02
6627,Vina Ramadhan,24,Office Worker,Medan,2025-05-31
6628,Rian Sari,35,Office Worker,Bandung,2025-04-20
6629,Oki Pratama,18,College Student,Jakarta,2025-11-03
6630,Karin Lestari,23,Office Worker,Jakarta,2026-02-01
6631,Karin Kurniawan,21,College Student,Makassar,2025-01-14
6632,Intan Kurniawan,16,High School Student,Yogyakarta,2025-09-30
6633,Dina Saputra,35,Office Worker,Palembang,2026-01-13
6634,Dina Nugraha,19,College Student,Bandung,2025-07-26
6635,Rian Lestari,31,Office Worker,Surabaya,2025-09-04
6636,Fajar Sari,21,College Student,Surabaya,2026-01-22
6637,Tio Lestari,34,Office Worker,Medan,2025-03-16
6638,Budi Lestari,23,College Student,Medan,2025-02-12
6639,Gita Pratama,15,High School Student,Makassar,2025-05-13
6640,Salsa Wijaya,20,College Student,Semarang,2026-03-07
6641,Vina Nugraha,31,Office Worker,Jakarta,2026-03-12
6642,Vina Lestari,23,Office Worker,Surabaya,2025-02-25
6643,Tio Pratama,20,College Student,Jakarta,2025-07-27
6644,Gita Lestari,22,Office Worker,Bandung,2025-04-14
6645,Salsa Saputra,19,College Student,Makassar,2026-04-09
6646,Tio Putra,20,College Student,Semarang,2026-04-15
6647,Joko Lestari,28,Office Worker,Jakarta,2025-09-07
6648,Joko Putra,23,Office Worker,Surabaya,2026-02-07
6649,Nanda Saputra,34,Office Worker,Medan,2025-01-26
6650,Rian Ramadhan,26,Office Worker,Palembang,2025-01-10
6651,Hadi Pratama,16,High School Student,Padang,2026-05-12
6652,Citra Pratama,28,Office Worker,Jakarta,2026-02-14
6653,Gita Putra,19,College Student,Padang,2025-05-16
6654,Citra Lestari,18,High School Student,Jakarta,2025-08-09
6655,Salsa Ramadhan,18,High School Student,Padang,2026-06-28
6656,Eka Permata,22,College Student,Bandung,2025-10-04
6657,Oki Ramadhan,24,College Student,Jakarta,2025-04-06
6658,Citra Saputra,19,College Student,Bandung,2026-03-15
6659,Vina Ramadhan,17,High School Student,Jakarta,2026-05-23
6660,Citra Putra,18,College Student,Bandung,2025-07-06
6661,Tio Saputra,18,College Student,Yogyakarta,2025-02-06
6662,Oki Sari,21,College Student,Surabaya,2025-07-29
6663,Nanda Wijaya,18,College Student,Medan,2026-02-19
6664,Oki Wijaya,35,Office Worker,Padang,2025-05-11
6665,Hadi Saputra,35,Office Worker,Jakarta,2025-04-08
6666,Rian Wijaya,35,Office Worker,Medan,2026-03-19
6667,Karin Saputra,19,College Student,Yogyakarta,2026-06-29
6668,Maya Sari,23,Office Worker,Jakarta,2025-02-05
6669,Hadi Saputra,17,High School Student,Makassar,2026-05-30
6670,Hadi Sari,17,High School Student,Yogyakarta,2025-08-08
6671,Eka Saputra,23,College Student,Yogyakarta,2025-12-28
6672,Joko Sari,35,Office Worker,Jakarta,2025-01-28
6673,Joko Permata,15,High School Student,Padang,2026-06-22
6674,Dina Putra,15,High School Student,Palembang,2026-06-06
6675,Fajar Kurniawan,17,High School Student,Jakarta,2025-04-19
6676,Oki Saputra,26,Office Worker,Pekanbaru,2025-06-30
6677,Hadi Permata,25,Office Worker,Yogyakarta,2025-07-29
6678,Gita Sari,20,College Student,Makassar,2025-12-08
6679,Vina Pratama,22,College Student,Bandung,2025-02-18
6680,Tio Saputra,21,College Student,Bandung,2026-04-18
6681,Lina Wijaya,22,Office Worker,Bandung,2025-11-25
6682,Eka Pratama,17,High School Student,Jakarta,2025-08-24
6683,Eka Saputra,32,Office Worker,Medan,2026-03-17
6684,Dina Ramadhan,23,College Student,Yogyakarta,2025-05-01
6685,Intan Lestari,28,Office Worker,Semarang,2025-09-05
6686,Joko Saputra,18,High School Student,Makassar,2026-06-03
6687,Intan Permata,24,College Student,Surabaya,2025-01-20
6688,Rian Kurniawan,19,College Student,Pekanbaru,2026-05-18
6689,Hadi Nugraha,24,College Student,Yogyakarta,2025-12-30
6690,Eka Lestari,17,High School Student,Makassar,2026-05-04
6691,Fajar Pratama,28,Office Worker,Yogyakarta,2025-07-19
6692,Intan Nugraha,16,High School Student,Medan,2026-02-07
6693,Gita Putra,30,Office Worker,Makassar,2025-09-02
6694,Eka Wijaya,29,Office Worker,Medan,2026-04-28
6695,Fajar Sari,23,College Student,Makassar,2025-01-17
6696,Nanda Permata,32,Office Worker,Yogyakarta,2025-02-08
6697,Nanda Permata,35,Office Worker,Bandung,2025-10-22
6698,Joko Saputra,24,College Student,Makassar,2025-02-08
6699,Dina Permata,25,Office Worker,Bandung,2025-07-06
6700,Joko Pratama,23,College Student,Makassar,2025-11-05
6701,Nanda Saputra,22,College Student,Palembang,2025-12-28
6702,Lina Wijaya,30,Office Worker,Palembang,2026-04-07
6703,Lina Kurniawan,18,College Student,Jakarta,2025-08-19
6704,Eka Permata,20,College Student,Jakarta,2025-09-07
6705,Maya Saputra,23,College Student,Makassar,2025-01-02
6706,Lina Sari,29,Office Worker,Surabaya,2026-04-20
6707,Fajar Sari,32,Office Worker,Yogyakarta,2025-07-01
6708,Intan Lestari,20,College Student,Semarang,2025-01-02
6709,Eka Nugraha,25,Office Worker,Palembang,2025-06-19
6710,Dina Wijaya,23,Office Worker,Semarang,2025-09-27
6711,Gita Nugraha,17,High School Student,Jakarta,2025-11-03
6712,Salsa Kurniawan,16,High School Student,Medan,2025-02-18
6713,Intan Nugraha,31,Office Worker,Palembang,2026-02-26
6714,Lina Kurniawan,22,Office Worker,Yogyakarta,2025-10-12
6715,Andi Saputra,26,Office Worker,Semarang,2026-01-15
6716,Rian Lestari,22,College Student,Bandung,2026-05-19
6717,Intan Permata,16,High School Student,Makassar,2025-07-18
6718,Hadi Nugraha,21,College Student,Palembang,2025-04-19
6719,Rian Kurniawan,18,High School Student,Padang,2025-03-06
6720,Karin Permata,22,College Student,Yogyakarta,2025-12-19
6721,Gita Permata,35,Office Worker,Palembang,2025-04-08
6722,Citra Lestari,18,High School Student,Semarang,2025-05-09
6723,Citra Pratama,26,Office Worker,Palembang,2025-09-25
6724,Nanda Nugraha,23,College Student,Jakarta,2026-02-13
6725,Hadi Ramadhan,23,College Student,Pekanbaru,2025-03-28
6726,Budi Putra,16,High School Student,Bandung,2026-01-29
6727,Dina Nugraha,23,College Student,Pekanbaru,2026-03-26
6728,Karin Putra,15,High School Student,Jakarta,2026-04-16
6729,Eka Ramadhan,29,Office Worker,Bandung,2025-04-20
6730,Oki Sari,30,Office Worker,Yogyakarta,2025-10-21
6731,Putri Sari,22,College Student,Medan,2025-08-03
6732,Fajar Lestari,16,High School Student,Palembang,2025-11-08
6733,Dina Lestari,24,Office Worker,Padang,2025-07-23
6734,Lina Saputra,23,College Student,Surabaya,2026-03-04
6735,Karin Kurniawan,17,High School Student,Padang,2026-06-20
6736,Putri Nugraha,18,College Student,Yogyakarta,2025-04-03
6737,Lina Wijaya,35,Office Worker,Bandung,2025-01-28
6738,Putri Wijaya,16,High School Student,Medan,2025-11-14
6739,Rian Nugraha,15,High School Student,Bandung,2026-02-03
6740,Tio Saputra,27,Office Worker,Surabaya,2025-09-23
6741,Intan Lestari,18,High School Student,Makassar,2025-10-12
6742,Fajar Wijaya,17,High School Student,Yogyakarta,2025-03-04
6743,Lina Kurniawan,24,College Student,Surabaya,2026-06-03
6744,Intan Pratama,35,Office Worker,Jakarta,2025-01-20
6745,Salsa Putra,19,College Student,Medan,2025-12-14
6746,Karin Pratama,32,Office Worker,Yogyakarta,2025-02-19
6747,Nanda Wijaya,23,Office Worker,Jakarta,2025-07-08
6748,Eka Saputra,17,High School Student,Semarang,2025-03-08
6749,Oki Wijaya,34,Office Worker,Palembang,2025-12-31
6750,Putri Lestari,24,College Student,Jakarta,2025-07-21
6751,Gita Pratama,22,College Student,Palembang,2025-04-09
6752,Tio Kurniawan,22,College Student,Bandung,2025-06-09
6753,Gita Saputra,18,College Student,Jakarta,2025-01-28
6754,Fajar Kurniawan,17,High School Student,Surabaya,2026-04-11
6755,Oki Permata,18,High School Student,Bandung,2025-07-17
6756,Putri Lestari,24,College Student,Yogyakarta,2025-07-28
6757,Budi Wijaya,31,Office Worker,Semarang,2026-03-13
6758,Vina Sari,23,College Student,Makassar,2025-09-23
6759,Hadi Putra,25,Office Worker,Padang,2026-05-06
6760,Gita Ramadhan,21,College Student,Jakarta,2026-02-13
6761,Maya Putra,22,College Student,Surabaya,2025-09-14
6762,Intan Nugraha,18,High School Student,Yogyakarta,2025-12-02
6763,Nanda Pratama,18,High School Student,Surabaya,2025-08-21
6764,Tio Pratama,20,College Student,Medan,2025-03-14
6765,Nanda Putra,23,Office Worker,Medan,2025-01-13
6766,Citra Pratama,23,Office Worker,Bandung,2026-05-20
6767,Tio Nugraha,23,Office Worker,Jakarta,2025-01-01
6768,Hadi Kurniawan,17,High School Student,Jakarta,2025-06-08
6769,Maya Kurniawan,27,Office Worker,Surabaya,2026-05-24
6770,Vina Putra,18,College Student,Bandung,2026-04-28
6771,Karin Nugraha,17,High School Student,Pekanbaru,2025-08-04
6772,Tio Nugraha,23,Office Worker,Palembang,2025-07-14
6773,Salsa Ramadhan,31,Office Worker,Pekanbaru,2025-11-08
6774,Andi Ramadhan,17,High School Student,Jakarta,2026-02-07
6775,Intan Sari,19,College Student,Palembang,2025-01-04
6776,Fajar Sari,23,College Student,Surabaya,2026-06-26
6777,Joko Nugraha,33,Office Worker,Yogyakarta,2025-04-16
6778,Andi Kurniawan,18,College Student,Padang,2025-05-02
6779,Eka Permata,24,Office Worker,Jakarta,2025-09-24
6780,Fajar Nugraha,18,High School Student,Jakarta,2025-08-29
6781,Rian Saputra,19,College Student,Semarang,2025-02-22
6782,Dina Putra,24,College Student,Medan,2025-05-04
6783,Budi Putra,24,College Student,Bandung,2025-03-29
6784,Eka Permata,22,College Student,Medan,2025-11-06
6785,Nanda Permata,22,Office Worker,Jakarta,2025-01-13
6786,Hadi Wijaya,28,Office Worker,Surabaya,2025-07-28
6787,Nanda Lestari,26,Office Worker,Surabaya,2026-03-11
6788,Salsa Sari,30,Office Worker,Yogyakarta,2025-02-21
6789,Lina Permata,23,Office Worker,Jakarta,2025-04-17
6790,Vina Lestari,18,College Student,Semarang,2026-06-05
6791,Intan Saputra,30,Office Worker,Padang,2025-04-30
6792,Andi Sari,19,College Student,Jakarta,2025-03-08
6793,Oki Putra,23,College Student,Makassar,2025-03-23
6794,Citra Saputra,24,College Student,Semarang,2025-04-24
6795,Dina Saputra,22,College Student,Bandung,2026-03-30
6796,Lina Saputra,23,College Student,Pekanbaru,2025-08-20
6797,Joko Nugraha,26,Office Worker,Makassar,2025-11-12
6798,Hadi Kurniawan,21,College Student,Makassar,2026-04-20
6799,Salsa Pratama,17,High School Student,Semarang,2026-01-06
6800,Tio Ramadhan,22,College Student,Semarang,2026-06-17
6801,Nanda Nugraha,15,High School Student,Bandung,2025-09-15
6802,Hadi Putra,15,High School Student,Makassar,2026-03-05
6803,Salsa Kurniawan,18,High School Student,Bandung,2026-05-15
6804,Nanda Permata,19,College Student,Jakarta,2025-01-10
6805,Nanda Pratama,19,College Student,Makassar,2026-03-01
6806,Budi Ramadhan,24,Office Worker,Jakarta,2026-05-27
6807,Lina Sari,33,Office Worker,Padang,2025-11-13
6808,Putri Ramadhan,18,College Student,Medan,2025-05-14
6809,Fajar Saputra,20,College Student,Yogyakarta,2025-01-18
6810,Gita Saputra,20,College Student,Surabaya,2025-12-13
6811,Maya Sari,23,Office Worker,Padang,2026-01-03
6812,Hadi Pratama,15,High School Student,Jakarta,2025-06-17
6813,Intan Putra,15,High School Student,Bandung,2025-01-17
6814,Intan Nugraha,29,Office Worker,Yogyakarta,2026-06-06
6815,Maya Permata,21,College Student,Medan,2026-05-22
6816,Rian Kurniawan,17,High School Student,Bandung,2026-04-19
6817,Vina Permata,15,High School Student,Surabaya,2026-06-27
6818,Dina Saputra,23,Office Worker,Bandung,2025-11-02
6819,Maya Permata,24,Office Worker,Pekanbaru,2026-01-14
6820,Salsa Putra,24,Office Worker,Jakarta,2025-12-06
6821,Putri Sari,23,College Student,Bandung,2025-05-31
6822,Joko Saputra,19,College Student,Surabaya,2025-02-14
6823,Nanda Saputra,29,Office Worker,Makassar,2025-07-26
6824,Salsa Pratama,27,Office Worker,Palembang,2026-02-26
6825,Maya Ramadhan,16,High School Student,Padang,2025-05-19
6826,Rian Pratama,23,Office Worker,Jakarta,2026-01-27
6827,Karin Ramadhan,16,High School Student,Pekanbaru,2026-01-19
6828,Vina Wijaya,18,High School Student,Makassar,2026-03-25
6829,Nanda Kurniawan,28,Office Worker,Pekanbaru,2025-07-22
6830,Fajar Pratama,18,College Student,Jakarta,2025-01-10
6831,Citra Pratama,22,Office Worker,Makassar,2025-12-16
6832,Tio Saputra,17,High School Student,Padang,2025-03-17
6833,Eka Wijaya,18,College Student,Surabaya,2025-08-05
6834,Hadi Sari,26,Office Worker,Padang,2025-10-19
6835,Salsa Lestari,32,Office Worker,Bandung,2025-01-04
6836,Joko Wijaya,15,High School Student,Jakarta,2026-01-13
6837,Andi Saputra,22,College Student,Makassar,2025-02-07
6838,Andi Kurniawan,32,Office Worker,Medan,2025-10-22
6839,Oki Saputra,15,High School Student,Semarang,2025-03-30
6840,Salsa Ramadhan,31,Office Worker,Makassar,2025-10-02
6841,Gita Saputra,33,Office Worker,Palembang,2026-05-29
6842,Vina Wijaya,15,High School Student,Semarang,2025-05-30
6843,Eka Kurniawan,18,High School Student,Makassar,2025-11-09
6844,Salsa Nugraha,15,High School Student,Padang,2025-04-10
6845,Vina Lestari,23,Office Worker,Surabaya,2025-09-16
6846,Tio Permata,17,High School Student,Makassar,2025-10-06
6847,Karin Kurniawan,24,College Student,Jakarta,2025-01-04
6848,Putri Saputra,21,College Student,Bandung,2026-02-16
6849,Hadi Sari,22,College Student,Surabaya,2025-11-22
6850,Eka Kurniawan,16,High School Student,Yogyakarta,2026-06-03
6851,Karin Nugraha,18,High School Student,Makassar,2025-01-01
6852,Intan Pratama,25,Office Worker,Medan,2026-02-22
6853,Joko Putra,27,Office Worker,Bandung,2025-06-29
6854,Tio Putra,35,Office Worker,Surabaya,2025-01-10
6855,Eka Saputra,16,High School Student,Palembang,2026-01-10
6856,Intan Permata,19,College Student,Jakarta,2026-03-28
6857,Nanda Sari,23,Office Worker,Pekanbaru,2025-04-20
6858,Lina Putra,20,College Student,Pekanbaru,2025-05-05
6859,Gita Ramadhan,26,Office Worker,Semarang,2026-03-08
6860,Oki Sari,30,Office Worker,Palembang,2025-10-28
6861,Vina Lestari,18,High School Student,Jakarta,2025-04-13
6862,Rian Nugraha,27,Office Worker,Semarang,2025-03-11
6863,Hadi Lestari,33,Office Worker,Jakarta,2025-04-20
6864,Fajar Nugraha,16,High School Student,Surabaya,2025-08-12
6865,Budi Lestari,18,College Student,Medan,2025-08-12
6866,Eka Lestari,19,College Student,Jakarta,2025-08-02
6867,Citra Saputra,24,College Student,Jakarta,2025-12-09
6868,Citra Permata,16,High School Student,Jakarta,2025-12-23
6869,Salsa Permata,22,College Student,Medan,2026-03-15
6870,Vina Ramadhan,26,Office Worker,Bandung,2025-09-13
6871,Eka Sari,20,College Student,Jakarta,2026-04-27
6872,Karin Sari,16,High School Student,Bandung,2026-02-08
6873,Citra Kurniawan,31,Office Worker,Padang,2025-02-11
6874,Gita Sari,21,College Student,Semarang,2026-01-23
6875,Budi Lestari,29,Office Worker,Medan,2025-01-29
6876,Putri Wijaya,20,College Student,Palembang,2025-07-22
6877,Citra Ramadhan,16,High School Student,Pekanbaru,2025-11-23
6878,Vina Permata,18,High School Student,Makassar,2025-02-23
6879,Andi Ramadhan,24,Office Worker,Jakarta,2026-05-05
6880,Hadi Putra,23,College Student,Medan,2026-02-21
6881,Oki Putra,30,Office Worker,Palembang,2025-12-26
6882,Eka Permata,18,High School Student,Padang,2025-07-24
6883,Lina Permata,24,College Student,Medan,2025-10-07
6884,Vina Permata,23,College Student,Makassar,2025-02-24
6885,Oki Ramadhan,31,Office Worker,Makassar,2025-08-11
6886,Eka Kurniawan,33,Office Worker,Palembang,2025-04-18
6887,Joko Ramadhan,18,High School Student,Medan,2026-05-24
6888,Karin Kurniawan,19,College Student,Semarang,2025-01-06
6889,Eka Lestari,17,High School Student,Padang,2026-05-22
6890,Vina Ramadhan,22,College Student,Makassar,2025-06-20
6891,Dina Putra,19,College Student,Semarang,2025-09-25
6892,Joko Ramadhan,35,Office Worker,Jakarta,2025-07-12
6893,Karin Sari,25,Office Worker,Medan,2025-06-29
6894,Salsa Kurniawan,18,College Student,Semarang,2025-03-11
6895,Gita Putra,21,College Student,Yogyakarta,2025-01-30
6896,Oki Wijaya,34,Office Worker,Yogyakarta,2025-04-29
6897,Salsa Saputra,33,Office Worker,Makassar,2026-05-25
6898,Citra Pratama,15,High School Student,Padang,2026-04-05
6899,Andi Sari,24,College Student,Jakarta,2026-04-03
6900,Joko Putra,19,College Student,Palembang,2025-02-08
6901,Rian Pratama,18,High School Student,Jakarta,2025-09-19
6902,Fajar Permata,17,High School Student,Makassar,2025-07-03
6903,Rian Permata,16,High School Student,Semarang,2026-06-04
6904,Hadi Pratama,24,Office Worker,Makassar,2026-06-12
6905,Salsa Putra,23,College Student,Surabaya,2026-01-21
6906,Salsa Lestari,18,High School Student,Jakarta,2025-09-10
6907,Citra Wijaya,17,High School Student,Padang,2025-01-11
6908,Fajar Wijaya,25,Office Worker,Jakarta,2025-07-30
6909,Intan Putra,35,Office Worker,Palembang,2026-05-31
6910,Dina Ramadhan,24,College Student,Padang,2025-12-26
6911,Vina Nugraha,18,College Student,Semarang,2025-03-09
6912,Gita Putra,28,Office Worker,Bandung,2026-03-03
6913,Gita Putra,18,High School Student,Yogyakarta,2025-01-09
6914,Dina Pratama,15,High School Student,Palembang,2026-06-21
6915,Eka Permata,18,College Student,Makassar,2025-03-07
6916,Budi Pratama,16,High School Student,Jakarta,2025-06-22
6917,Lina Saputra,18,College Student,Jakarta,2025-01-22
6918,Intan Ramadhan,22,Office Worker,Yogyakarta,2025-02-11
6919,Fajar Saputra,31,Office Worker,Surabaya,2025-07-23
6920,Citra Sari,24,College Student,Medan,2025-06-04
6921,Maya Lestari,32,Office Worker,Makassar,2026-06-07
6922,Dina Kurniawan,15,High School Student,Medan,2026-04-07
6923,Joko Wijaya,18,High School Student,Bandung,2025-03-19
6924,Rian Pratama,20,College Student,Jakarta,2025-04-14
6925,Maya Permata,29,Office Worker,Medan,2025-10-05
6926,Oki Lestari,15,High School Student,Palembang,2025-02-26
6927,Joko Permata,20,College Student,Bandung,2025-12-05
6928,Intan Putra,33,Office Worker,Semarang,2025-10-01
6929,Vina Ramadhan,33,Office Worker,Medan,2026-03-09
6930,Joko Putra,24,Office Worker,Yogyakarta,2026-01-26
6931,Vina Pratama,24,College Student,Jakarta,2025-12-08
6932,Eka Pratama,15,High School Student,Semarang,2025-09-17
6933,Karin Permata,19,College Student,Makassar,2025-06-23
6934,Rian Kurniawan,18,High School Student,Semarang,2025-07-14
6935,Budi Nugraha,28,Office Worker,Medan,2026-03-17
6936,Andi Saputra,20,College Student,Bandung,2025-09-29
6937,Gita Ramadhan,24,College Student,Jakarta,2025-11-03
6938,Fajar Ramadhan,26,Office Worker,Palembang,2025-11-04
6939,Nanda Sari,19,College Student,Jakarta,2025-07-26
6940,Lina Kurniawan,22,College Student,Yogyakarta,2025-04-27
6941,Intan Saputra,24,Office Worker,Makassar,2025-01-05
6942,Salsa Nugraha,30,Office Worker,Jakarta,2026-05-14
6943,Lina Wijaya,28,Office Worker,Surabaya,2025-10-28
6944,Oki Wijaya,15,High School Student,Makassar,2026-03-01
6945,Vina Wijaya,24,College Student,Medan,2025-03-31
6946,Oki Wijaya,32,Office Worker,Padang,2025-01-28
6947,Hadi Sari,16,High School Student,Semarang,2026-06-28
6948,Maya Sari,15,High School Student,Bandung,2025-08-05
6949,Joko Saputra,26,Office Worker,Makassar,2025-03-12
6950,Karin Kurniawan,17,High School Student,Yogyakarta,2025-01-30
6951,Tio Kurniawan,32,Office Worker,Jakarta,2025-09-13
6952,Intan Ramadhan,18,College Student,Jakarta,2026-01-31
6953,Joko Ramadhan,18,College Student,Makassar,2026-06-05
6954,Hadi Ramadhan,18,High School Student,Semarang,2025-11-19
6955,Gita Permata,22,Office Worker,Jakarta,2026-01-05
6956,Rian Permata,20,College Student,Jakarta,2025-06-05
6957,Hadi Putra,19,College Student,Jakarta,2025-08-02
6958,Nanda Saputra,35,Office Worker,Makassar,2025-03-24
6959,Rian Saputra,25,Office Worker,Padang,2026-02-09
6960,Nanda Putra,32,Office Worker,Medan,2025-01-10
6961,Karin Lestari,20,College Student,Makassar,2025-10-07
6962,Maya Permata,20,College Student,Padang,2025-10-08
6963,Putri Wijaya,26,Office Worker,Padang,2025-03-31
6964,Salsa Ramadhan,34,Office Worker,Makassar,2025-05-09
6965,Vina Wijaya,19,College Student,Jakarta,2025-11-05
6966,Tio Lestari,18,High School Student,Makassar,2026-04-30
6967,Citra Putra,32,Office Worker,Jakarta,2025-04-17
6968,Eka Pratama,24,College Student,Medan,2026-05-20
6969,Joko Nugraha,29,Office Worker,Surabaya,2025-10-10
6970,Rian Kurniawan,22,College Student,Makassar,2025-04-17
6971,Maya Lestari,15,High School Student,Padang,2025-06-04
6972,Hadi Sari,26,Office Worker,Jakarta,2025-08-20
6973,Budi Saputra,16,High School Student,Bandung,2026-03-25
6974,Dina Kurniawan,19,College Student,Medan,2026-01-15
6975,Nanda Putra,20,College Student,Palembang,2025-11-29
6976,Karin Nugraha,21,College Student,Pekanbaru,2025-03-17
6977,Gita Kurniawan,32,Office Worker,Yogyakarta,2025-09-18
6978,Tio Permata,34,Office Worker,Yogyakarta,2025-12-03
6979,Budi Kurniawan,27,Office Worker,Pekanbaru,2025-08-18
6980,Tio Nugraha,18,High School Student,Pekanbaru,2025-08-09
6981,Salsa Nugraha,17,High School Student,Bandung,2026-02-02
6982,Gita Lestari,22,College Student,Makassar,2026-02-16
6983,Karin Sari,22,Office Worker,Jakarta,2026-02-05
6984,Intan Wijaya,27,Office Worker,Surabaya,2026-05-13
6985,Eka Sari,27,Office Worker,Palembang,2025-06-23
6986,Andi Pratama,24,College Student,Makassar,2025-10-28
6987,Vina Nugraha,20,College Student,Padang,2025-04-13
6988,Tio Ramadhan,22,College Student,Makassar,2026-06-05
6989,Citra Nugraha,15,High School Student,Jakarta,2025-06-13
6990,Maya Pratama,18,High School Student,Padang,2025-01-05
6991,Citra Sari,22,Office Worker,Surabaya,2025-06-27
6992,Citra Nugraha,17,High School Student,Yogyakarta,2025-01-27
6993,Maya Saputra,16,High School Student,Medan,2025-06-10
6994,Citra Permata,17,High School Student,Medan,2025-04-25
6995,Putri Nugraha,29,Office Worker,Jakarta,2026-01-13
6996,Lina Kurniawan,23,College Student,Medan,2025-04-07
6997,Intan Permata,24,Office Worker,Jakarta,2025-05-16
6998,Vina Saputra,33,Office Worker,Bandung,2026-01-23
6999,Andi Sari,20,College Student,Jakarta,2025-06-13
7000,Vina Putra,33,Office Worker,Surabaya,2026-02-19
7001,Hadi Putra,16,High School Student,Bandung,2025-05-16
7002,Intan Permata,18,High School Student,Bandung,2025-06-07
7003,Eka Permata,28,Office Worker,Jakarta,2026-02-02
7004,Budi Nugraha,29,Office Worker,Medan,2026-01-01
7005,Joko Putra,22,College Student,Padang,2025-10-29
7006,Intan Sari,19,College Student,Yogyakarta,2025-12-15
7007,Salsa Lestari,23,College Student,Padang,2026-01-29
7008,Lina Lestari,18,High School Student,Bandung,2025-11-20
7009,Maya Kurniawan,18,High School Student,Semarang,2025-02-19
7010,Putri Nugraha,15,High School Student,Bandung,2025-11-20
7011,Rian Nugraha,23,College Student,Semarang,2026-05-29
7012,Fajar Lestari,30,Office Worker,Surabaya,2026-04-08
7013,Karin Saputra,19,College Student,Padang,2025-03-16
7014,Gita Permata,18,High School Student,Padang,2026-05-16
7015,Eka Wijaya,23,College Student,Makassar,2025-07-07
7016,Vina Lestari,35,Office Worker,Jakarta,2025-05-09
7017,Fajar Saputra,16,High School Student,Makassar,2026-05-08
7018,Citra Lestari,15,High School Student,Pekanbaru,2025-04-07
7019,Rian Sari,18,College Student,Makassar,2025-12-31
7020,Budi Sari,35,Office Worker,Pekanbaru,2026-05-16
7021,Oki Wijaya,20,College Student,Palembang,2025-06-14
7022,Eka Ramadhan,30,Office Worker,Semarang,2025-06-26
7023,Hadi Permata,25,Office Worker,Yogyakarta,2025-09-30
7024,Salsa Wijaya,23,Office Worker,Medan,2025-11-23
7025,Hadi Sari,22,Office Worker,Palembang,2026-02-03
7026,Fajar Nugraha,20,College Student,Palembang,2026-02-15
7027,Eka Pratama,17,High School Student,Medan,2025-03-05
7028,Fajar Kurniawan,32,Office Worker,Yogyakarta,2026-03-23
7029,Lina Lestari,19,College Student,Jakarta,2025-12-07
7030,Andi Ramadhan,18,High School Student,Jakarta,2025-08-17
7031,Citra Ramadhan,23,Office Worker,Semarang,2026-05-20
7032,Intan Ramadhan,24,College Student,Palembang,2025-09-07
7033,Hadi Ramadhan,18,College Student,Surabaya,2025-03-11
7034,Fajar Sari,21,College Student,Palembang,2026-05-27
7035,Karin Lestari,22,College Student,Yogyakarta,2025-12-11
7036,Karin Permata,32,Office Worker,Bandung,2025-09-30
7037,Maya Putra,19,College Student,Pekanbaru,2025-12-11
7038,Vina Sari,22,College Student,Yogyakarta,2026-04-05
7039,Andi Kurniawan,22,College Student,Medan,2025-04-17
7040,Intan Sari,34,Office Worker,Pekanbaru,2026-05-03
7041,Hadi Saputra,33,Office Worker,Jakarta,2025-02-13
7042,Nanda Lestari,19,College Student,Yogyakarta,2026-05-17
7043,Rian Wijaya,29,Office Worker,Yogyakarta,2026-03-01
7044,Fajar Nugraha,17,High School Student,Medan,2025-02-18
7045,Eka Kurniawan,23,Office Worker,Jakarta,2025-03-01
7046,Fajar Wijaya,18,College Student,Palembang,2025-09-15
7047,Putri Saputra,24,Office Worker,Pekanbaru,2025-04-24
7048,Nanda Kurniawan,18,High School Student,Makassar,2025-12-15
7049,Oki Lestari,16,High School Student,Bandung,2026-02-02
7050,Dina Nugraha,20,College Student,Jakarta,2026-04-15
7051,Intan Nugraha,22,Office Worker,Bandung,2025-01-15
7052,Gita Saputra,23,College Student,Medan,2025-05-18
7053,Salsa Permata,32,Office Worker,Jakarta,2025-09-22
7054,Budi Lestari,23,College Student,Makassar,2025-03-22
7055,Maya Pratama,22,College Student,Bandung,2025-10-30
7056,Rian Lestari,17,High School Student,Palembang,2025-10-01
7057,Fajar Nugraha,25,Office Worker,Medan,2025-04-23
7058,Nanda Nugraha,15,High School Student,Pekanbaru,2026-02-13
7059,Eka Permata,24,Office Worker,Makassar,2025-12-31
7060,Maya Permata,30,Office Worker,Padang,2025-08-29
7061,Salsa Saputra,26,Office Worker,Surabaya,2025-03-30
7062,Budi Sari,23,College Student,Bandung,2025-09-29
7063,Dina Permata,25,Office Worker,Makassar,2025-09-12
7064,Rian Permata,22,Office Worker,Makassar,2026-05-04
7065,Fajar Saputra,16,High School Student,Bandung,2025-09-02
7066,Vina Sari,26,Office Worker,Semarang,2025-04-09
7067,Maya Kurniawan,15,High School Student,Padang,2025-03-14
7068,Budi Putra,22,College Student,Semarang,2025-10-15
7069,Nanda Ramadhan,18,High School Student,Makassar,2025-07-30
7070,Salsa Pratama,17,High School Student,Bandung,2026-06-18
7071,Intan Kurniawan,23,College Student,Semarang,2025-03-24
7072,Budi Permata,20,College Student,Medan,2025-08-30
7073,Maya Pratama,23,Office Worker,Palembang,2025-01-12
7074,Karin Sari,15,High School Student,Medan,2026-06-01
7075,Budi Permata,24,College Student,Semarang,2025-04-26
7076,Lina Saputra,16,High School Student,Surabaya,2025-12-13
7077,Andi Sari,22,College Student,Padang,2025-01-20
7078,Fajar Saputra,31,Office Worker,Semarang,2025-05-16
7079,Nanda Permata,23,College Student,Jakarta,2026-03-22
7080,Lina Wijaya,26,Office Worker,Surabaya,2026-03-14
7081,Citra Wijaya,24,College Student,Pekanbaru,2025-06-22
7082,Karin Permata,26,Office Worker,Jakarta,2026-06-01
7083,Rian Pratama,21,College Student,Semarang,2025-06-08
7084,Gita Nugraha,21,College Student,Yogyakarta,2026-02-09
7085,Tio Kurniawan,27,Office Worker,Jakarta,2026-05-27
7086,Tio Kurniawan,16,High School Student,Semarang,2025-01-04
7087,Rian Kurniawan,31,Office Worker,Palembang,2025-04-14
7088,Nanda Nugraha,28,Office Worker,Medan,2026-01-08
7089,Budi Putra,18,College Student,Jakarta,2025-10-09
7090,Oki Wijaya,17,High School Student,Makassar,2025-10-10
7091,Andi Sari,16,High School Student,Medan,2026-04-22
7092,Lina Wijaya,27,Office Worker,Jakarta,2025-08-23
7093,Vina Nugraha,30,Office Worker,Semarang,2025-06-27
7094,Andi Kurniawan,17,High School Student,Palembang,2025-12-04
7095,Gita Saputra,19,College Student,Yogyakarta,2026-05-17
7096,Rian Saputra,20,College Student,Makassar,2025-08-10
7097,Tio Wijaya,29,Office Worker,Jakarta,2026-04-01
7098,Hadi Nugraha,17,High School Student,Semarang,2025-12-25
7099,Tio Ramadhan,18,High School Student,Makassar,2026-02-14
7100,Dina Putra,30,Office Worker,Padang,2026-04-07
7101,Andi Permata,18,High School Student,Semarang,2025-07-10
7102,Gita Kurniawan,18,High School Student,Medan,2025-05-25
7103,Andi Putra,30,Office Worker,Surabaya,2025-12-10
7104,Salsa Permata,23,Office Worker,Semarang,2025-06-06
7105,Vina Putra,22,College Student,Makassar,2025-11-04
7106,Salsa Sari,17,High School Student,Jakarta,2025-05-08
7107,Citra Kurniawan,15,High School Student,Medan,2025-01-24
7108,Nanda Putra,17,High School Student,Makassar,2025-05-05
7109,Eka Pratama,23,Office Worker,Jakarta,2025-06-24
7110,Joko Sari,20,College Student,Palembang,2025-04-11
7111,Putri Permata,22,Office Worker,Medan,2025-02-20
7112,Eka Lestari,34,Office Worker,Surabaya,2025-09-15
7113,Nanda Kurniawan,23,College Student,Bandung,2025-06-17
7114,Salsa Permata,15,High School Student,Jakarta,2025-04-15
7115,Fajar Nugraha,19,College Student,Padang,2025-02-04
7116,Rian Kurniawan,35,Office Worker,Surabaya,2026-03-04
7117,Citra Permata,34,Office Worker,Padang,2025-12-05
7118,Dina Lestari,18,High School Student,Jakarta,2025-06-02
7119,Oki Saputra,28,Office Worker,Surabaya,2026-05-21
7120,Vina Pratama,19,College Student,Makassar,2025-03-21
7121,Tio Permata,28,Office Worker,Surabaya,2025-01-31
7122,Putri Putra,18,High School Student,Medan,2025-08-13
7123,Tio Nugraha,18,College Student,Jakarta,2025-07-28
7124,Rian Permata,32,Office Worker,Surabaya,2025-06-29
7125,Salsa Permata,24,College Student,Yogyakarta,2026-02-23
7126,Citra Ramadhan,20,College Student,Padang,2026-05-12
7127,Salsa Nugraha,17,High School Student,Palembang,2025-11-01
7128,Vina Nugraha,21,College Student,Pekanbaru,2025-11-10
7129,Intan Ramadhan,18,College Student,Jakarta,2025-11-30
7130,Oki Kurniawan,26,Office Worker,Surabaya,2025-03-05
7131,Nanda Nugraha,24,College Student,Semarang,2025-11-04
7132,Budi Lestari,22,College Student,Pekanbaru,2025-02-09
7133,Salsa Nugraha,29,Office Worker,Palembang,2025-08-31
7134,Putri Ramadhan,15,High School Student,Surabaya,2025-12-27
7135,Putri Permata,23,College Student,Jakarta,2025-09-02
7136,Joko Wijaya,30,Office Worker,Yogyakarta,2025-05-25
7137,Karin Nugraha,24,Office Worker,Surabaya,2025-01-30
7138,Salsa Wijaya,26,Office Worker,Palembang,2026-03-04
7139,Hadi Nugraha,30,Office Worker,Surabaya,2026-01-17
7140,Tio Nugraha,15,High School Student,Makassar,2026-03-29
7141,Citra Lestari,30,Office Worker,Makassar,2025-06-30
7142,Putri Nugraha,16,High School Student,Palembang,2026-05-13
7143,Tio Ramadhan,29,Office Worker,Palembang,2025-07-17
7144,Lina Wijaya,24,College Student,Yogyakarta,2025-12-09
7145,Intan Saputra,32,Office Worker,Padang,2025-02-02
7146,Citra Sari,22,Office Worker,Yogyakarta,2025-11-30
7147,Nanda Lestari,25,Office Worker,Medan,2025-08-22
7148,Eka Nugraha,15,High School Student,Jakarta,2026-06-14
7149,Dina Kurniawan,19,College Student,Makassar,2026-03-04
7150,Putri Putra,29,Office Worker,Semarang,2025-09-23
7151,Putri Kurniawan,25,Office Worker,Padang,2025-10-22
7152,Budi Putra,18,High School Student,Makassar,2026-03-16
7153,Citra Sari,22,Office Worker,Makassar,2025-11-28
7154,Intan Nugraha,31,Office Worker,Jakarta,2025-05-31
7155,Vina Pratama,21,College Student,Palembang,2025-10-28
7156,Andi Ramadhan,24,Office Worker,Padang,2025-12-11
7157,Hadi Lestari,23,College Student,Yogyakarta,2025-11-07
7158,Budi Permata,20,College Student,Surabaya,2025-07-02
7159,Tio Kurniawan,22,College Student,Jakarta,2025-05-27
7160,Citra Putra,22,College Student,Jakarta,2025-05-30
7161,Gita Pratama,23,Office Worker,Bandung,2025-09-24
7162,Hadi Kurniawan,21,College Student,Bandung,2026-05-05
7163,Rian Sari,24,Office Worker,Surabaya,2025-05-11
7164,Intan Nugraha,32,Office Worker,Semarang,2025-05-27
7165,Salsa Putra,27,Office Worker,Jakarta,2026-01-10
7166,Maya Nugraha,16,High School Student,Padang,2026-04-30
7167,Hadi Ramadhan,25,Office Worker,Padang,2026-05-19
7168,Dina Pratama,19,College Student,Palembang,2026-05-19
7169,Fajar Putra,18,College Student,Surabaya,2025-08-07
7170,Tio Sari,17,High School Student,Bandung,2026-05-10
7171,Maya Sari,19,College Student,Padang,2026-06-30
7172,Intan Pratama,31,Office Worker,Palembang,2025-01-11
7173,Maya Wijaya,23,College Student,Jakarta,2025-09-18
7174,Andi Kurniawan,22,Office Worker,Bandung,2025-03-12
7175,Vina Nugraha,15,High School Student,Yogyakarta,2025-06-13
7176,Tio Saputra,20,College Student,Padang,2025-09-18
7177,Eka Lestari,35,Office Worker,Makassar,2026-02-15
7178,Citra Saputra,31,Office Worker,Yogyakarta,2026-02-20
7179,Joko Ramadhan,17,High School Student,Surabaya,2025-12-11
7180,Tio Kurniawan,22,College Student,Semarang,2025-08-22
7181,Rian Wijaya,18,High School Student,Bandung,2025-01-15
7182,Maya Pratama,24,College Student,Jakarta,2025-12-20
7183,Salsa Permata,23,Office Worker,Makassar,2026-04-28
7184,Vina Putra,28,Office Worker,Surabaya,2026-03-14
7185,Karin Permata,15,High School Student,Bandung,2025-01-20
7186,Tio Lestari,28,Office Worker,Makassar,2026-04-17
7187,Citra Nugraha,20,College Student,Jakarta,2025-06-11
7188,Fajar Sari,24,College Student,Surabaya,2025-02-03
7189,Vina Nugraha,24,College Student,Jakarta,2025-04-25
7190,Intan Ramadhan,29,Office Worker,Padang,2026-03-06
7191,Joko Pratama,23,College Student,Medan,2025-01-21
7192,Karin Sari,18,College Student,Semarang,2025-06-16
7193,Karin Wijaya,22,College Student,Makassar,2025-10-23
7194,Fajar Saputra,15,High School Student,Padang,2025-06-21
7195,Nanda Sari,24,Office Worker,Bandung,2025-06-13
7196,Andi Saputra,22,College Student,Yogyakarta,2025-08-05
7197,Intan Kurniawan,18,High School Student,Palembang,2025-07-18
7198,Salsa Nugraha,27,Office Worker,Pekanbaru,2025-02-19
7199,Vina Saputra,24,Office Worker,Jakarta,2026-05-13
7200,Salsa Lestari,25,Office Worker,Jakarta,2026-03-18
7201,Hadi Nugraha,22,College Student,Medan,2025-11-26
7202,Hadi Saputra,17,High School Student,Padang,2025-11-26
7203,Salsa Wijaya,20,College Student,Jakarta,2025-10-21
7204,Karin Lestari,18,High School Student,Jakarta,2025-10-07
7205,Hadi Putra,25,Office Worker,Bandung,2025-12-30
7206,Tio Pratama,15,High School Student,Jakarta,2025-06-22
7207,Vina Wijaya,19,College Student,Jakarta,2025-06-03
7208,Lina Ramadhan,19,College Student,Medan,2026-05-07
7209,Putri Pratama,18,College Student,Yogyakarta,2025-09-24
7210,Putri Kurniawan,31,Office Worker,Palembang,2026-02-22
7211,Tio Pratama,21,College Student,Palembang,2025-09-29
7212,Salsa Lestari,18,High School Student,Bandung,2026-03-19
7213,Fajar Ramadhan,23,College Student,Jakarta,2026-05-28
7214,Lina Wijaya,19,College Student,Medan,2026-02-16
7215,Karin Ramadhan,17,High School Student,Surabaya,2025-01-15
7216,Nanda Saputra,24,Office Worker,Makassar,2025-03-21
7217,Putri Putra,20,College Student,Jakarta,2026-06-28
7218,Maya Pratama,23,Office Worker,Yogyakarta,2025-08-28
7219,Fajar Pratama,28,Office Worker,Surabaya,2025-03-30
7220,Maya Kurniawan,29,Office Worker,Yogyakarta,2025-09-11
7221,Fajar Ramadhan,31,Office Worker,Padang,2025-05-19
7222,Eka Kurniawan,15,High School Student,Yogyakarta,2025-10-17
7223,Nanda Permata,16,High School Student,Medan,2025-11-02
7224,Budi Saputra,24,College Student,Medan,2025-06-21
7225,Rian Lestari,27,Office Worker,Makassar,2026-06-10
7226,Nanda Wijaya,28,Office Worker,Surabaya,2025-11-24
7227,Rian Ramadhan,34,Office Worker,Yogyakarta,2025-06-02
7228,Karin Sari,15,High School Student,Jakarta,2025-06-27
7229,Intan Sari,33,Office Worker,Jakarta,2026-02-20
7230,Dina Permata,20,College Student,Medan,2025-11-07
7231,Vina Pratama,16,High School Student,Pekanbaru,2025-09-01
7232,Tio Pratama,22,College Student,Palembang,2026-02-13
7233,Nanda Lestari,15,High School Student,Jakarta,2025-08-08
7234,Nanda Lestari,24,College Student,Semarang,2026-03-12
7235,Putri Nugraha,19,College Student,Jakarta,2025-07-03
7236,Oki Kurniawan,18,College Student,Makassar,2025-05-04
7237,Tio Ramadhan,34,Office Worker,Surabaya,2025-08-26
7238,Karin Sari,27,Office Worker,Bandung,2026-02-10
7239,Eka Putra,30,Office Worker,Bandung,2025-07-17
7240,Fajar Ramadhan,19,College Student,Makassar,2025-03-28
7241,Maya Sari,30,Office Worker,Padang,2025-03-16
7242,Hadi Saputra,28,Office Worker,Medan,2025-11-29
7243,Intan Pratama,16,High School Student,Pekanbaru,2026-03-07
7244,Maya Pratama,20,College Student,Makassar,2026-01-05
7245,Gita Nugraha,24,College Student,Surabaya,2025-02-13
7246,Rian Pratama,17,High School Student,Jakarta,2025-10-24
7247,Budi Lestari,29,Office Worker,Pekanbaru,2026-04-11
7248,Lina Wijaya,31,Office Worker,Padang,2025-09-07
7249,Intan Ramadhan,16,High School Student,Jakarta,2026-02-26
7250,Fajar Sari,23,Office Worker,Padang,2026-04-18
7251,Hadi Wijaya,35,Office Worker,Pekanbaru,2025-09-30
7252,Oki Ramadhan,27,Office Worker,Semarang,2025-06-22
7253,Fajar Wijaya,22,College Student,Makassar,2025-08-24
7254,Putri Ramadhan,26,Office Worker,Medan,2025-02-15
7255,Karin Putra,22,College Student,Padang,2026-01-27
7256,Joko Lestari,20,College Student,Jakarta,2025-08-21
7257,Citra Lestari,17,High School Student,Yogyakarta,2026-02-21
7258,Nanda Wijaya,16,High School Student,Jakarta,2025-09-23
7259,Intan Kurniawan,33,Office Worker,Makassar,2025-07-09
7260,Lina Nugraha,19,College Student,Surabaya,2025-07-02
7261,Fajar Putra,22,College Student,Surabaya,2025-12-23
7262,Fajar Ramadhan,16,High School Student,Surabaya,2025-05-19
7263,Intan Pratama,28,Office Worker,Makassar,2026-05-20
7264,Vina Lestari,16,High School Student,Makassar,2026-04-27
7265,Lina Saputra,22,Office Worker,Makassar,2025-12-18
7266,Intan Wijaya,16,High School Student,Semarang,2025-12-08
7267,Joko Saputra,17,High School Student,Jakarta,2025-03-14
7268,Hadi Permata,21,College Student,Surabaya,2025-06-12
7269,Karin Saputra,18,College Student,Bandung,2025-08-11
7270,Vina Sari,19,College Student,Semarang,2025-07-04
7271,Nanda Sari,20,College Student,Padang,2025-04-05
7272,Andi Pratama,26,Office Worker,Palembang,2025-11-05
7273,Citra Saputra,30,Office Worker,Jakarta,2025-05-28
7274,Citra Permata,17,High School Student,Yogyakarta,2025-11-15
7275,Nanda Sari,19,College Student,Makassar,2025-06-28
7276,Salsa Sari,35,Office Worker,Palembang,2025-10-18
7277,Eka Putra,19,College Student,Yogyakarta,2026-05-12
7278,Hadi Kurniawan,15,High School Student,Medan,2025-10-28
7279,Gita Ramadhan,22,Office Worker,Jakarta,2025-06-10
7280,Gita Sari,27,Office Worker,Makassar,2025-03-02
7281,Tio Ramadhan,18,College Student,Jakarta,2025-03-13
7282,Andi Sari,18,High School Student,Jakarta,2026-03-13
7283,Andi Lestari,15,High School Student,Jakarta,2026-04-27
7284,Maya Permata,32,Office Worker,Palembang,2025-04-25
7285,Gita Ramadhan,16,High School Student,Pekanbaru,2025-07-25
7286,Fajar Nugraha,19,College Student,Bandung,2025-11-30
7287,Karin Sari,19,College Student,Makassar,2025-11-02
7288,Intan Ramadhan,22,College Student,Makassar,2026-06-16
7289,Gita Kurniawan,22,Office Worker,Bandung,2025-05-15
7290,Fajar Wijaya,30,Office Worker,Palembang,2025-05-31
7291,Nanda Pratama,31,Office Worker,Yogyakarta,2025-05-20
7292,Putri Kurniawan,15,High School Student,Surabaya,2026-02-11
7293,Oki Wijaya,16,High School Student,Bandung,2026-05-05
7294,Joko Kurniawan,18,College Student,Bandung,2025-07-24
7295,Citra Wijaya,16,High School Student,Yogyakarta,2025-10-22
7296,Maya Sari,32,Office Worker,Medan,2025-07-03
7297,Budi Lestari,15,High School Student,Semarang,2025-01-18
7298,Nanda Sari,23,College Student,Palembang,2026-01-18
7299,Rian Lestari,20,College Student,Surabaya,2026-06-26
7300,Budi Nugraha,25,Office Worker,Bandung,2026-05-23
7301,Dina Wijaya,15,High School Student,Jakarta,2025-07-11
7302,Nanda Putra,23,College Student,Jakarta,2025-07-17
7303,Intan Wijaya,21,College Student,Jakarta,2025-08-30
7304,Joko Pratama,22,Office Worker,Bandung,2025-04-01
7305,Intan Kurniawan,17,High School Student,Semarang,2025-01-02
7306,Lina Pratama,26,Office Worker,Jakarta,2026-04-10
7307,Putri Putra,35,Office Worker,Padang,2025-10-12
7308,Nanda Lestari,24,College Student,Bandung,2025-01-04
7309,Andi Ramadhan,29,Office Worker,Padang,2025-08-26
7310,Intan Wijaya,15,High School Student,Semarang,2026-03-15
7311,Putri Wijaya,26,Office Worker,Bandung,2026-01-25
7312,Karin Nugraha,22,College Student,Surabaya,2025-11-25
7313,Karin Sari,18,College Student,Semarang,2025-08-29
7314,Lina Permata,18,College Student,Pekanbaru,2026-05-10
7315,Vina Sari,17,High School Student,Jakarta,2025-03-02
7316,Eka Pratama,27,Office Worker,Semarang,2025-03-03
7317,Karin Lestari,15,High School Student,Bandung,2026-03-28
7318,Oki Saputra,35,Office Worker,Surabaya,2025-10-04
7319,Maya Kurniawan,24,College Student,Bandung,2025-06-08
7320,Dina Saputra,26,Office Worker,Pekanbaru,2025-08-27
7321,Vina Nugraha,16,High School Student,Semarang,2025-02-12
7322,Budi Pratama,18,College Student,Yogyakarta,2026-02-17
7323,Putri Permata,18,College Student,Makassar,2026-03-15
7324,Karin Ramadhan,29,Office Worker,Surabaya,2025-11-10
7325,Rian Pratama,16,High School Student,Makassar,2025-06-01
7326,Intan Nugraha,17,High School Student,Palembang,2025-03-21
7327,Salsa Saputra,16,High School Student,Surabaya,2025-05-17
7328,Vina Saputra,31,Office Worker,Makassar,2026-03-26
7329,Dina Ramadhan,16,High School Student,Pekanbaru,2026-01-21
7330,Gita Ramadhan,21,College Student,Medan,2026-01-18
7331,Vina Lestari,15,High School Student,Jakarta,2025-06-14
7332,Citra Permata,24,Office Worker,Semarang,2025-10-29
7333,Vina Wijaya,25,Office Worker,Jakarta,2025-02-17
7334,Andi Wijaya,24,College Student,Bandung,2025-05-07
7335,Maya Ramadhan,22,College Student,Makassar,2026-01-03
7336,Putri Permata,17,High School Student,Jakarta,2025-02-01
7337,Rian Lestari,16,High School Student,Surabaya,2026-05-22
7338,Gita Kurniawan,20,College Student,Makassar,2025-03-18
7339,Maya Ramadhan,30,Office Worker,Surabaya,2025-07-20
7340,Nanda Ramadhan,24,College Student,Surabaya,2025-03-09
7341,Putri Kurniawan,22,Office Worker,Palembang,2025-01-28
7342,Vina Nugraha,23,College Student,Jakarta,2026-02-04
7343,Lina Nugraha,29,Office Worker,Makassar,2025-02-26
7344,Karin Pratama,22,College Student,Bandung,2025-07-22
7345,Joko Lestari,21,College Student,Yogyakarta,2025-03-24
7346,Citra Putra,24,College Student,Bandung,2025-09-08
7347,Oki Kurniawan,19,College Student,Bandung,2025-12-08
7348,Budi Permata,24,College Student,Jakarta,2026-02-27
7349,Putri Putra,26,Office Worker,Jakarta,2026-03-15
7350,Putri Nugraha,29,Office Worker,Padang,2026-02-18
7351,Andi Ramadhan,19,College Student,Pekanbaru,2025-05-13
7352,Nanda Kurniawan,15,High School Student,Yogyakarta,2026-03-05
7353,Karin Pratama,24,College Student,Jakarta,2026-06-28
7354,Vina Pratama,21,College Student,Surabaya,2025-09-25
7355,Tio Saputra,18,High School Student,Bandung,2025-04-17
7356,Nanda Putra,30,Office Worker,Surabaya,2025-03-07
7357,Fajar Kurniawan,24,Office Worker,Surabaya,2025-02-21
7358,Eka Nugraha,25,Office Worker,Surabaya,2025-10-15
7359,Salsa Ramadhan,17,High School Student,Surabaya,2025-08-20
7360,Nanda Ramadhan,23,Office Worker,Yogyakarta,2025-06-12
7361,Fajar Permata,25,Office Worker,Semarang,2025-08-29
7362,Oki Sari,23,College Student,Surabaya,2026-01-25
7363,Oki Kurniawan,18,College Student,Jakarta,2025-01-22
7364,Rian Wijaya,29,Office Worker,Padang,2026-05-08
7365,Joko Kurniawan,24,College Student,Makassar,2026-06-05
7366,Hadi Kurniawan,20,College Student,Jakarta,2025-12-28
7367,Citra Lestari,23,College Student,Semarang,2025-02-28
7368,Andi Nugraha,19,College Student,Pekanbaru,2026-04-30
7369,Gita Saputra,16,High School Student,Pekanbaru,2025-04-11
7370,Andi Permata,33,Office Worker,Makassar,2025-12-06
7371,Citra Permata,33,Office Worker,Makassar,2026-05-01
7372,Rian Saputra,27,Office Worker,Bandung,2025-01-16
7373,Rian Wijaya,15,High School Student,Yogyakarta,2026-05-13
7374,Dina Pratama,34,Office Worker,Palembang,2025-05-01
7375,Budi Lestari,18,High School Student,Medan,2025-08-02
7376,Lina Nugraha,15,High School Student,Palembang,2025-11-26
7377,Hadi Permata,18,College Student,Makassar,2025-03-25
7378,Eka Kurniawan,23,College Student,Padang,2025-06-30
7379,Budi Saputra,18,College Student,Makassar,2026-01-21
7380,Fajar Ramadhan,15,High School Student,Palembang,2025-11-19
7381,Tio Kurniawan,21,College Student,Padang,2026-03-24
7382,Maya Pratama,18,High School Student,Palembang,2025-03-14
7383,Lina Wijaya,29,Office Worker,Palembang,2025-09-12
7384,Hadi Permata,18,College Student,Medan,2025-10-17
7385,Maya Putra,23,Office Worker,Pekanbaru,2026-05-15
7386,Andi Wijaya,24,College Student,Semarang,2025-01-02
7387,Andi Saputra,18,High School Student,Yogyakarta,2026-01-18
7388,Vina Wijaya,29,Office Worker,Surabaya,2025-04-22
7389,Oki Ramadhan,21,College Student,Jakarta,2025-07-23
7390,Eka Nugraha,23,College Student,Pekanbaru,2025-01-26
7391,Joko Sari,24,Office Worker,Padang,2025-04-18
7392,Hadi Wijaya,17,High School Student,Jakarta,2025-10-01
7393,Salsa Pratama,33,Office Worker,Palembang,2026-06-26
7394,Putri Lestari,22,College Student,Makassar,2025-01-17
7395,Maya Permata,18,College Student,Medan,2026-04-09
7396,Citra Saputra,15,High School Student,Makassar,2025-10-25
7397,Salsa Permata,18,High School Student,Yogyakarta,2026-01-31
7398,Rian Ramadhan,23,Office Worker,Jakarta,2025-01-27
7399,Joko Nugraha,35,Office Worker,Yogyakarta,2025-07-02
7400,Salsa Kurniawan,15,High School Student,Padang,2026-05-31
7401,Joko Kurniawan,18,High School Student,Makassar,2026-03-25
7402,Putri Lestari,23,Office Worker,Jakarta,2025-11-28
7403,Joko Permata,21,College Student,Jakarta,2026-04-01
7404,Nanda Putra,21,College Student,Bandung,2026-02-24
7405,Andi Lestari,19,College Student,Jakarta,2025-08-28
7406,Rian Lestari,17,High School Student,Surabaya,2026-05-27
7407,Fajar Sari,25,Office Worker,Bandung,2025-10-17
7408,Salsa Saputra,27,Office Worker,Medan,2026-03-15
7409,Intan Nugraha,17,High School Student,Medan,2026-06-07
7410,Hadi Putra,22,College Student,Jakarta,2025-09-16
7411,Eka Putra,19,College Student,Palembang,2025-09-25
7412,Oki Putra,20,College Student,Bandung,2025-04-23
7413,Eka Nugraha,19,College Student,Jakarta,2026-02-09
7414,Vina Pratama,32,Office Worker,Semarang,2026-02-06
7415,Intan Saputra,20,College Student,Jakarta,2025-08-24
7416,Andi Ramadhan,23,College Student,Surabaya,2025-01-06
7417,Karin Pratama,22,College Student,Jakarta,2025-04-24
7418,Gita Sari,18,High School Student,Makassar,2025-12-31
7419,Tio Putra,17,High School Student,Yogyakarta,2025-11-17
7420,Oki Ramadhan,33,Office Worker,Jakarta,2025-11-07
7421,Vina Lestari,15,High School Student,Pekanbaru,2025-06-17
7422,Joko Wijaya,25,Office Worker,Bandung,2025-02-21
7423,Rian Saputra,23,College Student,Jakarta,2025-10-27
7424,Salsa Nugraha,23,College Student,Surabaya,2025-03-03
7425,Dina Saputra,18,College Student,Yogyakarta,2025-03-25
7426,Putri Kurniawan,23,College Student,Jakarta,2025-12-19
7427,Gita Putra,17,High School Student,Palembang,2026-05-18
7428,Hadi Saputra,22,College Student,Makassar,2026-04-20
7429,Oki Nugraha,27,Office Worker,Medan,2026-05-18
7430,Tio Lestari,31,Office Worker,Makassar,2025-04-09
7431,Intan Kurniawan,22,College Student,Makassar,2025-11-02
7432,Vina Putra,20,College Student,Palembang,2025-11-11
7433,Eka Wijaya,15,High School Student,Medan,2026-03-18
7434,Maya Putra,16,High School Student,Semarang,2025-09-04
7435,Putri Ramadhan,16,High School Student,Makassar,2025-09-22
7436,Eka Pratama,22,Office Worker,Semarang,2026-03-01
7437,Tio Sari,17,High School Student,Bandung,2025-02-27
7438,Tio Pratama,17,High School Student,Yogyakarta,2026-04-29
7439,Joko Nugraha,20,College Student,Makassar,2025-11-20
7440,Gita Wijaya,15,High School Student,Medan,2025-07-05
7441,Lina Permata,25,Office Worker,Semarang,2026-05-14
7442,Andi Sari,17,High School Student,Padang,2025-03-03
7443,Salsa Sari,18,High School Student,Jakarta,2025-09-03
7444,Dina Saputra,29,Office Worker,Surabaya,2026-05-02
7445,Putri Sari,24,College Student,Jakarta,2026-01-08
7446,Citra Kurniawan,31,Office Worker,Palembang,2026-05-30
7447,Eka Saputra,18,College Student,Pekanbaru,2025-02-20
7448,Rian Pratama,18,College Student,Jakarta,2025-04-09
7449,Putri Sari,26,Office Worker,Jakarta,2025-11-19
7450,Citra Putra,15,High School Student,Bandung,2026-03-17
7451,Maya Sari,21,College Student,Semarang,2026-02-08
7452,Andi Pratama,23,College Student,Jakarta,2026-02-21
7453,Putri Saputra,18,College Student,Bandung,2025-06-04
7454,Salsa Nugraha,27,Office Worker,Makassar,2026-06-26
7455,Salsa Nugraha,22,Office Worker,Pekanbaru,2025-05-26
7456,Eka Putra,35,Office Worker,Palembang,2025-08-23
7457,Intan Putra,35,Office Worker,Medan,2026-04-19
7458,Nanda Saputra,18,College Student,Bandung,2026-02-03
7459,Dina Saputra,18,High School Student,Bandung,2026-04-05
7460,Vina Sari,19,College Student,Pekanbaru,2026-03-09
7461,Maya Saputra,19,College Student,Medan,2025-09-14
7462,Intan Nugraha,22,College Student,Medan,2026-03-15
7463,Andi Wijaya,35,Office Worker,Semarang,2026-06-21
7464,Vina Wijaya,23,College Student,Medan,2025-06-24
7465,Maya Ramadhan,23,College Student,Jakarta,2026-05-06
7466,Joko Sari,23,College Student,Yogyakarta,2025-10-10
7467,Putri Lestari,27,Office Worker,Surabaya,2025-08-07
7468,Andi Wijaya,29,Office Worker,Makassar,2025-06-05
7469,Eka Lestari,25,Office Worker,Yogyakarta,2025-02-26
7470,Fajar Ramadhan,20,College Student,Bandung,2026-05-26
7471,Eka Ramadhan,27,Office Worker,Makassar,2025-12-04
7472,Maya Pratama,18,High School Student,Yogyakarta,2025-09-29
7473,Andi Kurniawan,23,Office Worker,Makassar,2025-07-03
7474,Nanda Putra,23,College Student,Palembang,2025-10-18
7475,Intan Sari,19,College Student,Makassar,2025-10-29
7476,Joko Ramadhan,22,College Student,Semarang,2025-09-04
7477,Intan Saputra,32,Office Worker,Yogyakarta,2025-01-16
7478,Oki Permata,15,High School Student,Palembang,2025-12-01
7479,Budi Ramadhan,32,Office Worker,Makassar,2025-07-30
7480,Rian Sari,23,College Student,Padang,2026-01-08
7481,Vina Putra,23,College Student,Semarang,2026-02-10
7482,Budi Nugraha,18,High School Student,Makassar,2026-06-14
7483,Lina Lestari,20,College Student,Medan,2025-01-22
7484,Rian Saputra,20,College Student,Jakarta,2025-04-29
7485,Putri Lestari,22,College Student,Jakarta,2026-06-12
7486,Hadi Nugraha,31,Office Worker,Makassar,2025-07-03
7487,Maya Putra,18,College Student,Yogyakarta,2026-05-30
7488,Lina Pratama,29,Office Worker,Padang,2026-05-07
7489,Putri Kurniawan,24,College Student,Makassar,2026-05-21
7490,Tio Pratama,24,Office Worker,Jakarta,2026-03-13
7491,Hadi Kurniawan,15,High School Student,Jakarta,2025-04-15
7492,Fajar Kurniawan,20,College Student,Palembang,2025-04-13
7493,Joko Kurniawan,19,College Student,Surabaya,2025-07-27
7494,Dina Nugraha,18,College Student,Surabaya,2025-02-16
7495,Fajar Lestari,28,Office Worker,Semarang,2025-10-31
7496,Salsa Permata,18,High School Student,Jakarta,2025-06-16
7497,Lina Kurniawan,16,High School Student,Yogyakarta,2026-05-09
7498,Oki Sari,30,Office Worker,Surabaya,2025-03-28
7499,Intan Ramadhan,17,High School Student,Makassar,2025-08-14
7500,Karin Sari,24,Office Worker,Yogyakarta,2025-04-30
7501,Nanda Permata,19,College Student,Palembang,2025-09-05
7502,Intan Wijaya,31,Office Worker,Bandung,2026-05-20
7503,Lina Putra,17,High School Student,Makassar,2025-12-19
7504,Citra Wijaya,17,High School Student,Jakarta,2025-05-24
7505,Citra Kurniawan,18,College Student,Bandung,2025-12-16
7506,Citra Ramadhan,25,Office Worker,Jakarta,2026-05-30
7507,Karin Permata,22,College Student,Makassar,2025-11-13
7508,Nanda Saputra,19,College Student,Yogyakarta,2025-01-26
7509,Lina Wijaya,24,Office Worker,Makassar,2026-06-14
7510,Putri Lestari,22,Office Worker,Semarang,2025-11-18
7511,Vina Nugraha,23,Office Worker,Jakarta,2025-10-23
7512,Maya Pratama,22,Office Worker,Makassar,2025-05-11
7513,Vina Lestari,16,High School Student,Medan,2025-01-17
7514,Tio Saputra,17,High School Student,Surabaya,2025-07-04
7515,Putri Sari,22,Office Worker,Bandung,2025-02-18
7516,Joko Kurniawan,32,Office Worker,Bandung,2025-03-17
7517,Putri Pratama,18,College Student,Yogyakarta,2026-06-12
7518,Gita Pratama,16,High School Student,Bandung,2025-01-06
7519,Eka Pratama,26,Office Worker,Bandung,2025-02-03
7520,Citra Putra,18,High School Student,Semarang,2025-02-28
7521,Oki Permata,22,College Student,Bandung,2025-03-08
7522,Lina Pratama,24,College Student,Jakarta,2025-09-12
7523,Rian Putra,21,College Student,Makassar,2026-02-07
7524,Oki Putra,25,Office Worker,Surabaya,2025-06-06
7525,Vina Permata,24,College Student,Yogyakarta,2025-02-01
7526,Joko Saputra,28,Office Worker,Medan,2025-01-10
7527,Budi Ramadhan,23,College Student,Jakarta,2026-01-10
7528,Putri Putra,20,College Student,Palembang,2025-12-15
7529,Gita Sari,30,Office Worker,Bandung,2026-06-16
7530,Tio Saputra,21,College Student,Bandung,2025-06-05
7531,Joko Sari,16,High School Student,Jakarta,2025-01-27
7532,Dina Pratama,17,High School Student,Jakarta,2025-06-02
7533,Rian Permata,18,High School Student,Padang,2025-10-12
7534,Eka Pratama,22,College Student,Jakarta,2025-09-07
7535,Tio Ramadhan,30,Office Worker,Bandung,2026-03-05
7536,Karin Pratama,35,Office Worker,Makassar,2025-10-13
7537,Hadi Permata,26,Office Worker,Jakarta,2026-05-21
7538,Oki Pratama,24,College Student,Bandung,2025-10-21
7539,Salsa Wijaya,18,College Student,Semarang,2026-03-20
7540,Salsa Lestari,24,College Student,Makassar,2025-10-15
7541,Gita Pratama,18,High School Student,Jakarta,2025-11-02
7542,Salsa Permata,18,High School Student,Jakarta,2025-03-12
7543,Hadi Wijaya,20,College Student,Surabaya,2025-06-12
7544,Gita Lestari,29,Office Worker,Surabaya,2026-04-26
7545,Lina Wijaya,16,High School Student,Bandung,2025-12-09
7546,Tio Nugraha,15,High School Student,Bandung,2026-06-01
7547,Eka Kurniawan,35,Office Worker,Bandung,2025-04-17
7548,Intan Ramadhan,19,College Student,Jakarta,2026-05-13
7549,Joko Putra,35,Office Worker,Jakarta,2025-01-01
7550,Intan Ramadhan,28,Office Worker,Palembang,2026-04-21
7551,Salsa Lestari,28,Office Worker,Bandung,2026-03-29
7552,Oki Saputra,21,College Student,Surabaya,2025-03-06
7553,Hadi Saputra,24,Office Worker,Medan,2026-04-30
7554,Citra Sari,24,College Student,Jakarta,2026-02-26
7555,Citra Nugraha,25,Office Worker,Yogyakarta,2026-06-20
7556,Gita Saputra,22,College Student,Makassar,2025-05-31
7557,Intan Saputra,18,High School Student,Bandung,2026-01-26
7558,Andi Permata,18,College Student,Bandung,2026-02-19
7559,Dina Pratama,20,College Student,Semarang,2025-01-07
7560,Budi Kurniawan,28,Office Worker,Jakarta,2026-05-31
7561,Gita Sari,22,Office Worker,Makassar,2026-04-11
7562,Oki Pratama,31,Office Worker,Jakarta,2025-04-14
7563,Intan Lestari,16,High School Student,Semarang,2026-04-09
7564,Putri Kurniawan,25,Office Worker,Bandung,2025-12-17
7565,Putri Saputra,20,College Student,Surabaya,2026-01-01
7566,Joko Kurniawan,35,Office Worker,Jakarta,2025-07-01
7567,Salsa Saputra,24,Office Worker,Palembang,2025-08-31
7568,Maya Putra,17,High School Student,Yogyakarta,2025-08-08
7569,Citra Wijaya,24,Office Worker,Makassar,2025-07-27
7570,Joko Ramadhan,18,High School Student,Surabaya,2025-07-01
7571,Nanda Kurniawan,18,College Student,Palembang,2026-03-05
7572,Salsa Putra,21,College Student,Medan,2025-02-04
7573,Fajar Permata,16,High School Student,Pekanbaru,2026-02-25
7574,Fajar Ramadhan,22,Office Worker,Jakarta,2025-07-22
7575,Lina Lestari,16,High School Student,Pekanbaru,2025-06-11
7576,Tio Putra,15,High School Student,Yogyakarta,2026-02-12
7577,Eka Lestari,22,College Student,Yogyakarta,2025-12-15
7578,Karin Permata,29,Office Worker,Padang,2025-01-04
7579,Nanda Saputra,22,Office Worker,Bandung,2025-12-27
7580,Rian Sari,33,Office Worker,Yogyakarta,2025-12-24
7581,Citra Wijaya,35,Office Worker,Makassar,2025-02-05
7582,Citra Lestari,23,College Student,Surabaya,2025-12-01
7583,Citra Saputra,17,High School Student,Makassar,2025-10-18
7584,Fajar Lestari,17,High School Student,Makassar,2025-10-12
7585,Citra Pratama,19,College Student,Surabaya,2025-02-05
7586,Joko Kurniawan,35,Office Worker,Semarang,2025-11-20
7587,Budi Lestari,21,College Student,Pekanbaru,2026-04-08
7588,Lina Wijaya,23,Office Worker,Semarang,2026-01-30
7589,Citra Wijaya,21,College Student,Jakarta,2025-02-18
7590,Andi Lestari,17,High School Student,Surabaya,2026-04-08
7591,Oki Sari,16,High School Student,Jakarta,2025-11-09
7592,Maya Sari,24,Office Worker,Palembang,2025-12-21
7593,Budi Ramadhan,34,Office Worker,Makassar,2025-12-09
7594,Vina Sari,34,Office Worker,Pekanbaru,2025-02-24
7595,Putri Sari,15,High School Student,Jakarta,2025-11-08
7596,Oki Permata,35,Office Worker,Makassar,2025-09-17
7597,Tio Sari,17,High School Student,Jakarta,2025-03-29
7598,Intan Permata,16,High School Student,Makassar,2025-11-16
7599,Fajar Sari,32,Office Worker,Semarang,2026-01-25
7600,Joko Wijaya,21,College Student,Palembang,2025-09-27
7601,Andi Ramadhan,27,Office Worker,Pekanbaru,2026-04-05
7602,Eka Sari,15,High School Student,Jakarta,2025-12-27
7603,Oki Kurniawan,21,College Student,Padang,2025-05-06
7604,Karin Permata,24,Office Worker,Jakarta,2025-07-04
7605,Maya Ramadhan,23,College Student,Pekanbaru,2025-12-31
7606,Eka Saputra,32,Office Worker,Medan,2026-06-26
7607,Rian Putra,16,High School Student,Palembang,2025-01-08
7608,Lina Ramadhan,35,Office Worker,Makassar,2026-02-18
7609,Nanda Sari,20,College Student,Surabaya,2025-05-12
7610,Nanda Sari,17,High School Student,Palembang,2025-12-22
7611,Intan Nugraha,21,College Student,Yogyakarta,2025-11-19
7612,Rian Pratama,15,High School Student,Jakarta,2025-04-12
7613,Maya Saputra,32,Office Worker,Yogyakarta,2026-04-11
7614,Tio Pratama,22,College Student,Bandung,2026-03-05
7615,Fajar Ramadhan,18,High School Student,Pekanbaru,2025-03-16
7616,Citra Wijaya,18,College Student,Makassar,2025-04-10
7617,Oki Pratama,22,College Student,Makassar,2025-08-24
7618,Citra Nugraha,33,Office Worker,Surabaya,2025-09-26
7619,Nanda Permata,32,Office Worker,Jakarta,2025-09-11
7620,Intan Saputra,18,College Student,Makassar,2025-11-25
7621,Joko Putra,28,Office Worker,Makassar,2025-10-26
7622,Maya Saputra,20,College Student,Palembang,2026-01-05
7623,Vina Kurniawan,16,High School Student,Jakarta,2025-09-16
7624,Vina Sari,32,Office Worker,Semarang,2025-08-16
7625,Karin Nugraha,24,College Student,Jakarta,2026-01-12
7626,Salsa Putra,30,Office Worker,Makassar,2025-05-25
7627,Joko Saputra,24,Office Worker,Medan,2025-03-21
7628,Citra Lestari,20,College Student,Palembang,2025-02-08
7629,Eka Lestari,23,Office Worker,Bandung,2025-04-07
7630,Karin Wijaya,31,Office Worker,Medan,2025-09-03
7631,Putri Saputra,18,College Student,Semarang,2025-11-29
7632,Karin Ramadhan,30,Office Worker,Padang,2026-02-07
7633,Andi Putra,23,College Student,Yogyakarta,2025-10-05
7634,Eka Nugraha,27,Office Worker,Semarang,2025-01-08
7635,Nanda Saputra,29,Office Worker,Jakarta,2025-12-30
7636,Gita Nugraha,17,High School Student,Palembang,2026-03-28
7637,Hadi Nugraha,22,College Student,Palembang,2025-09-09
7638,Oki Kurniawan,30,Office Worker,Surabaya,2025-01-18
7639,Eka Wijaya,17,High School Student,Surabaya,2026-01-25
7640,Budi Nugraha,17,High School Student,Jakarta,2025-08-30
7641,Eka Ramadhan,22,College Student,Medan,2025-09-10
7642,Putri Saputra,19,College Student,Surabaya,2025-01-04
7643,Eka Pratama,23,College Student,Makassar,2026-01-08
7644,Tio Wijaya,24,College Student,Palembang,2026-03-01
7645,Tio Wijaya,15,High School Student,Medan,2025-06-28
7646,Hadi Pratama,24,Office Worker,Semarang,2025-01-12
7647,Fajar Ramadhan,19,College Student,Yogyakarta,2025-10-20
7648,Rian Pratama,18,High School Student,Padang,2025-09-16
7649,Citra Putra,21,College Student,Jakarta,2026-03-05
7650,Fajar Permata,19,College Student,Yogyakarta,2025-10-22
7651,Citra Ramadhan,17,High School Student,Jakarta,2025-11-29
7652,Fajar Ramadhan,18,High School Student,Yogyakarta,2025-04-22
7653,Intan Lestari,16,High School Student,Surabaya,2025-07-25
7654,Karin Putra,34,Office Worker,Palembang,2025-08-10
7655,Fajar Saputra,28,Office Worker,Semarang,2026-06-14
7656,Vina Ramadhan,28,Office Worker,Jakarta,2025-01-13
7657,Intan Saputra,25,Office Worker,Surabaya,2025-09-27
7658,Fajar Lestari,33,Office Worker,Palembang,2025-02-09
7659,Nanda Putra,23,College Student,Yogyakarta,2026-05-20
7660,Maya Kurniawan,33,Office Worker,Semarang,2025-08-03
7661,Eka Kurniawan,15,High School Student,Makassar,2025-10-31
7662,Karin Sari,24,Office Worker,Jakarta,2026-06-06
7663,Budi Putra,29,Office Worker,Jakarta,2025-05-01
7664,Lina Nugraha,24,College Student,Semarang,2025-11-06
7665,Budi Sari,21,College Student,Surabaya,2025-11-01
7666,Eka Permata,19,College Student,Padang,2026-03-02
7667,Joko Ramadhan,34,Office Worker,Palembang,2026-04-04
7668,Fajar Kurniawan,24,Office Worker,Makassar,2025-07-21
7669,Andi Pratama,35,Office Worker,Jakarta,2026-02-16
7670,Maya Ramadhan,24,College Student,Jakarta,2025-08-08
7671,Budi Putra,31,Office Worker,Yogyakarta,2025-06-04
7672,Dina Kurniawan,18,College Student,Jakarta,2025-11-20
7673,Gita Nugraha,33,Office Worker,Medan,2025-12-06
7674,Andi Saputra,19,College Student,Yogyakarta,2026-01-25
7675,Hadi Nugraha,20,College Student,Jakarta,2025-07-05
7676,Salsa Nugraha,24,College Student,Jakarta,2025-05-14
7677,Vina Wijaya,31,Office Worker,Surabaya,2025-05-27
7678,Eka Sari,30,Office Worker,Jakarta,2025-04-23
7679,Budi Pratama,15,High School Student,Palembang,2026-06-13
7680,Maya Nugraha,18,High School Student,Bandung,2026-03-09
7681,Maya Sari,33,Office Worker,Bandung,2026-01-22
7682,Maya Putra,20,College Student,Pekanbaru,2026-01-01
7683,Karin Putra,29,Office Worker,Makassar,2025-02-03
7684,Joko Kurniawan,21,College Student,Makassar,2025-03-03
7685,Karin Pratama,18,High School Student,Yogyakarta,2026-03-20
7686,Gita Lestari,27,Office Worker,Padang,2025-07-15
7687,Hadi Ramadhan,33,Office Worker,Bandung,2025-03-28
7688,Nanda Permata,19,College Student,Semarang,2025-09-11
7689,Gita Wijaya,19,College Student,Surabaya,2025-05-07
7690,Budi Ramadhan,29,Office Worker,Yogyakarta,2025-06-11
7691,Salsa Ramadhan,15,High School Student,Jakarta,2025-11-12
7692,Citra Saputra,30,Office Worker,Padang,2025-06-21
7693,Maya Putra,24,College Student,Surabaya,2026-02-03
7694,Dina Permata,24,College Student,Bandung,2025-11-27
7695,Gita Putra,32,Office Worker,Palembang,2025-12-25
7696,Lina Kurniawan,31,Office Worker,Palembang,2025-09-09
7697,Joko Putra,21,College Student,Jakarta,2025-01-09
7698,Vina Saputra,22,Office Worker,Makassar,2025-08-27
7699,Putri Nugraha,20,College Student,Surabaya,2025-02-04
7700,Salsa Permata,24,College Student,Makassar,2026-01-18
7701,Joko Ramadhan,32,Office Worker,Pekanbaru,2025-07-20
7702,Fajar Ramadhan,32,Office Worker,Palembang,2025-08-21
7703,Vina Wijaya,28,Office Worker,Makassar,2026-05-11
7704,Rian Saputra,20,College Student,Yogyakarta,2025-03-18
7705,Salsa Lestari,15,High School Student,Jakarta,2025-08-06
7706,Gita Ramadhan,17,High School Student,Jakarta,2026-01-09
7707,Oki Putra,18,College Student,Surabaya,2025-02-22
7708,Intan Nugraha,31,Office Worker,Padang,2025-09-15
7709,Karin Wijaya,18,College Student,Semarang,2025-05-12
7710,Vina Putra,33,Office Worker,Palembang,2026-01-30
7711,Citra Saputra,16,High School Student,Surabaya,2025-09-06
7712,Nanda Permata,22,College Student,Pekanbaru,2026-02-02
7713,Hadi Pratama,15,High School Student,Palembang,2025-03-10
7714,Hadi Nugraha,21,College Student,Padang,2026-02-27
7715,Lina Saputra,17,High School Student,Semarang,2025-12-06
7716,Rian Ramadhan,22,Office Worker,Padang,2026-01-09
7717,Nanda Kurniawan,15,High School Student,Padang,2025-10-01
7718,Intan Kurniawan,25,Office Worker,Makassar,2025-09-14
7719,Vina Ramadhan,24,College Student,Surabaya,2026-05-31
7720,Lina Lestari,35,Office Worker,Semarang,2025-09-25
7721,Eka Saputra,20,College Student,Surabaya,2025-12-23
7722,Gita Pratama,32,Office Worker,Surabaya,2025-11-04
7723,Fajar Nugraha,18,High School Student,Makassar,2026-06-11
7724,Hadi Kurniawan,31,Office Worker,Semarang,2026-05-06
7725,Gita Lestari,30,Office Worker,Makassar,2025-07-17
7726,Hadi Saputra,15,High School Student,Makassar,2025-12-17
7727,Salsa Putra,18,High School Student,Jakarta,2025-08-06
7728,Fajar Putra,21,College Student,Makassar,2025-01-08
7729,Nanda Kurniawan,24,Office Worker,Jakarta,2025-08-19
7730,Salsa Putra,24,College Student,Jakarta,2025-04-03
7731,Citra Pratama,18,College Student,Yogyakarta,2025-01-16
7732,Andi Pratama,15,High School Student,Surabaya,2025-07-15
7733,Andi Permata,15,High School Student,Makassar,2026-04-09
7734,Lina Permata,29,Office Worker,Pekanbaru,2025-07-24
7735,Joko Ramadhan,16,High School Student,Surabaya,2025-05-07
7736,Joko Wijaya,23,Office Worker,Jakarta,2025-06-09
7737,Oki Lestari,29,Office Worker,Medan,2026-05-16
7738,Karin Pratama,17,High School Student,Bandung,2026-04-11
7739,Nanda Ramadhan,35,Office Worker,Jakarta,2026-05-13
7740,Joko Pratama,17,High School Student,Palembang,2026-03-24
7741,Joko Nugraha,22,Office Worker,Makassar,2026-04-09
7742,Joko Permata,15,High School Student,Surabaya,2025-12-08
7743,Rian Kurniawan,28,Office Worker,Bandung,2026-05-23
7744,Oki Sari,18,College Student,Jakarta,2025-10-11
7745,Budi Permata,21,College Student,Bandung,2025-05-31
7746,Vina Putra,24,College Student,Bandung,2025-08-01
7747,Salsa Nugraha,17,High School Student,Surabaya,2025-11-18
7748,Hadi Ramadhan,28,Office Worker,Palembang,2025-07-07
7749,Vina Nugraha,23,College Student,Jakarta,2025-07-02
7750,Budi Nugraha,28,Office Worker,Jakarta,2026-01-19
7751,Citra Wijaya,17,High School Student,Makassar,2025-01-25
7752,Gita Wijaya,31,Office Worker,Yogyakarta,2026-06-21
7753,Dina Sari,15,High School Student,Bandung,2025-11-10
7754,Nanda Wijaya,23,College Student,Palembang,2025-02-07
7755,Salsa Lestari,18,High School Student,Pekanbaru,2025-10-29
7756,Gita Nugraha,24,Office Worker,Semarang,2026-01-04
7757,Andi Lestari,19,College Student,Yogyakarta,2025-04-10
7758,Tio Sari,22,Office Worker,Surabaya,2026-01-23
7759,Fajar Lestari,26,Office Worker,Palembang,2026-03-22
7760,Maya Ramadhan,17,High School Student,Yogyakarta,2026-04-15
7761,Maya Putra,22,Office Worker,Semarang,2025-02-24
7762,Maya Permata,16,High School Student,Makassar,2026-05-11
7763,Vina Wijaya,19,College Student,Padang,2025-05-07
7764,Rian Lestari,26,Office Worker,Yogyakarta,2025-11-17
7765,Citra Pratama,32,Office Worker,Makassar,2025-03-09
7766,Fajar Putra,24,Office Worker,Pekanbaru,2026-01-31
7767,Tio Permata,23,College Student,Jakarta,2025-06-02
7768,Lina Ramadhan,18,College Student,Yogyakarta,2025-05-29
7769,Budi Sari,16,High School Student,Yogyakarta,2026-02-07
7770,Putri Putra,23,Office Worker,Surabaya,2025-08-14
7771,Lina Pratama,19,College Student,Bandung,2025-11-06
7772,Intan Sari,34,Office Worker,Makassar,2026-02-23
7773,Eka Lestari,15,High School Student,Pekanbaru,2026-05-30
7774,Joko Kurniawan,20,College Student,Padang,2025-10-16
7775,Salsa Sari,23,College Student,Makassar,2025-07-20
7776,Salsa Lestari,16,High School Student,Medan,2026-06-03
7777,Intan Wijaya,24,College Student,Yogyakarta,2025-06-17
7778,Nanda Nugraha,22,Office Worker,Semarang,2025-12-03
7779,Putri Sari,33,Office Worker,Makassar,2025-10-22
7780,Citra Putra,18,College Student,Medan,2026-01-15
7781,Budi Putra,22,College Student,Makassar,2025-01-11
7782,Budi Sari,15,High School Student,Pekanbaru,2025-12-23
7783,Salsa Sari,23,Office Worker,Medan,2025-05-11
7784,Rian Ramadhan,16,High School Student,Surabaya,2025-07-24
7785,Joko Sari,29,Office Worker,Pekanbaru,2026-03-12
7786,Dina Pratama,24,College Student,Pekanbaru,2025-11-12
7787,Fajar Permata,20,College Student,Makassar,2025-11-10
7788,Tio Permata,35,Office Worker,Semarang,2026-05-01
7789,Salsa Saputra,18,High School Student,Yogyakarta,2025-04-21
7790,Tio Ramadhan,20,College Student,Yogyakarta,2025-10-17
7791,Lina Pratama,21,College Student,Bandung,2025-09-04
7792,Karin Wijaya,18,High School Student,Bandung,2026-02-16
7793,Dina Nugraha,19,College Student,Bandung,2026-03-26
7794,Tio Nugraha,31,Office Worker,Jakarta,2026-02-25
7795,Fajar Putra,29,Office Worker,Surabaya,2026-02-04
7796,Intan Lestari,15,High School Student,Palembang,2026-04-01
7797,Joko Lestari,34,Office Worker,Padang,2025-05-05
7798,Dina Saputra,18,High School Student,Palembang,2025-09-17
7799,Lina Kurniawan,16,High School Student,Surabaya,2026-06-19
7800,Karin Wijaya,22,College Student,Bandung,2025-03-21
7801,Karin Sari,16,High School Student,Bandung,2025-09-29
7802,Dina Pratama,15,High School Student,Palembang,2026-02-22
7803,Maya Permata,25,Office Worker,Jakarta,2026-02-06
7804,Fajar Sari,24,College Student,Surabaya,2025-02-22
7805,Hadi Lestari,17,High School Student,Bandung,2025-09-29
7806,Budi Kurniawan,16,High School Student,Palembang,2025-08-16
7807,Joko Wijaya,35,Office Worker,Palembang,2026-01-06
7808,Andi Saputra,22,Office Worker,Surabaya,2025-07-11
7809,Hadi Lestari,22,College Student,Jakarta,2025-01-23
7810,Karin Pratama,18,High School Student,Bandung,2025-12-02
7811,Gita Lestari,18,High School Student,Medan,2025-08-18
7812,Citra Sari,16,High School Student,Makassar,2026-06-14
7813,Fajar Wijaya,17,High School Student,Bandung,2026-05-03
7814,Hadi Pratama,24,College Student,Jakarta,2025-06-13
7815,Eka Putra,16,High School Student,Bandung,2026-02-27
7816,Tio Lestari,20,College Student,Semarang,2025-12-26
7817,Karin Ramadhan,19,College Student,Makassar,2025-06-18
7818,Karin Saputra,26,Office Worker,Jakarta,2026-05-28
7819,Intan Saputra,33,Office Worker,Semarang,2025-12-14
7820,Tio Lestari,24,College Student,Padang,2025-07-18
7821,Lina Kurniawan,24,College Student,Yogyakarta,2025-07-31
7822,Intan Sari,18,College Student,Medan,2025-06-01
7823,Joko Nugraha,18,College Student,Jakarta,2026-06-14
7824,Intan Sari,24,Office Worker,Semarang,2025-03-31
7825,Salsa Lestari,23,College Student,Yogyakarta,2025-01-14
7826,Rian Lestari,35,Office Worker,Makassar,2025-01-19
7827,Joko Permata,28,Office Worker,Pekanbaru,2025-03-23
7828,Joko Putra,23,College Student,Jakarta,2026-06-03
7829,Salsa Nugraha,18,College Student,Surabaya,2025-01-02
7830,Intan Ramadhan,18,High School Student,Yogyakarta,2025-09-20
7831,Putri Ramadhan,16,High School Student,Padang,2026-06-24
7832,Putri Nugraha,19,College Student,Semarang,2026-05-05
7833,Oki Wijaya,17,High School Student,Jakarta,2025-12-03
7834,Citra Nugraha,35,Office Worker,Jakarta,2025-10-13
7835,Vina Nugraha,18,High School Student,Semarang,2025-09-11
7836,Intan Nugraha,21,College Student,Bandung,2026-04-30
7837,Dina Permata,28,Office Worker,Surabaya,2025-07-20
7838,Rian Lestari,32,Office Worker,Palembang,2025-10-19
7839,Vina Permata,20,College Student,Jakarta,2025-10-05
7840,Vina Sari,29,Office Worker,Yogyakarta,2025-12-01
7841,Andi Sari,18,College Student,Jakarta,2026-02-15
7842,Budi Putra,21,College Student,Semarang,2025-07-29
7843,Andi Lestari,18,High School Student,Bandung,2025-01-10
7844,Citra Putra,19,College Student,Bandung,2025-08-28
7845,Hadi Nugraha,25,Office Worker,Yogyakarta,2025-06-19
7846,Eka Putra,23,Office Worker,Pekanbaru,2026-04-18
7847,Intan Pratama,23,Office Worker,Bandung,2026-04-17
7848,Eka Wijaya,21,College Student,Jakarta,2025-08-17
7849,Tio Saputra,17,High School Student,Makassar,2026-02-12
7850,Tio Sari,15,High School Student,Medan,2026-02-03
7851,Oki Putra,21,College Student,Surabaya,2025-07-22
7852,Hadi Pratama,23,Office Worker,Jakarta,2025-02-18
7853,Nanda Sari,28,Office Worker,Makassar,2025-04-05
7854,Salsa Lestari,24,College Student,Jakarta,2025-04-28
7855,Dina Nugraha,23,College Student,Surabaya,2025-03-15
7856,Andi Permata,20,College Student,Medan,2025-02-06
7857,Vina Kurniawan,20,College Student,Yogyakarta,2025-11-26
7858,Intan Lestari,18,High School Student,Surabaya,2026-03-02
7859,Rian Putra,18,High School Student,Padang,2025-07-06
7860,Vina Permata,15,High School Student,Medan,2026-01-19
7861,Eka Saputra,17,High School Student,Surabaya,2026-04-04
7862,Rian Nugraha,15,High School Student,Makassar,2025-11-05
7863,Gita Lestari,16,High School Student,Yogyakarta,2026-03-02
7864,Intan Saputra,33,Office Worker,Jakarta,2026-01-27
7865,Lina Putra,21,College Student,Pekanbaru,2025-11-27
7866,Salsa Nugraha,26,Office Worker,Yogyakarta,2026-02-12
7867,Gita Wijaya,17,High School Student,Pekanbaru,2025-11-03
7868,Salsa Ramadhan,19,College Student,Padang,2025-03-12
7869,Fajar Permata,20,College Student,Jakarta,2026-03-20
7870,Andi Nugraha,17,High School Student,Jakarta,2025-05-29
7871,Rian Putra,30,Office Worker,Bandung,2026-03-13
7872,Budi Kurniawan,17,High School Student,Padang,2025-09-19
7873,Intan Wijaya,22,Office Worker,Makassar,2025-12-23
7874,Fajar Kurniawan,25,Office Worker,Yogyakarta,2025-11-01
7875,Gita Permata,19,College Student,Jakarta,2026-06-27
7876,Citra Saputra,23,College Student,Semarang,2025-06-04
7877,Joko Lestari,30,Office Worker,Yogyakarta,2025-04-26
7878,Rian Lestari,20,College Student,Medan,2025-02-20
7879,Andi Permata,24,Office Worker,Surabaya,2025-03-13
7880,Vina Kurniawan,17,High School Student,Pekanbaru,2025-05-23
7881,Joko Pratama,18,High School Student,Padang,2025-06-16
7882,Putri Permata,22,College Student,Bandung,2025-03-11
7883,Citra Kurniawan,24,College Student,Surabaya,2026-05-11
7884,Maya Nugraha,35,Office Worker,Pekanbaru,2026-06-04
7885,Oki Kurniawan,15,High School Student,Pekanbaru,2025-06-12
7886,Joko Ramadhan,32,Office Worker,Padang,2025-10-14
7887,Karin Kurniawan,18,High School Student,Yogyakarta,2025-08-22
7888,Andi Permata,22,College Student,Jakarta,2025-12-10
7889,Dina Lestari,24,College Student,Surabaya,2025-09-10
7890,Joko Ramadhan,23,College Student,Semarang,2025-09-14
7891,Oki Pratama,16,High School Student,Palembang,2026-05-21
7892,Oki Wijaya,19,College Student,Makassar,2026-04-16
7893,Andi Ramadhan,34,Office Worker,Pekanbaru,2025-10-16
7894,Tio Permata,19,College Student,Palembang,2026-05-20
7895,Lina Kurniawan,20,College Student,Semarang,2026-06-07
7896,Budi Pratama,32,Office Worker,Jakarta,2025-03-25
7897,Fajar Pratama,32,Office Worker,Semarang,2025-12-11
7898,Andi Sari,21,College Student,Bandung,2026-01-14
7899,Budi Permata,22,College Student,Medan,2025-05-12
7900,Vina Saputra,30,Office Worker,Jakarta,2025-07-30
7901,Nanda Saputra,23,College Student,Yogyakarta,2025-03-18
7902,Hadi Permata,15,High School Student,Makassar,2025-05-20
7903,Andi Sari,20,College Student,Jakarta,2025-05-08
7904,Fajar Ramadhan,28,Office Worker,Palembang,2025-03-07
7905,Tio Lestari,18,High School Student,Makassar,2025-05-27
7906,Fajar Lestari,28,Office Worker,Palembang,2025-03-08
7907,Joko Kurniawan,15,High School Student,Yogyakarta,2026-04-17
7908,Tio Wijaya,31,Office Worker,Jakarta,2025-05-31
7909,Vina Wijaya,18,College Student,Bandung,2025-01-04
7910,Vina Ramadhan,24,College Student,Surabaya,2025-01-18
7911,Rian Saputra,32,Office Worker,Makassar,2026-06-08
7912,Joko Ramadhan,18,College Student,Yogyakarta,2025-09-13
7913,Maya Ramadhan,18,College Student,Makassar,2026-05-24
7914,Lina Pratama,16,High School Student,Padang,2025-02-04
7915,Hadi Lestari,15,High School Student,Semarang,2026-05-22
7916,Eka Permata,17,High School Student,Semarang,2025-11-19
7917,Fajar Nugraha,27,Office Worker,Pekanbaru,2026-03-29
7918,Nanda Lestari,18,High School Student,Yogyakarta,2025-12-25
7919,Karin Wijaya,17,High School Student,Jakarta,2025-02-21
7920,Hadi Nugraha,21,College Student,Jakarta,2026-06-13
7921,Eka Permata,28,Office Worker,Surabaya,2025-02-02
7922,Joko Putra,33,Office Worker,Jakarta,2025-11-24
7923,Intan Pratama,17,High School Student,Jakarta,2026-03-12
7924,Eka Permata,18,High School Student,Medan,2026-02-23
7925,Tio Lestari,30,Office Worker,Bandung,2025-03-18
7926,Budi Nugraha,22,College Student,Yogyakarta,2025-02-19
7927,Salsa Sari,24,Office Worker,Pekanbaru,2026-03-18
7928,Fajar Lestari,33,Office Worker,Surabaya,2025-07-17
7929,Oki Sari,29,Office Worker,Bandung,2026-04-08
7930,Intan Saputra,18,High School Student,Pekanbaru,2026-01-12
7931,Gita Saputra,34,Office Worker,Medan,2026-06-30
7932,Putri Lestari,25,Office Worker,Jakarta,2026-03-12
7933,Budi Permata,24,College Student,Palembang,2025-09-29
7934,Budi Pratama,21,College Student,Padang,2025-06-04
7935,Fajar Lestari,22,College Student,Bandung,2025-11-17
7936,Nanda Nugraha,18,High School Student,Bandung,2025-09-26
7937,Lina Wijaya,18,College Student,Medan,2025-06-09
7938,Karin Pratama,18,College Student,Yogyakarta,2025-11-19
7939,Hadi Ramadhan,23,College Student,Medan,2025-01-14
7940,Fajar Permata,18,College Student,Yogyakarta,2026-01-11
7941,Putri Saputra,19,College Student,Medan,2025-04-30
7942,Lina Permata,27,Office Worker,Yogyakarta,2025-11-10
7943,Budi Sari,33,Office Worker,Makassar,2025-12-14
7944,Intan Saputra,16,High School Student,Jakarta,2025-02-15
7945,Intan Kurniawan,20,College Student,Jakarta,2025-12-12
7946,Hadi Pratama,15,High School Student,Jakarta,2026-04-14
7947,Eka Lestari,32,Office Worker,Jakarta,2026-01-17
7948,Maya Permata,23,Office Worker,Medan,2026-01-06
7949,Maya Putra,29,Office Worker,Yogyakarta,2026-04-04
7950,Putri Putra,18,College Student,Makassar,2025-08-07
7951,Salsa Wijaya,28,Office Worker,Medan,2025-05-01
7952,Oki Lestari,18,High School Student,Semarang,2025-10-16
7953,Dina Ramadhan,35,Office Worker,Palembang,2026-05-27
7954,Hadi Putra,18,High School Student,Surabaya,2025-12-04
7955,Gita Saputra,33,Office Worker,Semarang,2026-01-16
7956,Salsa Wijaya,18,College Student,Pekanbaru,2026-05-21
7957,Dina Pratama,25,Office Worker,Semarang,2026-01-23
7958,Eka Sari,34,Office Worker,Jakarta,2025-01-04
7959,Karin Nugraha,17,High School Student,Surabaya,2025-07-20
7960,Karin Lestari,15,High School Student,Palembang,2025-07-21
7961,Gita Pratama,26,Office Worker,Jakarta,2025-09-13
7962,Andi Nugraha,20,College Student,Yogyakarta,2025-07-18
7963,Nanda Saputra,18,High School Student,Jakarta,2025-03-14
7964,Intan Saputra,18,College Student,Surabaya,2025-08-07
7965,Lina Kurniawan,22,College Student,Bandung,2026-03-09
7966,Joko Saputra,16,High School Student,Jakarta,2026-02-11
7967,Oki Permata,22,College Student,Bandung,2025-04-03
7968,Tio Ramadhan,16,High School Student,Makassar,2025-03-21
7969,Dina Kurniawan,20,College Student,Jakarta,2025-07-27
7970,Intan Lestari,31,Office Worker,Jakarta,2025-04-02
7971,Nanda Kurniawan,28,Office Worker,Semarang,2026-06-16
7972,Citra Wijaya,30,Office Worker,Surabaya,2025-02-22
7973,Vina Kurniawan,15,High School Student,Bandung,2025-03-24
7974,Nanda Ramadhan,35,Office Worker,Padang,2025-03-15
7975,Putri Kurniawan,24,College Student,Bandung,2026-02-14
7976,Eka Kurniawan,15,High School Student,Surabaya,2026-03-20
7977,Dina Permata,31,Office Worker,Semarang,2025-05-10
7978,Vina Sari,35,Office Worker,Jakarta,2025-07-03
7979,Dina Pratama,31,Office Worker,Makassar,2025-12-31
7980,Intan Permata,26,Office Worker,Jakarta,2025-07-15
7981,Citra Wijaya,17,High School Student,Yogyakarta,2025-01-15
7982,Intan Putra,15,High School Student,Semarang,2025-07-29
7983,Gita Sari,33,Office Worker,Bandung,2025-05-15
7984,Dina Wijaya,18,High School Student,Jakarta,2026-01-19
7985,Lina Permata,22,College Student,Yogyakarta,2026-04-20
7986,Fajar Permata,24,Office Worker,Palembang,2026-05-19
7987,Dina Saputra,27,Office Worker,Bandung,2026-04-22
7988,Oki Sari,21,College Student,Jakarta,2025-10-24
7989,Fajar Saputra,29,Office Worker,Makassar,2026-01-17
7990,Eka Permata,34,Office Worker,Medan,2026-03-20
7991,Karin Kurniawan,29,Office Worker,Jakarta,2025-05-03
7992,Citra Saputra,18,High School Student,Makassar,2025-10-16
7993,Intan Putra,19,College Student,Surabaya,2025-07-29
7994,Joko Wijaya,23,College Student,Medan,2026-05-09
7995,Rian Pratama,17,High School Student,Semarang,2026-01-25
7996,Tio Permata,21,College Student,Yogyakarta,2025-03-04
7997,Budi Putra,17,High School Student,Jakarta,2026-02-13
7998,Nanda Wijaya,20,College Student,Makassar,2026-06-04
7999,Vina Ramadhan,35,Office Worker,Makassar,2025-09-02
8000,Maya Ramadhan,16,High School Student,Bandung,2025-06-14
8001,Maya Saputra,30,Office Worker,Padang,2025-04-03
8002,Vina Nugraha,23,Office Worker,Yogyakarta,2025-10-11
8003,Gita Sari,17,High School Student,Padang,2025-05-04
8004,Putri Ramadhan,24,Office Worker,Padang,2025-07-09
8005,Fajar Ramadhan,24,College Student,Palembang,2025-11-13
8006,Dina Wijaya,20,College Student,Yogyakarta,2025-07-16
8007,Andi Wijaya,23,Office Worker,Palembang,2025-10-12
8008,Tio Kurniawan,20,College Student,Palembang,2025-04-19
8009,Nanda Wijaya,30,Office Worker,Surabaya,2025-07-28
8010,Tio Lestari,18,High School Student,Palembang,2025-04-25
8011,Maya Ramadhan,23,Office Worker,Jakarta,2026-05-21
8012,Putri Putra,20,College Student,Medan,2025-11-27
8013,Putri Lestari,34,Office Worker,Jakarta,2025-07-23
8014,Intan Kurniawan,18,High School Student,Padang,2025-11-11
8015,Citra Sari,35,Office Worker,Bandung,2025-09-22
8016,Vina Saputra,31,Office Worker,Padang,2025-10-16
8017,Budi Pratama,22,College Student,Yogyakarta,2026-04-26
8018,Lina Nugraha,27,Office Worker,Medan,2025-01-06
8019,Joko Kurniawan,22,College Student,Bandung,2025-05-21
8020,Salsa Lestari,24,Office Worker,Bandung,2025-10-09
8021,Dina Putra,19,College Student,Makassar,2025-10-17
8022,Dina Nugraha,29,Office Worker,Yogyakarta,2025-07-24
8023,Hadi Sari,29,Office Worker,Jakarta,2025-11-28
8024,Maya Putra,24,College Student,Makassar,2026-02-07
8025,Gita Putra,17,High School Student,Jakarta,2025-08-21
8026,Eka Lestari,23,College Student,Palembang,2025-02-01
8027,Salsa Sari,22,Office Worker,Pekanbaru,2025-07-11
8028,Tio Lestari,15,High School Student,Jakarta,2026-02-11
8029,Karin Putra,18,College Student,Bandung,2025-10-25
8030,Fajar Permata,27,Office Worker,Yogyakarta,2025-02-04
8031,Budi Sari,20,College Student,Surabaya,2025-08-08
8032,Rian Sari,28,Office Worker,Padang,2025-11-28
8033,Maya Lestari,17,High School Student,Semarang,2025-02-21
8034,Maya Lestari,17,High School Student,Jakarta,2025-01-17
8035,Gita Lestari,33,Office Worker,Yogyakarta,2025-01-09
8036,Putri Wijaya,15,High School Student,Jakarta,2025-06-29
8037,Dina Permata,21,College Student,Bandung,2025-01-03
8038,Dina Kurniawan,23,Office Worker,Yogyakarta,2025-10-05
8039,Fajar Lestari,22,College Student,Makassar,2025-06-16
8040,Dina Sari,30,Office Worker,Yogyakarta,2025-09-08
8041,Lina Lestari,25,Office Worker,Bandung,2025-10-01
8042,Lina Kurniawan,23,College Student,Makassar,2025-01-27
8043,Tio Wijaya,16,High School Student,Medan,2025-04-28
8044,Andi Permata,34,Office Worker,Surabaya,2025-12-18
8045,Maya Putra,24,College Student,Yogyakarta,2025-07-14
8046,Nanda Saputra,16,High School Student,Jakarta,2025-09-30
8047,Hadi Pratama,29,Office Worker,Pekanbaru,2025-11-13
8048,Lina Pratama,16,High School Student,Makassar,2026-02-06
8049,Gita Lestari,30,Office Worker,Jakarta,2026-06-13
8050,Citra Putra,17,High School Student,Pekanbaru,2025-02-17
8051,Putri Kurniawan,16,High School Student,Jakarta,2025-01-16
8052,Andi Pratama,15,High School Student,Makassar,2026-04-15
8053,Fajar Pratama,23,Office Worker,Pekanbaru,2025-10-10
8054,Oki Ramadhan,32,Office Worker,Bandung,2025-01-14
8055,Maya Ramadhan,26,Office Worker,Surabaya,2025-12-14
8056,Dina Pratama,22,College Student,Padang,2026-01-02
8057,Joko Kurniawan,24,College Student,Semarang,2025-08-16
8058,Dina Permata,15,High School Student,Padang,2026-01-08
8059,Putri Kurniawan,24,College Student,Jakarta,2026-06-25
8060,Dina Lestari,22,College Student,Semarang,2026-06-24
8061,Vina Putra,32,Office Worker,Jakarta,2026-02-09
8062,Dina Kurniawan,23,College Student,Yogyakarta,2026-02-12
8063,Karin Putra,27,Office Worker,Surabaya,2025-03-01
8064,Eka Kurniawan,16,High School Student,Palembang,2025-02-21
8065,Hadi Lestari,30,Office Worker,Surabaya,2025-05-30
8066,Dina Permata,17,High School Student,Palembang,2025-06-21
8067,Andi Permata,20,College Student,Makassar,2025-11-14
8068,Maya Putra,19,College Student,Semarang,2026-05-04
8069,Eka Ramadhan,21,College Student,Palembang,2025-05-04
8070,Vina Nugraha,23,College Student,Semarang,2025-10-05
8071,Joko Putra,21,College Student,Padang,2025-07-31
8072,Lina Kurniawan,19,College Student,Bandung,2026-03-03
8073,Citra Lestari,24,Office Worker,Yogyakarta,2026-04-04
8074,Dina Pratama,23,Office Worker,Palembang,2026-06-17
8075,Vina Ramadhan,34,Office Worker,Surabaya,2025-10-19
8076,Maya Lestari,16,High School Student,Bandung,2025-05-22
8077,Fajar Wijaya,23,Office Worker,Padang,2026-01-23
8078,Nanda Sari,24,College Student,Bandung,2025-06-27
8079,Citra Ramadhan,22,College Student,Yogyakarta,2025-03-26
8080,Maya Lestari,24,College Student,Yogyakarta,2025-07-24
8081,Putri Pratama,21,College Student,Surabaya,2025-12-01
8082,Oki Putra,18,High School Student,Jakarta,2026-01-24
8083,Gita Kurniawan,15,High School Student,Jakarta,2025-06-15
8084,Oki Wijaya,18,High School Student,Bandung,2026-06-20
8085,Salsa Kurniawan,22,Office Worker,Jakarta,2026-06-14
8086,Andi Lestari,23,Office Worker,Yogyakarta,2025-08-10
8087,Gita Lestari,23,Office Worker,Medan,2025-11-24
8088,Andi Ramadhan,25,Office Worker,Surabaya,2026-02-18
8089,Andi Permata,17,High School Student,Bandung,2025-05-13
8090,Budi Wijaya,24,Office Worker,Yogyakarta,2025-06-28
8091,Dina Ramadhan,26,Office Worker,Yogyakarta,2025-10-16
8092,Lina Kurniawan,20,College Student,Surabaya,2025-12-15
8093,Dina Ramadhan,18,College Student,Jakarta,2025-10-14
8094,Lina Sari,26,Office Worker,Makassar,2025-12-30
8095,Vina Ramadhan,18,College Student,Surabaya,2025-03-24
8096,Citra Nugraha,22,Office Worker,Yogyakarta,2025-08-25
8097,Lina Lestari,15,High School Student,Medan,2026-03-14
8098,Vina Sari,16,High School Student,Yogyakarta,2025-08-27
8099,Gita Ramadhan,22,College Student,Padang,2026-03-21
8100,Lina Saputra,22,College Student,Makassar,2025-03-07
8101,Nanda Sari,35,Office Worker,Yogyakarta,2025-04-24
8102,Putri Putra,33,Office Worker,Bandung,2025-07-08
8103,Gita Permata,23,College Student,Medan,2025-10-03
8104,Vina Nugraha,18,High School Student,Jakarta,2025-10-29
8105,Nanda Kurniawan,23,Office Worker,Makassar,2026-06-30
8106,Eka Saputra,24,Office Worker,Jakarta,2026-04-25
8107,Eka Wijaya,17,High School Student,Jakarta,2026-03-02
8108,Joko Putra,18,College Student,Padang,2025-01-17
8109,Joko Saputra,26,Office Worker,Palembang,2025-02-16
8110,Nanda Permata,26,Office Worker,Bandung,2025-01-30
8111,Lina Permata,18,College Student,Pekanbaru,2026-01-27
8112,Nanda Nugraha,19,College Student,Makassar,2025-02-09
8113,Putri Permata,24,Office Worker,Palembang,2025-10-11
8114,Citra Pratama,35,Office Worker,Medan,2025-02-28
8115,Dina Kurniawan,21,College Student,Jakarta,2025-11-26
8116,Andi Sari,24,College Student,Jakarta,2025-09-20
8117,Citra Putra,23,Office Worker,Padang,2025-11-20
8118,Fajar Pratama,18,High School Student,Medan,2025-01-24
8119,Oki Lestari,15,High School Student,Padang,2025-12-20
8120,Lina Putra,24,College Student,Padang,2025-02-23
8121,Putri Wijaya,18,College Student,Surabaya,2025-11-01
8122,Dina Sari,24,Office Worker,Semarang,2025-11-15
8123,Oki Ramadhan,17,High School Student,Bandung,2025-02-14
8124,Nanda Sari,30,Office Worker,Yogyakarta,2025-12-28
8125,Maya Kurniawan,22,College Student,Jakarta,2026-04-06
8126,Salsa Wijaya,18,High School Student,Medan,2025-01-07
8127,Vina Ramadhan,15,High School Student,Bandung,2025-09-16
8128,Eka Ramadhan,35,Office Worker,Palembang,2025-03-29
8129,Budi Ramadhan,28,Office Worker,Medan,2025-07-08
8130,Rian Putra,17,High School Student,Surabaya,2026-03-31
8131,Vina Putra,29,Office Worker,Medan,2026-06-26
8132,Maya Permata,24,Office Worker,Medan,2026-06-01
8133,Karin Putra,22,Office Worker,Yogyakarta,2025-12-26
8134,Eka Saputra,20,College Student,Jakarta,2026-01-04
8135,Dina Wijaya,30,Office Worker,Yogyakarta,2025-07-19
8136,Budi Wijaya,15,High School Student,Palembang,2025-01-07
8137,Putri Permata,20,College Student,Surabaya,2026-01-21
8138,Intan Ramadhan,27,Office Worker,Makassar,2026-01-31
8139,Oki Nugraha,18,College Student,Jakarta,2026-06-24
8140,Intan Putra,23,College Student,Surabaya,2025-05-27
8141,Fajar Wijaya,16,High School Student,Surabaya,2025-10-11
8142,Maya Lestari,25,Office Worker,Palembang,2025-04-09
8143,Oki Putra,23,Office Worker,Makassar,2026-05-22
8144,Fajar Lestari,21,College Student,Pekanbaru,2026-04-19
8145,Vina Lestari,23,Office Worker,Yogyakarta,2025-05-27
8146,Putri Sari,18,High School Student,Makassar,2026-05-18
8147,Gita Putra,18,College Student,Medan,2025-02-19
8148,Salsa Ramadhan,32,Office Worker,Medan,2026-06-06
8149,Tio Putra,20,College Student,Bandung,2025-08-13
8150,Vina Permata,22,College Student,Palembang,2025-03-23
8151,Salsa Ramadhan,21,College Student,Jakarta,2025-07-01
8152,Andi Putra,26,Office Worker,Palembang,2026-06-06
8153,Tio Pratama,16,High School Student,Makassar,2025-12-26
8154,Joko Pratama,27,Office Worker,Yogyakarta,2025-08-23
8155,Andi Nugraha,26,Office Worker,Palembang,2025-11-22
8156,Eka Pratama,18,High School Student,Yogyakarta,2026-04-12
8157,Vina Kurniawan,32,Office Worker,Semarang,2026-03-23
8158,Putri Putra,21,College Student,Padang,2026-06-30
8159,Nanda Pratama,23,College Student,Padang,2025-02-12
8160,Dina Sari,30,Office Worker,Jakarta,2026-01-17
8161,Rian Putra,26,Office Worker,Medan,2025-05-13
8162,Putri Saputra,15,High School Student,Padang,2026-02-07
8163,Oki Permata,23,College Student,Medan,2026-01-05
8164,Andi Nugraha,21,College Student,Yogyakarta,2025-02-23
8165,Intan Sari,22,College Student,Jakarta,2025-06-08
8166,Citra Permata,20,College Student,Yogyakarta,2025-05-18
8167,Nanda Ramadhan,15,High School Student,Semarang,2026-06-17
8168,Maya Permata,33,Office Worker,Makassar,2025-09-11
8169,Tio Saputra,23,College Student,Surabaya,2025-10-29
8170,Joko Kurniawan,17,High School Student,Jakarta,2025-03-15
8171,Tio Sari,32,Office Worker,Semarang,2026-06-16
8172,Oki Pratama,26,Office Worker,Pekanbaru,2025-10-04
8173,Putri Pratama,21,College Student,Semarang,2026-02-25
8174,Putri Saputra,22,College Student,Makassar,2025-02-26
8175,Rian Permata,28,Office Worker,Jakarta,2025-03-10
8176,Budi Pratama,18,College Student,Medan,2025-07-17
8177,Rian Saputra,18,High School Student,Jakarta,2025-06-01
8178,Budi Saputra,35,Office Worker,Yogyakarta,2025-07-07
8179,Hadi Nugraha,17,High School Student,Jakarta,2025-02-16
8180,Lina Putra,18,High School Student,Jakarta,2026-05-15
8181,Lina Saputra,15,High School Student,Bandung,2025-08-31
8182,Nanda Sari,17,High School Student,Yogyakarta,2025-06-29
8183,Lina Putra,15,High School Student,Palembang,2025-05-21
8184,Intan Putra,22,Office Worker,Surabaya,2026-05-14
8185,Vina Lestari,19,College Student,Jakarta,2025-01-08
8186,Gita Kurniawan,15,High School Student,Surabaya,2025-04-12
8187,Intan Permata,15,High School Student,Semarang,2025-06-09
8188,Fajar Wijaya,26,Office Worker,Surabaya,2026-04-15
8189,Budi Wijaya,23,College Student,Medan,2025-01-05
8190,Vina Permata,18,College Student,Palembang,2026-01-14
8191,Budi Lestari,34,Office Worker,Makassar,2026-01-16
8192,Lina Pratama,22,College Student,Bandung,2025-10-31
8193,Nanda Permata,24,College Student,Medan,2025-06-05
8194,Karin Sari,16,High School Student,Surabaya,2025-10-27
8195,Maya Sari,24,College Student,Medan,2025-09-29
8196,Karin Permata,23,College Student,Semarang,2025-05-03
8197,Vina Kurniawan,35,Office Worker,Padang,2026-05-26
8198,Karin Nugraha,24,College Student,Yogyakarta,2025-10-06
8199,Intan Kurniawan,23,College Student,Pekanbaru,2026-01-02
8200,Dina Saputra,16,High School Student,Surabaya,2026-06-17
8201,Budi Kurniawan,18,High School Student,Yogyakarta,2025-05-03
8202,Intan Wijaya,20,College Student,Medan,2026-01-21
8203,Oki Nugraha,26,Office Worker,Padang,2026-02-01
8204,Salsa Saputra,21,College Student,Makassar,2025-10-28
8205,Lina Pratama,35,Office Worker,Yogyakarta,2026-01-29
8206,Budi Sari,20,College Student,Yogyakarta,2025-08-04
8207,Rian Pratama,16,High School Student,Pekanbaru,2025-01-01
8208,Intan Saputra,18,High School Student,Surabaya,2025-05-24
8209,Oki Permata,20,College Student,Makassar,2025-09-07
8210,Karin Wijaya,18,High School Student,Bandung,2025-06-20
8211,Nanda Permata,18,High School Student,Yogyakarta,2025-05-14
8212,Karin Sari,22,Office Worker,Makassar,2025-03-17
8213,Budi Saputra,16,High School Student,Yogyakarta,2026-04-25
8214,Intan Ramadhan,22,College Student,Jakarta,2025-09-24
8215,Dina Putra,18,College Student,Yogyakarta,2026-04-11
8216,Salsa Saputra,24,College Student,Palembang,2026-03-26
8217,Karin Pratama,21,College Student,Semarang,2025-04-06
8218,Gita Putra,19,College Student,Yogyakarta,2025-10-03
8219,Joko Putra,19,College Student,Padang,2025-11-08
8220,Citra Sari,23,Office Worker,Bandung,2025-12-13
8221,Rian Wijaya,33,Office Worker,Pekanbaru,2025-09-24
8222,Intan Nugraha,16,High School Student,Jakarta,2025-10-01
8223,Putri Nugraha,16,High School Student,Palembang,2025-04-08
8224,Intan Kurniawan,28,Office Worker,Padang,2025-11-11
8225,Fajar Nugraha,23,College Student,Padang,2025-05-14
8226,Joko Saputra,18,College Student,Jakarta,2025-04-04
8227,Karin Putra,22,College Student,Jakarta,2025-06-29
8228,Oki Sari,18,High School Student,Palembang,2025-09-13
8229,Nanda Putra,19,College Student,Palembang,2025-01-17
8230,Tio Wijaya,24,College Student,Padang,2025-05-21
8231,Salsa Pratama,17,High School Student,Yogyakarta,2026-01-25
8232,Citra Wijaya,19,College Student,Pekanbaru,2025-02-17
8233,Gita Lestari,30,Office Worker,Yogyakarta,2025-09-19
8234,Rian Putra,23,College Student,Bandung,2025-09-10
8235,Rian Wijaya,18,High School Student,Bandung,2026-05-28
8236,Dina Putra,19,College Student,Bandung,2025-06-05
8237,Maya Pratama,23,Office Worker,Jakarta,2025-07-29
8238,Salsa Nugraha,33,Office Worker,Makassar,2025-11-20
8239,Fajar Nugraha,24,Office Worker,Makassar,2025-02-10
8240,Tio Lestari,17,High School Student,Yogyakarta,2025-12-28
8241,Rian Saputra,30,Office Worker,Medan,2026-01-07
8242,Karin Kurniawan,29,Office Worker,Surabaya,2026-02-20
8243,Vina Putra,15,High School Student,Yogyakarta,2026-01-12
8244,Gita Pratama,23,College Student,Padang,2025-11-09
8245,Eka Ramadhan,18,College Student,Makassar,2025-10-05
8246,Nanda Putra,35,Office Worker,Bandung,2025-11-18
8247,Maya Putra,18,High School Student,Surabaya,2025-02-03
8248,Lina Kurniawan,21,College Student,Makassar,2025-04-24
8249,Intan Permata,25,Office Worker,Makassar,2025-01-02
8250,Tio Pratama,34,Office Worker,Makassar,2025-02-05
8251,Maya Ramadhan,27,Office Worker,Medan,2025-01-08
8252,Andi Kurniawan,33,Office Worker,Yogyakarta,2025-06-10
8253,Rian Wijaya,18,High School Student,Bandung,2026-03-28
8254,Rian Saputra,27,Office Worker,Bandung,2026-06-14
8255,Gita Pratama,24,College Student,Pekanbaru,2025-03-24
8256,Oki Permata,29,Office Worker,Yogyakarta,2025-01-10
8257,Fajar Nugraha,24,College Student,Jakarta,2026-03-10
8258,Maya Sari,22,Office Worker,Pekanbaru,2025-08-21
8259,Maya Permata,34,Office Worker,Palembang,2025-08-10
8260,Andi Saputra,32,Office Worker,Pekanbaru,2025-11-17
8261,Fajar Lestari,16,High School Student,Bandung,2025-10-09
8262,Karin Saputra,16,High School Student,Jakarta,2025-04-30
8263,Maya Nugraha,34,Office Worker,Makassar,2025-03-04
8264,Lina Permata,16,High School Student,Pekanbaru,2026-06-27
8265,Gita Permata,35,Office Worker,Yogyakarta,2025-06-18
8266,Gita Putra,16,High School Student,Surabaya,2025-09-30
8267,Gita Saputra,32,Office Worker,Jakarta,2026-01-04
8268,Karin Pratama,24,College Student,Bandung,2026-04-17
8269,Maya Sari,23,Office Worker,Jakarta,2025-10-22
8270,Lina Pratama,26,Office Worker,Jakarta,2025-03-15
8271,Hadi Wijaya,23,College Student,Bandung,2026-04-04
8272,Gita Wijaya,18,High School Student,Palembang,2026-06-22
8273,Vina Putra,15,High School Student,Yogyakarta,2025-07-26
8274,Nanda Saputra,20,College Student,Yogyakarta,2025-06-14
8275,Fajar Lestari,23,College Student,Makassar,2025-05-04
8276,Intan Lestari,31,Office Worker,Palembang,2025-09-30
8277,Oki Wijaya,18,College Student,Jakarta,2026-01-17
8278,Oki Ramadhan,22,College Student,Surabaya,2026-04-19
8279,Lina Kurniawan,23,College Student,Jakarta,2025-12-20
8280,Putri Ramadhan,16,High School Student,Yogyakarta,2025-04-07
8281,Vina Nugraha,18,College Student,Jakarta,2025-03-23
8282,Joko Wijaya,25,Office Worker,Jakarta,2026-06-21
8283,Lina Kurniawan,32,Office Worker,Jakarta,2025-12-27
8284,Andi Putra,22,College Student,Makassar,2025-03-02
8285,Putri Lestari,19,College Student,Yogyakarta,2025-04-04
8286,Intan Saputra,28,Office Worker,Surabaya,2025-12-31
8287,Andi Lestari,21,College Student,Surabaya,2025-10-23
8288,Gita Lestari,17,High School Student,Jakarta,2025-06-19
8289,Lina Kurniawan,17,High School Student,Jakarta,2025-10-26
8290,Eka Permata,24,College Student,Surabaya,2025-11-13
8291,Vina Putra,29,Office Worker,Surabaya,2025-09-21
8292,Putri Pratama,25,Office Worker,Palembang,2026-04-25
8293,Rian Putra,16,High School Student,Surabaya,2025-09-18
8294,Oki Saputra,17,High School Student,Makassar,2026-06-30
8295,Fajar Saputra,26,Office Worker,Surabaya,2026-06-05
8296,Eka Wijaya,22,Office Worker,Makassar,2025-02-12
8297,Gita Kurniawan,34,Office Worker,Semarang,2025-04-06
8298,Budi Sari,29,Office Worker,Makassar,2026-01-29
8299,Nanda Lestari,16,High School Student,Semarang,2026-06-08
8300,Oki Permata,29,Office Worker,Pekanbaru,2025-12-21
8301,Dina Lestari,24,Office Worker,Padang,2026-02-06
8302,Maya Kurniawan,18,College Student,Bandung,2026-04-16
8303,Lina Lestari,25,Office Worker,Bandung,2025-10-14
8304,Intan Nugraha,15,High School Student,Bandung,2025-10-10
8305,Gita Kurniawan,18,High School Student,Surabaya,2026-06-17
8306,Lina Sari,15,High School Student,Jakarta,2025-09-26
8307,Hadi Sari,17,High School Student,Surabaya,2025-10-08
8308,Karin Permata,18,College Student,Yogyakarta,2025-03-18
8309,Salsa Wijaya,20,College Student,Yogyakarta,2025-12-21
8310,Gita Kurniawan,24,College Student,Palembang,2025-09-12
8311,Salsa Sari,24,College Student,Bandung,2026-03-01
8312,Vina Sari,23,College Student,Bandung,2025-01-04
8313,Eka Sari,16,High School Student,Bandung,2025-03-25
8314,Fajar Saputra,28,Office Worker,Padang,2025-08-02
8315,Gita Nugraha,24,College Student,Makassar,2025-02-26
8316,Intan Pratama,19,College Student,Jakarta,2025-06-03
8317,Rian Saputra,35,Office Worker,Padang,2026-02-05
8318,Oki Kurniawan,32,Office Worker,Semarang,2026-06-04
8319,Lina Sari,23,Office Worker,Bandung,2026-06-06
8320,Rian Sari,21,College Student,Makassar,2025-09-27
8321,Gita Nugraha,18,High School Student,Surabaya,2026-06-23
8322,Joko Saputra,33,Office Worker,Makassar,2026-05-27
8323,Budi Saputra,18,High School Student,Pekanbaru,2026-06-01
8324,Eka Putra,21,College Student,Jakarta,2026-02-16
8325,Fajar Kurniawan,15,High School Student,Surabaya,2025-12-08
8326,Fajar Nugraha,32,Office Worker,Jakarta,2025-05-20
8327,Rian Putra,16,High School Student,Surabaya,2025-09-21
8328,Citra Saputra,33,Office Worker,Makassar,2026-03-25
8329,Karin Saputra,34,Office Worker,Yogyakarta,2025-08-15
8330,Nanda Pratama,23,College Student,Palembang,2025-03-01
8331,Oki Saputra,34,Office Worker,Padang,2025-03-21
8332,Salsa Pratama,34,Office Worker,Surabaya,2025-02-24
8333,Andi Permata,24,Office Worker,Bandung,2026-03-03
8334,Putri Permata,21,College Student,Jakarta,2026-06-06
8335,Fajar Kurniawan,34,Office Worker,Jakarta,2025-08-14
8336,Putri Permata,24,College Student,Surabaya,2025-04-26
8337,Fajar Lestari,34,Office Worker,Padang,2025-12-06
8338,Andi Sari,21,College Student,Bandung,2025-04-17
8339,Karin Pratama,20,College Student,Makassar,2026-06-03
8340,Hadi Nugraha,34,Office Worker,Jakarta,2026-06-17
8341,Maya Kurniawan,23,Office Worker,Jakarta,2025-11-27
8342,Hadi Wijaya,18,College Student,Semarang,2025-04-11
8343,Rian Wijaya,18,High School Student,Semarang,2025-08-03
8344,Salsa Saputra,23,College Student,Makassar,2025-08-11
8345,Dina Saputra,30,Office Worker,Padang,2025-07-29
8346,Eka Pratama,30,Office Worker,Jakarta,2025-12-10
8347,Gita Pratama,32,Office Worker,Makassar,2026-03-04
8348,Lina Wijaya,18,High School Student,Makassar,2025-03-06
8349,Intan Sari,22,College Student,Makassar,2025-09-11
8350,Oki Permata,22,Office Worker,Yogyakarta,2026-06-02
8351,Fajar Ramadhan,30,Office Worker,Jakarta,2025-10-21
8352,Oki Wijaya,18,High School Student,Yogyakarta,2025-08-09
8353,Budi Nugraha,27,Office Worker,Makassar,2026-03-03
8354,Hadi Wijaya,21,College Student,Pekanbaru,2025-11-09
8355,Putri Wijaya,17,High School Student,Yogyakarta,2026-04-09
8356,Putri Ramadhan,24,College Student,Palembang,2025-09-09
8357,Andi Saputra,22,College Student,Bandung,2025-04-22
8358,Hadi Nugraha,22,College Student,Pekanbaru,2025-10-18
8359,Lina Saputra,16,High School Student,Makassar,2025-10-07
8360,Eka Kurniawan,18,High School Student,Padang,2025-10-21
8361,Maya Nugraha,34,Office Worker,Pekanbaru,2026-05-30
8362,Lina Kurniawan,17,High School Student,Padang,2025-06-28
8363,Joko Wijaya,17,High School Student,Bandung,2025-07-08
8364,Joko Lestari,19,College Student,Palembang,2025-06-17
8365,Dina Nugraha,23,College Student,Padang,2025-02-23
8366,Hadi Ramadhan,32,Office Worker,Bandung,2025-11-12
8367,Dina Nugraha,21,College Student,Makassar,2025-09-28
8368,Eka Saputra,35,Office Worker,Makassar,2026-03-06
8369,Citra Sari,22,Office Worker,Jakarta,2025-07-02
8370,Lina Wijaya,18,High School Student,Palembang,2025-09-17
8371,Rian Wijaya,15,High School Student,Medan,2025-01-24
8372,Karin Ramadhan,19,College Student,Padang,2025-04-04
8373,Karin Permata,24,College Student,Surabaya,2025-09-13
8374,Rian Ramadhan,23,Office Worker,Medan,2025-08-02
8375,Andi Putra,20,College Student,Surabaya,2026-05-11
8376,Citra Wijaya,23,College Student,Jakarta,2025-02-09
8377,Nanda Pratama,16,High School Student,Surabaya,2026-04-08
8378,Tio Sari,16,High School Student,Palembang,2026-03-12
8379,Karin Putra,22,College Student,Jakarta,2025-07-30
8380,Tio Nugraha,22,College Student,Surabaya,2025-05-03
8381,Andi Kurniawan,24,College Student,Jakarta,2026-04-04
8382,Joko Saputra,16,High School Student,Surabaya,2025-10-13
8383,Joko Pratama,34,Office Worker,Jakarta,2025-10-03
8384,Maya Permata,35,Office Worker,Surabaya,2025-09-01
8385,Lina Putra,24,College Student,Yogyakarta,2025-05-23
8386,Putri Wijaya,22,College Student,Palembang,2025-11-16
8387,Lina Ramadhan,30,Office Worker,Semarang,2026-01-10
8388,Putri Kurniawan,23,College Student,Padang,2026-03-09
8389,Joko Nugraha,24,College Student,Makassar,2025-05-02
8390,Tio Putra,18,High School Student,Pekanbaru,2025-08-23
8391,Dina Lestari,29,Office Worker,Jakarta,2026-03-05
8392,Gita Lestari,15,High School Student,Makassar,2025-05-06
8393,Eka Pratama,26,Office Worker,Jakarta,2026-06-28
8394,Citra Saputra,35,Office Worker,Makassar,2025-07-22
8395,Tio Kurniawan,32,Office Worker,Medan,2025-09-30
8396,Budi Lestari,25,Office Worker,Jakarta,2025-06-23
8397,Andi Saputra,24,College Student,Yogyakarta,2025-08-26
8398,Budi Nugraha,21,College Student,Jakarta,2026-04-07
8399,Rian Lestari,29,Office Worker,Jakarta,2025-04-20
8400,Budi Ramadhan,33,Office Worker,Medan,2026-02-16
8401,Salsa Lestari,19,College Student,Palembang,2025-03-12
8402,Lina Pratama,30,Office Worker,Jakarta,2025-12-23
8403,Nanda Ramadhan,18,College Student,Palembang,2026-02-27
8404,Tio Putra,20,College Student,Yogyakarta,2025-08-29
8405,Citra Kurniawan,21,College Student,Jakarta,2025-05-07
8406,Hadi Nugraha,18,High School Student,Palembang,2026-03-02
8407,Lina Pratama,15,High School Student,Makassar,2026-06-14
8408,Putri Lestari,17,High School Student,Makassar,2025-03-16
8409,Lina Sari,23,College Student,Jakarta,2025-10-05
8410,Rian Lestari,19,College Student,Semarang,2026-05-09
8411,Intan Sari,19,College Student,Yogyakarta,2026-01-23
8412,Dina Permata,32,Office Worker,Makassar,2026-06-20
8413,Oki Lestari,18,College Student,Surabaya,2026-04-07
8414,Fajar Wijaya,21,College Student,Bandung,2025-11-04
8415,Oki Ramadhan,16,High School Student,Jakarta,2025-05-03
8416,Karin Saputra,17,High School Student,Surabaya,2025-10-14
8417,Budi Pratama,23,Office Worker,Jakarta,2025-02-22
8418,Karin Nugraha,19,College Student,Yogyakarta,2026-03-21
8419,Fajar Wijaya,31,Office Worker,Jakarta,2025-05-01
8420,Vina Nugraha,18,High School Student,Yogyakarta,2026-02-23
8421,Vina Kurniawan,21,College Student,Jakarta,2025-03-17
8422,Tio Nugraha,21,College Student,Padang,2025-03-25
8423,Lina Sari,15,High School Student,Surabaya,2025-11-03
8424,Nanda Ramadhan,15,High School Student,Palembang,2026-03-21
8425,Intan Sari,17,High School Student,Padang,2025-12-03
8426,Karin Permata,19,College Student,Pekanbaru,2026-01-16
8427,Karin Lestari,16,High School Student,Jakarta,2026-06-01
8428,Intan Ramadhan,34,Office Worker,Jakarta,2025-04-11
8429,Rian Kurniawan,19,College Student,Padang,2025-04-10
8430,Fajar Ramadhan,17,High School Student,Bandung,2025-06-22
8431,Dina Permata,16,High School Student,Jakarta,2026-03-08
8432,Karin Wijaya,21,College Student,Bandung,2025-04-18
8433,Salsa Nugraha,18,High School Student,Yogyakarta,2025-01-28
8434,Putri Kurniawan,22,Office Worker,Pekanbaru,2025-09-22
8435,Lina Kurniawan,28,Office Worker,Jakarta,2025-11-11
8436,Gita Permata,17,High School Student,Jakarta,2025-02-07
8437,Vina Lestari,19,College Student,Surabaya,2025-06-02
8438,Karin Sari,17,High School Student,Surabaya,2025-11-24
8439,Tio Wijaya,31,Office Worker,Semarang,2025-02-17
8440,Karin Ramadhan,19,College Student,Makassar,2025-01-06
8441,Hadi Pratama,18,College Student,Surabaya,2026-02-18
8442,Hadi Nugraha,17,High School Student,Semarang,2025-03-02
8443,Joko Saputra,29,Office Worker,Palembang,2026-03-11
8444,Dina Ramadhan,19,College Student,Medan,2025-12-05
8445,Budi Permata,16,High School Student,Jakarta,2025-09-26
8446,Joko Nugraha,35,Office Worker,Medan,2025-01-08
8447,Budi Ramadhan,24,College Student,Surabaya,2026-04-30
8448,Nanda Nugraha,28,Office Worker,Pekanbaru,2025-11-25
8449,Budi Saputra,17,High School Student,Jakarta,2026-02-04
8450,Intan Wijaya,27,Office Worker,Semarang,2026-02-04
8451,Oki Sari,33,Office Worker,Yogyakarta,2026-01-30
8452,Citra Ramadhan,18,High School Student,Surabaya,2025-12-04
8453,Tio Pratama,32,Office Worker,Jakarta,2026-02-23
8454,Fajar Wijaya,19,College Student,Palembang,2025-07-29
8455,Rian Nugraha,28,Office Worker,Makassar,2025-12-29
8456,Hadi Putra,17,High School Student,Semarang,2025-06-20
8457,Tio Putra,35,Office Worker,Jakarta,2025-04-11
8458,Vina Putra,20,College Student,Surabaya,2026-02-18
8459,Citra Wijaya,35,Office Worker,Makassar,2025-11-19
8460,Andi Putra,24,College Student,Palembang,2025-01-29
8461,Intan Ramadhan,33,Office Worker,Jakarta,2025-01-05
8462,Lina Saputra,24,Office Worker,Semarang,2026-06-01
8463,Rian Putra,24,College Student,Surabaya,2025-03-26
8464,Vina Sari,26,Office Worker,Padang,2025-08-28
8465,Nanda Lestari,29,Office Worker,Medan,2025-02-18
8466,Oki Permata,23,College Student,Semarang,2025-01-26
8467,Rian Putra,22,College Student,Bandung,2026-02-18
8468,Nanda Kurniawan,21,College Student,Surabaya,2025-04-08
8469,Oki Kurniawan,24,College Student,Semarang,2026-02-16
8470,Karin Permata,17,High School Student,Semarang,2025-09-27
8471,Putri Kurniawan,16,High School Student,Bandung,2025-10-01
8472,Vina Saputra,23,College Student,Surabaya,2025-11-09
8473,Joko Wijaya,19,College Student,Jakarta,2025-08-24
8474,Salsa Pratama,18,High School Student,Padang,2025-07-28
8475,Dina Sari,31,Office Worker,Bandung,2025-01-25
8476,Gita Lestari,35,Office Worker,Jakarta,2025-06-30
8477,Andi Kurniawan,15,High School Student,Medan,2025-09-03
8478,Hadi Lestari,27,Office Worker,Makassar,2026-03-17
8479,Rian Putra,35,Office Worker,Makassar,2026-04-13
8480,Eka Pratama,26,Office Worker,Surabaya,2025-08-15
8481,Oki Permata,15,High School Student,Medan,2025-10-08
8482,Gita Nugraha,15,High School Student,Bandung,2026-05-29
8483,Citra Permata,30,Office Worker,Jakarta,2025-07-31
8484,Salsa Putra,35,Office Worker,Semarang,2025-02-05
8485,Budi Ramadhan,25,Office Worker,Yogyakarta,2025-08-28
8486,Gita Sari,22,Office Worker,Makassar,2025-12-30
8487,Maya Pratama,17,High School Student,Makassar,2026-03-07
8488,Hadi Kurniawan,19,College Student,Makassar,2025-04-01
8489,Maya Putra,18,High School Student,Jakarta,2025-07-06
8490,Vina Putra,17,High School Student,Makassar,2025-09-17
8491,Tio Pratama,27,Office Worker,Surabaya,2025-12-16
8492,Maya Putra,16,High School Student,Makassar,2025-02-15
8493,Oki Ramadhan,20,College Student,Medan,2025-08-15
8494,Citra Putra,34,Office Worker,Medan,2025-04-29
8495,Intan Sari,15,High School Student,Jakarta,2025-08-26
8496,Karin Lestari,32,Office Worker,Jakarta,2025-04-11
8497,Citra Wijaya,29,Office Worker,Palembang,2025-11-30
8498,Budi Pratama,22,College Student,Makassar,2026-05-22
8499,Budi Nugraha,16,High School Student,Bandung,2025-01-01
8500,Putri Pratama,19,College Student,Jakarta,2025-05-20
8501,Joko Permata,23,College Student,Bandung,2025-10-03
8502,Karin Lestari,22,College Student,Bandung,2026-01-02
8503,Rian Lestari,18,College Student,Bandung,2026-06-02
8504,Lina Nugraha,32,Office Worker,Jakarta,2025-10-04
8505,Joko Permata,16,High School Student,Bandung,2025-10-28
8506,Citra Kurniawan,29,Office Worker,Makassar,2025-03-11
8507,Fajar Pratama,17,High School Student,Makassar,2026-03-04
8508,Nanda Putra,22,College Student,Surabaya,2025-07-06
8509,Joko Saputra,34,Office Worker,Makassar,2025-06-07
8510,Maya Kurniawan,19,College Student,Bandung,2025-11-27
8511,Tio Permata,16,High School Student,Semarang,2025-09-14
8512,Citra Ramadhan,30,Office Worker,Palembang,2026-02-13
8513,Intan Lestari,26,Office Worker,Jakarta,2026-04-09
8514,Intan Pratama,29,Office Worker,Surabaya,2025-03-24
8515,Joko Ramadhan,22,College Student,Makassar,2025-01-14
8516,Putri Pratama,21,College Student,Jakarta,2025-05-11
8517,Karin Permata,35,Office Worker,Jakarta,2025-07-15
8518,Gita Permata,30,Office Worker,Makassar,2025-07-31
8519,Joko Nugraha,19,College Student,Jakarta,2025-07-26
8520,Nanda Kurniawan,28,Office Worker,Medan,2025-05-15
8521,Rian Permata,19,College Student,Makassar,2025-04-18
8522,Maya Saputra,20,College Student,Makassar,2025-06-14
8523,Intan Wijaya,16,High School Student,Makassar,2025-06-03
8524,Dina Permata,19,College Student,Padang,2025-12-13
8525,Hadi Saputra,22,College Student,Jakarta,2025-01-25
8526,Eka Saputra,16,High School Student,Yogyakarta,2025-12-16
8527,Intan Kurniawan,22,College Student,Semarang,2026-03-31
8528,Nanda Pratama,34,Office Worker,Pekanbaru,2025-08-06
8529,Vina Permata,30,Office Worker,Makassar,2025-09-03
8530,Rian Lestari,23,Office Worker,Makassar,2025-11-09
8531,Budi Ramadhan,30,Office Worker,Semarang,2026-04-05
8532,Tio Kurniawan,17,High School Student,Jakarta,2026-06-02
8533,Tio Wijaya,24,College Student,Jakarta,2025-09-13
8534,Intan Wijaya,35,Office Worker,Medan,2026-04-12
8535,Fajar Ramadhan,22,College Student,Bandung,2026-05-21
8536,Rian Sari,24,College Student,Jakarta,2025-07-28
8537,Intan Kurniawan,16,High School Student,Palembang,2026-02-11
8538,Salsa Pratama,23,Office Worker,Semarang,2025-03-22
8539,Vina Putra,23,College Student,Semarang,2025-11-26
8540,Intan Pratama,35,Office Worker,Jakarta,2025-04-17
8541,Intan Permata,19,College Student,Surabaya,2026-03-14
8542,Karin Permata,22,Office Worker,Jakarta,2025-01-14
8543,Dina Permata,30,Office Worker,Palembang,2026-06-27
8544,Salsa Kurniawan,34,Office Worker,Pekanbaru,2026-02-06
8545,Intan Pratama,22,College Student,Padang,2026-05-25
8546,Citra Permata,19,College Student,Bandung,2026-03-07
8547,Andi Wijaya,31,Office Worker,Bandung,2025-04-04
8548,Nanda Sari,21,College Student,Makassar,2025-03-23
8549,Maya Pratama,21,College Student,Jakarta,2025-09-06
8550,Oki Kurniawan,17,High School Student,Palembang,2025-08-29
8551,Vina Sari,29,Office Worker,Jakarta,2025-06-14
8552,Putri Permata,17,High School Student,Jakarta,2026-04-18
8553,Andi Permata,26,Office Worker,Bandung,2025-10-13
8554,Oki Wijaya,23,College Student,Makassar,2025-01-30
8555,Fajar Ramadhan,24,College Student,Jakarta,2026-04-04
8556,Andi Saputra,24,Office Worker,Makassar,2025-10-31
8557,Maya Saputra,17,High School Student,Yogyakarta,2026-04-04
8558,Joko Permata,20,College Student,Palembang,2025-01-15
8559,Karin Saputra,30,Office Worker,Medan,2025-10-27
8560,Lina Pratama,35,Office Worker,Makassar,2026-02-11
8561,Citra Nugraha,18,High School Student,Padang,2025-02-17
8562,Andi Pratama,22,Office Worker,Surabaya,2025-04-24
8563,Fajar Wijaya,29,Office Worker,Pekanbaru,2026-03-31
8564,Dina Ramadhan,33,Office Worker,Bandung,2026-06-10
8565,Maya Lestari,20,College Student,Bandung,2025-12-14
8566,Lina Kurniawan,24,College Student,Makassar,2025-06-20
8567,Hadi Permata,25,Office Worker,Yogyakarta,2026-03-05
8568,Gita Nugraha,27,Office Worker,Padang,2026-02-10
8569,Gita Sari,23,College Student,Medan,2026-01-15
8570,Nanda Lestari,22,College Student,Yogyakarta,2025-03-02
8571,Salsa Sari,19,College Student,Pekanbaru,2026-06-14
8572,Tio Putra,18,College Student,Medan,2025-07-20
8573,Vina Lestari,22,College Student,Padang,2025-02-26
8574,Tio Kurniawan,24,College Student,Bandung,2025-03-26
8575,Salsa Ramadhan,34,Office Worker,Bandung,2025-04-16
8576,Putri Wijaya,17,High School Student,Makassar,2025-01-14
8577,Budi Permata,22,Office Worker,Makassar,2026-06-17
8578,Karin Wijaya,15,High School Student,Medan,2025-02-14
8579,Salsa Ramadhan,23,College Student,Padang,2026-06-30
8580,Karin Wijaya,16,High School Student,Yogyakarta,2026-01-08
8581,Dina Ramadhan,20,College Student,Semarang,2025-03-12
8582,Lina Nugraha,25,Office Worker,Jakarta,2025-08-19
8583,Dina Permata,27,Office Worker,Surabaya,2026-06-08
8584,Budi Lestari,15,High School Student,Bandung,2025-05-03
8585,Putri Permata,20,College Student,Makassar,2025-03-10
8586,Hadi Nugraha,24,College Student,Semarang,2025-04-21
8587,Nanda Lestari,24,Office Worker,Jakarta,2025-09-03
8588,Joko Putra,34,Office Worker,Makassar,2026-01-08
8589,Fajar Lestari,23,College Student,Makassar,2025-04-08
8590,Dina Lestari,34,Office Worker,Surabaya,2025-11-18
8591,Intan Lestari,23,Office Worker,Palembang,2026-05-24
8592,Eka Lestari,16,High School Student,Semarang,2026-01-11
8593,Putri Ramadhan,21,College Student,Semarang,2025-05-20
8594,Gita Pratama,28,Office Worker,Semarang,2026-01-16
8595,Intan Putra,26,Office Worker,Pekanbaru,2026-02-07
8596,Putri Nugraha,23,College Student,Makassar,2025-10-30
8597,Citra Nugraha,18,College Student,Padang,2025-06-15
8598,Maya Saputra,19,College Student,Jakarta,2025-09-23
8599,Putri Kurniawan,24,College Student,Jakarta,2025-12-21
8600,Nanda Saputra,28,Office Worker,Jakarta,2025-02-24
8601,Hadi Wijaya,21,College Student,Medan,2025-08-17
8602,Vina Saputra,35,Office Worker,Bandung,2025-08-12
8603,Intan Ramadhan,30,Office Worker,Makassar,2025-07-18
8604,Intan Putra,16,High School Student,Yogyakarta,2025-09-10
8605,Eka Ramadhan,18,College Student,Yogyakarta,2025-06-04
8606,Eka Pratama,21,College Student,Yogyakarta,2025-11-28
8607,Salsa Sari,23,Office Worker,Bandung,2026-02-12
8608,Hadi Pratama,17,High School Student,Medan,2026-05-19
8609,Karin Wijaya,22,Office Worker,Surabaya,2026-03-18
8610,Hadi Putra,32,Office Worker,Jakarta,2025-09-13
8611,Citra Ramadhan,21,College Student,Makassar,2026-02-20
8612,Joko Wijaya,25,Office Worker,Palembang,2026-02-04
8613,Nanda Saputra,34,Office Worker,Jakarta,2025-03-31
8614,Citra Permata,16,High School Student,Bandung,2025-05-21
8615,Nanda Lestari,17,High School Student,Medan,2025-01-06
8616,Nanda Pratama,24,Office Worker,Jakarta,2025-12-06
8617,Putri Kurniawan,26,Office Worker,Bandung,2025-08-07
8618,Fajar Saputra,15,High School Student,Semarang,2025-09-28
8619,Putri Wijaya,15,High School Student,Makassar,2025-03-04
8620,Putri Nugraha,18,High School Student,Makassar,2026-06-17
8621,Lina Ramadhan,29,Office Worker,Padang,2026-05-28
8622,Budi Nugraha,17,High School Student,Surabaya,2025-09-12
8623,Karin Sari,19,College Student,Makassar,2025-05-06
8624,Vina Wijaya,22,Office Worker,Yogyakarta,2026-03-27
8625,Hadi Saputra,18,High School Student,Pekanbaru,2026-02-10
8626,Eka Lestari,27,Office Worker,Yogyakarta,2025-12-24
8627,Oki Nugraha,22,College Student,Medan,2025-03-29
8628,Rian Sari,31,Office Worker,Jakarta,2026-01-26
8629,Dina Lestari,18,College Student,Makassar,2026-01-04
8630,Lina Saputra,35,Office Worker,Padang,2026-03-23
8631,Hadi Permata,32,Office Worker,Semarang,2025-11-16
8632,Rian Putra,15,High School Student,Surabaya,2025-09-30
8633,Maya Sari,15,High School Student,Jakarta,2026-06-06
8634,Citra Wijaya,20,College Student,Bandung,2025-01-16
8635,Gita Saputra,18,College Student,Jakarta,2026-01-03
8636,Gita Ramadhan,34,Office Worker,Jakarta,2025-09-08
8637,Budi Sari,33,Office Worker,Bandung,2025-12-26
8638,Budi Sari,24,College Student,Pekanbaru,2025-08-19
8639,Nanda Putra,25,Office Worker,Makassar,2025-09-10
8640,Hadi Nugraha,28,Office Worker,Yogyakarta,2026-01-28
8641,Gita Putra,35,Office Worker,Jakarta,2026-06-01
8642,Dina Saputra,20,College Student,Yogyakarta,2026-06-03
8643,Maya Pratama,24,College Student,Padang,2026-04-29
8644,Lina Saputra,21,College Student,Palembang,2025-03-06
8645,Joko Sari,22,College Student,Jakarta,2025-08-07
8646,Lina Lestari,20,College Student,Surabaya,2025-07-27
8647,Maya Pratama,18,College Student,Makassar,2025-06-25
8648,Gita Nugraha,17,High School Student,Medan,2026-03-01
8649,Putri Wijaya,28,Office Worker,Jakarta,2025-01-10
8650,Karin Saputra,16,High School Student,Surabaya,2025-10-16
8651,Gita Kurniawan,17,High School Student,Bandung,2025-01-16
8652,Intan Lestari,24,College Student,Semarang,2025-11-24
8653,Joko Putra,15,High School Student,Makassar,2026-06-29
8654,Salsa Pratama,22,College Student,Semarang,2025-07-02
8655,Budi Permata,23,College Student,Yogyakarta,2025-04-12
8656,Dina Saputra,20,College Student,Yogyakarta,2025-11-28
8657,Dina Sari,18,College Student,Jakarta,2025-03-20
8658,Fajar Lestari,17,High School Student,Jakarta,2025-01-17
8659,Dina Saputra,18,High School Student,Medan,2026-01-05
8660,Eka Wijaya,33,Office Worker,Jakarta,2025-01-21
8661,Tio Permata,19,College Student,Semarang,2026-02-09
8662,Karin Nugraha,22,College Student,Jakarta,2025-01-17
8663,Budi Ramadhan,15,High School Student,Medan,2026-03-08
8664,Oki Ramadhan,19,College Student,Surabaya,2026-02-24
8665,Hadi Saputra,24,College Student,Pekanbaru,2025-01-28
8666,Hadi Putra,22,College Student,Palembang,2025-01-25
8667,Vina Sari,34,Office Worker,Makassar,2025-07-20
8668,Oki Sari,16,High School Student,Bandung,2025-10-30
8669,Rian Pratama,21,College Student,Palembang,2025-10-06
8670,Andi Wijaya,27,Office Worker,Jakarta,2025-03-16
8671,Oki Nugraha,35,Office Worker,Jakarta,2025-03-06
8672,Eka Permata,17,High School Student,Jakarta,2025-09-12
8673,Nanda Permata,20,College Student,Medan,2025-09-29
8674,Gita Ramadhan,17,High School Student,Pekanbaru,2026-06-09
8675,Oki Ramadhan,16,High School Student,Jakarta,2025-12-02
8676,Joko Sari,21,College Student,Surabaya,2025-07-27
8677,Joko Lestari,18,High School Student,Jakarta,2025-02-04
8678,Eka Ramadhan,34,Office Worker,Palembang,2025-04-24
8679,Andi Wijaya,24,College Student,Palembang,2025-02-01
8680,Hadi Wijaya,18,High School Student,Yogyakarta,2025-06-05
8681,Rian Wijaya,18,High School Student,Pekanbaru,2026-05-19
8682,Putri Permata,29,Office Worker,Palembang,2025-12-19
8683,Hadi Kurniawan,18,High School Student,Bandung,2025-10-30
8684,Dina Sari,23,Office Worker,Jakarta,2025-04-28
8685,Andi Kurniawan,20,College Student,Semarang,2025-02-04
8686,Dina Kurniawan,21,College Student,Palembang,2025-11-16
8687,Citra Nugraha,21,College Student,Makassar,2025-08-06
8688,Andi Wijaya,18,High School Student,Makassar,2025-09-25
8689,Eka Ramadhan,15,High School Student,Yogyakarta,2025-02-13
8690,Rian Wijaya,18,High School Student,Makassar,2025-06-23
8691,Rian Nugraha,21,College Student,Palembang,2025-07-17
8692,Vina Kurniawan,26,Office Worker,Jakarta,2025-10-29
8693,Fajar Nugraha,23,College Student,Jakarta,2025-04-09
8694,Maya Lestari,15,High School Student,Yogyakarta,2026-02-09
8695,Karin Sari,21,College Student,Bandung,2025-10-31
8696,Andi Pratama,35,Office Worker,Jakarta,2025-05-27
8697,Fajar Wijaya,25,Office Worker,Medan,2026-01-23
8698,Putri Kurniawan,19,College Student,Surabaya,2026-06-28
8699,Karin Sari,19,College Student,Pekanbaru,2025-12-12
8700,Budi Wijaya,23,College Student,Palembang,2025-06-05
8701,Hadi Pratama,29,Office Worker,Semarang,2026-03-18
8702,Oki Nugraha,30,Office Worker,Pekanbaru,2025-07-21
8703,Joko Pratama,22,College Student,Surabaya,2025-05-22
8704,Lina Kurniawan,15,High School Student,Jakarta,2025-04-14
8705,Eka Ramadhan,18,College Student,Makassar,2025-08-03
8706,Oki Wijaya,19,College Student,Surabaya,2025-11-05
8707,Tio Sari,23,Office Worker,Padang,2025-04-18
8708,Gita Sari,22,College Student,Pekanbaru,2026-04-05
8709,Budi Saputra,17,High School Student,Surabaya,2026-06-21
8710,Lina Nugraha,28,Office Worker,Surabaya,2025-08-17
8711,Dina Sari,25,Office Worker,Bandung,2025-07-27
8712,Putri Wijaya,22,College Student,Bandung,2026-06-05
8713,Budi Pratama,25,Office Worker,Jakarta,2026-02-09
8714,Intan Permata,23,College Student,Makassar,2025-06-30
8715,Hadi Sari,35,Office Worker,Pekanbaru,2025-06-05
8716,Nanda Pratama,32,Office Worker,Jakarta,2026-01-22
8717,Joko Sari,24,College Student,Pekanbaru,2025-04-12
8718,Salsa Wijaya,31,Office Worker,Bandung,2025-04-26
8719,Nanda Pratama,24,Office Worker,Surabaya,2026-04-16
8720,Tio Ramadhan,20,College Student,Yogyakarta,2025-01-04
8721,Maya Sari,19,College Student,Makassar,2025-07-17
8722,Citra Saputra,24,Office Worker,Semarang,2025-07-23
8723,Intan Sari,18,High School Student,Makassar,2026-01-31
8724,Nanda Nugraha,24,College Student,Makassar,2026-01-13
8725,Vina Permata,22,Office Worker,Pekanbaru,2026-04-19
8726,Andi Permata,25,Office Worker,Makassar,2026-01-26
8727,Gita Nugraha,24,College Student,Pekanbaru,2026-03-12
8728,Dina Wijaya,18,High School Student,Jakarta,2025-03-04
8729,Fajar Permata,22,College Student,Yogyakarta,2025-06-24
8730,Salsa Nugraha,19,College Student,Jakarta,2025-02-05
8731,Vina Nugraha,15,High School Student,Surabaya,2025-01-14
8732,Vina Ramadhan,27,Office Worker,Surabaya,2025-06-14
8733,Dina Pratama,22,College Student,Yogyakarta,2025-06-30
8734,Oki Saputra,22,College Student,Jakarta,2026-02-16
8735,Fajar Putra,22,College Student,Medan,2025-07-12
8736,Vina Ramadhan,24,Office Worker,Medan,2025-10-30
8737,Tio Kurniawan,20,College Student,Pekanbaru,2025-09-03
8738,Hadi Pratama,17,High School Student,Surabaya,2026-02-12
8739,Budi Lestari,17,High School Student,Pekanbaru,2025-01-14
8740,Citra Wijaya,20,College Student,Makassar,2026-03-07
8741,Joko Kurniawan,18,College Student,Jakarta,2025-03-20
8742,Nanda Wijaya,20,College Student,Yogyakarta,2025-01-01
8743,Karin Nugraha,19,College Student,Surabaya,2026-04-11
8744,Fajar Wijaya,15,High School Student,Medan,2026-05-26
8745,Nanda Lestari,18,College Student,Semarang,2026-05-10
8746,Hadi Saputra,23,College Student,Makassar,2025-04-25
8747,Salsa Kurniawan,17,High School Student,Jakarta,2025-10-01
8748,Dina Wijaya,16,High School Student,Palembang,2026-03-23
8749,Budi Putra,15,High School Student,Jakarta,2025-11-02
8750,Dina Saputra,15,High School Student,Padang,2025-11-20
8751,Karin Kurniawan,26,Office Worker,Semarang,2026-02-02
8752,Hadi Nugraha,16,High School Student,Jakarta,2026-01-26
8753,Hadi Nugraha,24,College Student,Yogyakarta,2025-11-08
8754,Maya Sari,15,High School Student,Surabaya,2025-01-14
8755,Eka Permata,33,Office Worker,Palembang,2025-06-19
8756,Putri Nugraha,22,Office Worker,Palembang,2025-04-19
8757,Tio Permata,17,High School Student,Palembang,2025-02-12
8758,Karin Saputra,23,College Student,Jakarta,2025-12-24
8759,Maya Kurniawan,15,High School Student,Jakarta,2026-04-20
8760,Putri Sari,22,College Student,Yogyakarta,2025-03-16
8761,Putri Nugraha,15,High School Student,Makassar,2025-11-03
8762,Oki Sari,31,Office Worker,Pekanbaru,2026-05-20
8763,Salsa Permata,19,College Student,Pekanbaru,2025-03-21
8764,Budi Putra,24,Office Worker,Semarang,2026-05-09
8765,Joko Lestari,18,High School Student,Medan,2025-09-16
8766,Karin Nugraha,23,Office Worker,Surabaya,2026-05-19
8767,Hadi Pratama,22,Office Worker,Yogyakarta,2025-11-24
8768,Fajar Saputra,17,High School Student,Jakarta,2025-04-21
8769,Rian Sari,23,College Student,Makassar,2026-05-29
8770,Nanda Permata,17,High School Student,Medan,2026-06-25
8771,Rian Lestari,24,College Student,Padang,2025-09-04
8772,Karin Ramadhan,21,College Student,Palembang,2025-08-09
8773,Joko Ramadhan,24,College Student,Bandung,2025-11-11
8774,Putri Wijaya,18,College Student,Pekanbaru,2026-01-30
8775,Putri Ramadhan,26,Office Worker,Semarang,2026-04-25
8776,Intan Ramadhan,16,High School Student,Jakarta,2025-01-24
8777,Andi Lestari,30,Office Worker,Padang,2025-08-29
8778,Hadi Sari,18,High School Student,Surabaya,2025-12-18
8779,Nanda Putra,32,Office Worker,Pekanbaru,2025-12-19
8780,Karin Putra,24,College Student,Jakarta,2025-12-16
8781,Intan Wijaya,15,High School Student,Semarang,2025-04-04
8782,Gita Ramadhan,29,Office Worker,Jakarta,2025-11-23
8783,Salsa Nugraha,20,College Student,Semarang,2025-02-22
8784,Tio Nugraha,34,Office Worker,Yogyakarta,2026-01-05
8785,Intan Putra,21,College Student,Semarang,2025-04-04
8786,Hadi Ramadhan,21,College Student,Yogyakarta,2026-03-21
8787,Fajar Ramadhan,24,College Student,Surabaya,2025-10-17
8788,Karin Kurniawan,31,Office Worker,Makassar,2025-12-24
8789,Joko Pratama,16,High School Student,Jakarta,2025-03-02
8790,Putri Lestari,33,Office Worker,Padang,2026-04-24
8791,Hadi Pratama,29,Office Worker,Bandung,2025-09-09
8792,Karin Ramadhan,15,High School Student,Semarang,2025-06-30
8793,Budi Pratama,18,High School Student,Yogyakarta,2025-05-28
8794,Vina Ramadhan,30,Office Worker,Yogyakarta,2025-02-15
8795,Eka Sari,18,College Student,Bandung,2025-04-28
8796,Intan Nugraha,22,College Student,Bandung,2025-04-03
8797,Salsa Putra,18,High School Student,Palembang,2026-06-27
8798,Tio Kurniawan,21,College Student,Makassar,2025-08-01
8799,Nanda Nugraha,15,High School Student,Bandung,2025-06-03
8800,Rian Permata,24,College Student,Makassar,2026-04-24
8801,Rian Putra,29,Office Worker,Pekanbaru,2026-03-23
8802,Intan Ramadhan,19,College Student,Semarang,2025-10-05
8803,Maya Nugraha,24,College Student,Medan,2025-11-09
8804,Nanda Sari,31,Office Worker,Yogyakarta,2026-03-17
8805,Eka Wijaya,33,Office Worker,Makassar,2025-06-03
8806,Intan Lestari,28,Office Worker,Jakarta,2025-06-04
8807,Andi Pratama,21,College Student,Surabaya,2026-06-21
8808,Joko Permata,24,Office Worker,Yogyakarta,2026-02-05
8809,Budi Sari,18,High School Student,Jakarta,2025-11-10
8810,Budi Sari,17,High School Student,Medan,2025-01-23
8811,Karin Putra,18,High School Student,Jakarta,2025-11-02
8812,Citra Kurniawan,18,College Student,Palembang,2026-02-04
8813,Putri Lestari,35,Office Worker,Bandung,2025-12-18
8814,Putri Lestari,22,College Student,Surabaya,2025-07-30
8815,Fajar Permata,29,Office Worker,Padang,2025-04-06
8816,Vina Permata,33,Office Worker,Bandung,2026-03-09
8817,Karin Putra,21,College Student,Palembang,2025-12-26
8818,Vina Pratama,18,College Student,Jakarta,2025-02-18
8819,Fajar Putra,20,College Student,Yogyakarta,2025-08-09
8820,Nanda Wijaya,23,College Student,Padang,2025-01-06
8821,Budi Ramadhan,18,High School Student,Pekanbaru,2025-02-24
8822,Andi Nugraha,33,Office Worker,Palembang,2025-01-15
8823,Fajar Putra,16,High School Student,Jakarta,2026-06-07
8824,Gita Ramadhan,16,High School Student,Semarang,2026-01-18
8825,Salsa Putra,23,Office Worker,Makassar,2025-06-16
8826,Tio Putra,22,College Student,Padang,2026-01-11
8827,Eka Wijaya,34,Office Worker,Surabaya,2025-03-15
8828,Intan Kurniawan,23,College Student,Yogyakarta,2025-07-04
8829,Lina Sari,21,College Student,Semarang,2025-03-29
8830,Maya Putra,21,College Student,Palembang,2025-12-22
8831,Maya Nugraha,21,College Student,Makassar,2025-03-06
8832,Eka Saputra,22,College Student,Pekanbaru,2025-09-30
8833,Tio Putra,27,Office Worker,Bandung,2025-07-10
8834,Nanda Ramadhan,21,College Student,Jakarta,2025-02-07
8835,Gita Ramadhan,22,Office Worker,Medan,2026-01-09
8836,Putri Permata,17,High School Student,Palembang,2026-01-15
8837,Gita Permata,24,College Student,Jakarta,2025-02-06
8838,Gita Nugraha,19,College Student,Jakarta,2025-09-09
8839,Budi Sari,23,Office Worker,Makassar,2025-05-15
8840,Hadi Lestari,18,High School Student,Surabaya,2025-01-11
8841,Budi Ramadhan,18,College Student,Medan,2025-07-21
8842,Dina Nugraha,25,Office Worker,Jakarta,2025-11-30
8843,Andi Ramadhan,16,High School Student,Surabaya,2026-02-23
8844,Lina Putra,35,Office Worker,Medan,2025-08-26
8845,Salsa Pratama,15,High School Student,Makassar,2026-02-24
8846,Intan Saputra,25,Office Worker,Yogyakarta,2026-03-30
8847,Salsa Nugraha,35,Office Worker,Jakarta,2025-11-04
8848,Putri Kurniawan,25,Office Worker,Pekanbaru,2025-06-19
8849,Citra Putra,19,College Student,Semarang,2025-05-29
8850,Nanda Pratama,17,High School Student,Bandung,2026-05-16
8851,Intan Kurniawan,28,Office Worker,Surabaya,2026-05-28
8852,Vina Putra,24,College Student,Makassar,2026-03-28
8853,Karin Wijaya,16,High School Student,Semarang,2026-06-06
8854,Joko Lestari,34,Office Worker,Medan,2026-03-16
8855,Hadi Kurniawan,24,College Student,Padang,2025-05-27
8856,Hadi Kurniawan,16,High School Student,Palembang,2025-10-25
8857,Vina Lestari,18,High School Student,Padang,2026-01-05
8858,Rian Sari,17,High School Student,Medan,2025-08-21
8859,Karin Lestari,18,College Student,Surabaya,2025-05-04
8860,Vina Pratama,26,Office Worker,Jakarta,2026-02-15
8861,Citra Sari,18,College Student,Makassar,2025-09-05
8862,Citra Pratama,25,Office Worker,Jakarta,2026-04-07
8863,Hadi Nugraha,34,Office Worker,Palembang,2026-01-17
8864,Tio Nugraha,30,Office Worker,Makassar,2025-04-08
8865,Tio Saputra,15,High School Student,Surabaya,2025-04-16
8866,Karin Sari,33,Office Worker,Bandung,2026-03-26
8867,Lina Putra,23,College Student,Makassar,2025-04-23
8868,Lina Pratama,24,College Student,Yogyakarta,2026-04-25
8869,Salsa Saputra,29,Office Worker,Palembang,2026-04-14
8870,Lina Wijaya,22,College Student,Palembang,2026-01-01
8871,Gita Sari,28,Office Worker,Surabaya,2025-12-05
8872,Andi Saputra,18,High School Student,Palembang,2025-06-25
8873,Hadi Kurniawan,28,Office Worker,Semarang,2025-10-23
8874,Joko Sari,16,High School Student,Jakarta,2025-04-04
8875,Andi Permata,25,Office Worker,Jakarta,2025-12-21
8876,Joko Putra,15,High School Student,Surabaya,2025-03-09
8877,Nanda Nugraha,15,High School Student,Surabaya,2025-05-29
8878,Rian Sari,23,College Student,Makassar,2025-01-05
8879,Fajar Kurniawan,19,College Student,Semarang,2025-09-03
8880,Vina Permata,16,High School Student,Surabaya,2026-03-20
8881,Hadi Permata,23,College Student,Yogyakarta,2025-07-03
8882,Citra Sari,23,College Student,Surabaya,2025-10-14
8883,Maya Nugraha,18,High School Student,Makassar,2025-07-31
8884,Intan Nugraha,20,College Student,Yogyakarta,2026-06-21
8885,Intan Ramadhan,27,Office Worker,Yogyakarta,2025-08-05
8886,Karin Ramadhan,34,Office Worker,Bandung,2026-04-30
8887,Lina Permata,30,Office Worker,Jakarta,2025-12-01
8888,Dina Kurniawan,31,Office Worker,Surabaya,2025-06-21
8889,Rian Sari,23,College Student,Surabaya,2026-06-03
8890,Fajar Permata,16,High School Student,Yogyakarta,2025-11-03
8891,Hadi Sari,19,College Student,Jakarta,2025-06-02
8892,Hadi Kurniawan,27,Office Worker,Padang,2026-05-02
8893,Andi Wijaya,34,Office Worker,Palembang,2026-02-15
8894,Salsa Wijaya,20,College Student,Surabaya,2026-02-25
8895,Karin Saputra,16,High School Student,Bandung,2025-11-07
8896,Fajar Kurniawan,16,High School Student,Makassar,2026-05-02
8897,Budi Permata,23,College Student,Jakarta,2026-05-15
8898,Eka Nugraha,21,College Student,Surabaya,2025-04-02
8899,Nanda Pratama,15,High School Student,Semarang,2026-05-08
8900,Nanda Nugraha,26,Office Worker,Palembang,2025-03-13
8901,Maya Ramadhan,20,College Student,Semarang,2025-03-18
8902,Putri Permata,33,Office Worker,Yogyakarta,2025-02-15
8903,Fajar Kurniawan,25,Office Worker,Makassar,2026-05-30
8904,Andi Ramadhan,24,Office Worker,Surabaya,2025-11-30
8905,Rian Sari,28,Office Worker,Medan,2025-08-03
8906,Dina Ramadhan,22,Office Worker,Semarang,2025-03-18
8907,Putri Sari,27,Office Worker,Yogyakarta,2026-05-04
8908,Eka Kurniawan,25,Office Worker,Pekanbaru,2025-08-19
8909,Tio Pratama,18,College Student,Padang,2025-02-19
8910,Hadi Permata,22,Office Worker,Semarang,2025-04-17
8911,Dina Sari,26,Office Worker,Surabaya,2026-03-08
8912,Rian Pratama,35,Office Worker,Makassar,2026-05-13
8913,Budi Nugraha,26,Office Worker,Bandung,2025-01-07
8914,Nanda Lestari,16,High School Student,Makassar,2025-10-19
8915,Budi Pratama,17,High School Student,Palembang,2025-12-08
8916,Maya Sari,22,College Student,Palembang,2025-10-07
8917,Hadi Ramadhan,21,College Student,Medan,2026-06-20
8918,Intan Putra,25,Office Worker,Jakarta,2025-11-08
8919,Vina Nugraha,23,College Student,Yogyakarta,2026-05-06
8920,Budi Pratama,18,College Student,Jakarta,2025-03-18
8921,Fajar Wijaya,21,College Student,Bandung,2025-05-04
8922,Vina Pratama,17,High School Student,Jakarta,2025-10-11
8923,Fajar Putra,26,Office Worker,Jakarta,2026-04-27
8924,Nanda Lestari,26,Office Worker,Surabaya,2025-08-12
8925,Vina Lestari,16,High School Student,Jakarta,2025-03-19
8926,Oki Putra,24,College Student,Pekanbaru,2025-03-10
8927,Karin Lestari,22,College Student,Palembang,2025-04-09
8928,Citra Sari,17,High School Student,Makassar,2025-03-09
8929,Tio Ramadhan,17,High School Student,Bandung,2025-03-19
8930,Vina Ramadhan,27,Office Worker,Surabaya,2025-05-26
8931,Gita Putra,23,College Student,Bandung,2025-03-16
8932,Nanda Ramadhan,18,High School Student,Yogyakarta,2026-05-29
8933,Dina Kurniawan,16,High School Student,Medan,2025-03-28
8934,Gita Kurniawan,23,Office Worker,Pekanbaru,2025-02-17
8935,Oki Wijaya,33,Office Worker,Surabaya,2025-02-11
8936,Eka Pratama,33,Office Worker,Jakarta,2025-05-14
8937,Andi Pratama,18,High School Student,Jakarta,2025-01-19
8938,Putri Sari,29,Office Worker,Yogyakarta,2025-04-30
8939,Nanda Putra,24,College Student,Bandung,2025-12-01
8940,Tio Saputra,20,College Student,Makassar,2026-06-15
8941,Joko Nugraha,21,College Student,Makassar,2025-03-11
8942,Oki Pratama,18,College Student,Medan,2026-03-10
8943,Budi Wijaya,26,Office Worker,Makassar,2025-07-08
8944,Rian Putra,26,Office Worker,Jakarta,2026-02-07
8945,Salsa Nugraha,23,College Student,Jakarta,2026-01-22
8946,Hadi Nugraha,28,Office Worker,Bandung,2025-05-13
8947,Nanda Putra,24,Office Worker,Bandung,2025-08-10
8948,Hadi Wijaya,26,Office Worker,Bandung,2025-03-08
8949,Maya Nugraha,15,High School Student,Medan,2025-08-19
8950,Joko Sari,20,College Student,Jakarta,2025-05-30
8951,Intan Ramadhan,19,College Student,Pekanbaru,2025-04-19
8952,Joko Pratama,26,Office Worker,Surabaya,2026-03-05
8953,Karin Putra,18,High School Student,Jakarta,2026-05-10
8954,Fajar Pratama,18,College Student,Semarang,2025-03-22
8955,Dina Ramadhan,24,College Student,Palembang,2026-06-24
8956,Oki Lestari,24,College Student,Yogyakarta,2026-05-03
8957,Rian Lestari,22,Office Worker,Makassar,2025-01-08
8958,Eka Wijaya,34,Office Worker,Pekanbaru,2026-04-20
8959,Gita Putra,29,Office Worker,Yogyakarta,2025-09-11
8960,Tio Lestari,35,Office Worker,Jakarta,2026-05-08
8961,Tio Wijaya,19,College Student,Medan,2025-07-24
8962,Karin Ramadhan,21,College Student,Padang,2025-06-16
8963,Fajar Wijaya,19,College Student,Pekanbaru,2025-11-23
8964,Karin Putra,16,High School Student,Semarang,2025-08-13
8965,Hadi Sari,22,College Student,Yogyakarta,2026-03-06
8966,Putri Wijaya,33,Office Worker,Palembang,2026-04-24
8967,Hadi Putra,22,College Student,Jakarta,2025-04-19
8968,Maya Pratama,34,Office Worker,Surabaya,2026-02-21
8969,Joko Nugraha,23,College Student,Pekanbaru,2026-01-08
8970,Eka Pratama,15,High School Student,Padang,2025-10-05
8971,Nanda Ramadhan,17,High School Student,Jakarta,2026-02-15
8972,Nanda Permata,23,College Student,Makassar,2025-07-10
8973,Andi Nugraha,24,College Student,Makassar,2025-01-21
8974,Salsa Sari,16,High School Student,Yogyakarta,2025-09-07
8975,Oki Kurniawan,22,College Student,Jakarta,2026-01-10
8976,Oki Kurniawan,23,College Student,Medan,2025-10-11
8977,Gita Sari,24,College Student,Medan,2026-06-04
8978,Rian Ramadhan,35,Office Worker,Pekanbaru,2026-03-18
8979,Nanda Nugraha,32,Office Worker,Jakarta,2026-03-21
8980,Hadi Putra,21,College Student,Medan,2026-02-21
8981,Dina Pratama,22,Office Worker,Semarang,2026-06-15
8982,Fajar Lestari,33,Office Worker,Makassar,2026-06-26
8983,Andi Nugraha,30,Office Worker,Pekanbaru,2026-04-07
8984,Eka Wijaya,20,College Student,Makassar,2025-05-22
8985,Eka Ramadhan,15,High School Student,Makassar,2025-04-26
8986,Eka Pratama,29,Office Worker,Medan,2025-04-17
8987,Lina Sari,24,College Student,Palembang,2026-06-30
8988,Oki Wijaya,29,Office Worker,Bandung,2025-06-27
8989,Maya Wijaya,22,Office Worker,Medan,2025-02-01
8990,Maya Ramadhan,18,College Student,Jakarta,2025-10-25
8991,Andi Ramadhan,18,College Student,Jakarta,2025-06-10
8992,Maya Permata,17,High School Student,Makassar,2026-02-16
8993,Dina Nugraha,21,College Student,Yogyakarta,2026-02-27
8994,Maya Kurniawan,20,College Student,Surabaya,2025-04-04
8995,Rian Wijaya,18,College Student,Medan,2026-06-27
8996,Vina Saputra,23,College Student,Padang,2025-06-01
8997,Oki Sari,15,High School Student,Padang,2026-04-07
8998,Andi Kurniawan,27,Office Worker,Jakarta,2025-12-22
8999,Fajar Saputra,15,High School Student,Yogyakarta,2026-06-20
9000,Andi Ramadhan,32,Office Worker,Surabaya,2025-08-06
9001,Gita Lestari,27,Office Worker,Jakarta,2025-12-20
9002,Fajar Sari,20,College Student,Palembang,2026-02-05
9003,Fajar Putra,31,Office Worker,Yogyakarta,2025-04-10
9004,Budi Kurniawan,21,College Student,Makassar,2026-02-25
9005,Intan Sari,31,Office Worker,Palembang,2025-11-02
9006,Intan Pratama,23,College Student,Jakarta,2025-09-07
9007,Citra Saputra,19,College Student,Pekanbaru,2026-03-05
9008,Karin Pratama,24,College Student,Makassar,2025-10-03
9009,Rian Wijaya,21,College Student,Surabaya,2025-11-11
9010,Tio Permata,23,College Student,Makassar,2025-11-11
9011,Gita Ramadhan,22,College Student,Jakarta,2025-03-31
9012,Karin Saputra,22,College Student,Semarang,2026-01-30
9013,Nanda Ramadhan,18,High School Student,Jakarta,2026-03-15
9014,Budi Sari,18,High School Student,Yogyakarta,2025-09-08
9015,Karin Lestari,23,College Student,Jakarta,2025-08-24
9016,Joko Permata,17,High School Student,Surabaya,2025-03-18
9017,Rian Lestari,17,High School Student,Yogyakarta,2025-04-10
9018,Intan Lestari,35,Office Worker,Medan,2026-04-06
9019,Eka Wijaya,18,High School Student,Makassar,2026-02-02
9020,Dina Wijaya,24,Office Worker,Medan,2025-09-02
9021,Joko Putra,20,College Student,Makassar,2026-01-16
9022,Maya Nugraha,24,Office Worker,Jakarta,2025-02-21
9023,Maya Putra,23,College Student,Semarang,2025-06-11
9024,Andi Kurniawan,18,College Student,Makassar,2025-07-10
9025,Karin Lestari,18,College Student,Padang,2025-05-02
9026,Citra Pratama,22,College Student,Makassar,2026-02-15
9027,Tio Saputra,18,College Student,Semarang,2025-10-21
9028,Vina Sari,15,High School Student,Medan,2025-09-03
9029,Tio Ramadhan,24,Office Worker,Padang,2025-07-03
9030,Gita Nugraha,20,College Student,Yogyakarta,2026-03-25
9031,Putri Ramadhan,21,College Student,Makassar,2025-12-12
9032,Citra Permata,24,Office Worker,Pekanbaru,2025-06-17
9033,Citra Sari,23,College Student,Surabaya,2026-02-09
9034,Tio Kurniawan,33,Office Worker,Bandung,2026-02-20
9035,Vina Saputra,24,College Student,Medan,2026-06-08
9036,Fajar Kurniawan,25,Office Worker,Bandung,2025-02-05
9037,Joko Lestari,18,High School Student,Medan,2025-01-16
9038,Salsa Permata,22,Office Worker,Yogyakarta,2025-07-25
9039,Eka Kurniawan,29,Office Worker,Medan,2026-05-09
9040,Fajar Kurniawan,17,High School Student,Palembang,2026-02-27
9041,Oki Permata,15,High School Student,Jakarta,2025-07-24
9042,Budi Nugraha,20,College Student,Yogyakarta,2025-06-06
9043,Dina Pratama,22,Office Worker,Padang,2026-02-19
9044,Hadi Nugraha,24,College Student,Surabaya,2025-10-26
9045,Joko Saputra,18,College Student,Palembang,2025-01-19
9046,Tio Lestari,15,High School Student,Jakarta,2026-05-14
9047,Lina Lestari,23,College Student,Medan,2025-05-18
9048,Vina Kurniawan,24,College Student,Yogyakarta,2025-02-12
9049,Intan Putra,29,Office Worker,Bandung,2025-10-31
9050,Budi Nugraha,22,College Student,Makassar,2025-10-23
9051,Gita Permata,22,Office Worker,Palembang,2025-10-17
9052,Tio Putra,19,College Student,Pekanbaru,2026-01-01
9053,Maya Lestari,16,High School Student,Surabaya,2026-01-04
9054,Citra Nugraha,19,College Student,Semarang,2025-05-09
9055,Vina Putra,23,College Student,Pekanbaru,2025-10-02
9056,Budi Putra,25,Office Worker,Yogyakarta,2025-09-14
9057,Joko Ramadhan,29,Office Worker,Surabaya,2026-01-11
9058,Putri Permata,15,High School Student,Semarang,2025-03-29
9059,Nanda Wijaya,17,High School Student,Makassar,2025-08-04
9060,Joko Nugraha,16,High School Student,Bandung,2025-12-25
9061,Rian Pratama,35,Office Worker,Makassar,2026-04-26
9062,Karin Lestari,25,Office Worker,Medan,2025-10-11
9063,Tio Saputra,31,Office Worker,Jakarta,2025-04-17
9064,Rian Putra,20,College Student,Surabaya,2026-04-28
9065,Lina Pratama,22,College Student,Jakarta,2025-01-24
9066,Eka Permata,18,College Student,Surabaya,2025-08-20
9067,Karin Putra,22,College Student,Jakarta,2025-02-13
9068,Putri Wijaya,22,College Student,Jakarta,2026-01-21
9069,Lina Putra,17,High School Student,Jakarta,2026-04-26
9070,Maya Pratama,17,High School Student,Jakarta,2025-03-19
9071,Dina Nugraha,32,Office Worker,Bandung,2025-11-14
9072,Fajar Nugraha,25,Office Worker,Makassar,2025-05-23
9073,Eka Nugraha,19,College Student,Makassar,2026-05-31
9074,Joko Lestari,24,College Student,Yogyakarta,2025-07-31
9075,Tio Saputra,18,College Student,Jakarta,2026-05-28
9076,Budi Putra,32,Office Worker,Jakarta,2025-11-21
9077,Eka Nugraha,27,Office Worker,Jakarta,2026-06-10
9078,Intan Sari,29,Office Worker,Surabaya,2025-08-10
9079,Eka Nugraha,22,Office Worker,Makassar,2026-05-01
9080,Intan Kurniawan,18,High School Student,Makassar,2026-03-31
9081,Budi Sari,24,College Student,Bandung,2025-04-18
9082,Andi Permata,18,College Student,Medan,2026-05-02
9083,Budi Lestari,18,College Student,Yogyakarta,2026-01-05
9084,Lina Ramadhan,32,Office Worker,Semarang,2026-01-28
9085,Vina Wijaya,20,College Student,Jakarta,2025-04-29
9086,Putri Permata,16,High School Student,Jakarta,2026-05-24
9087,Salsa Nugraha,24,College Student,Pekanbaru,2025-12-20
9088,Salsa Ramadhan,32,Office Worker,Jakarta,2025-11-09
9089,Nanda Permata,17,High School Student,Yogyakarta,2025-03-05
9090,Rian Saputra,22,Office Worker,Bandung,2025-09-15
9091,Joko Sari,19,College Student,Jakarta,2025-01-06
9092,Tio Kurniawan,15,High School Student,Jakarta,2025-11-13
9093,Salsa Permata,20,College Student,Jakarta,2026-02-22
9094,Vina Ramadhan,27,Office Worker,Palembang,2025-01-17
9095,Fajar Wijaya,20,College Student,Jakarta,2025-10-09
9096,Intan Nugraha,26,Office Worker,Bandung,2026-02-08
9097,Nanda Saputra,18,College Student,Semarang,2026-03-18
9098,Tio Putra,17,High School Student,Jakarta,2026-01-01
9099,Maya Wijaya,23,Office Worker,Bandung,2025-12-21
9100,Eka Permata,18,College Student,Jakarta,2025-12-21
9101,Dina Saputra,24,College Student,Jakarta,2025-11-06
9102,Tio Permata,25,Office Worker,Padang,2026-02-17
9103,Intan Permata,20,College Student,Jakarta,2025-08-20
9104,Citra Nugraha,28,Office Worker,Palembang,2026-04-06
9105,Rian Nugraha,16,High School Student,Padang,2025-03-31
9106,Dina Nugraha,24,College Student,Palembang,2025-05-30
9107,Gita Sari,18,High School Student,Makassar,2026-03-31
9108,Gita Pratama,24,Office Worker,Bandung,2026-01-24
9109,Oki Sari,18,High School Student,Palembang,2025-11-04
9110,Oki Permata,26,Office Worker,Yogyakarta,2025-09-14
9111,Dina Saputra,24,Office Worker,Makassar,2026-01-09
9112,Maya Lestari,23,College Student,Palembang,2025-07-11
9113,Tio Pratama,20,College Student,Jakarta,2026-06-07
9114,Fajar Nugraha,21,College Student,Jakarta,2026-01-17
9115,Maya Putra,19,College Student,Bandung,2026-03-12
9116,Nanda Lestari,21,College Student,Makassar,2025-05-15
9117,Andi Putra,32,Office Worker,Padang,2025-06-28
9118,Karin Sari,24,Office Worker,Pekanbaru,2025-08-09
9119,Rian Kurniawan,28,Office Worker,Palembang,2025-08-10
9120,Dina Sari,23,Office Worker,Surabaya,2025-11-09
9121,Citra Putra,22,Office Worker,Jakarta,2025-10-22
9122,Vina Saputra,19,College Student,Makassar,2026-06-18
9123,Salsa Putra,22,Office Worker,Semarang,2025-06-06
9124,Andi Ramadhan,27,Office Worker,Padang,2026-03-28
9125,Intan Kurniawan,20,College Student,Surabaya,2025-01-03
9126,Budi Putra,28,Office Worker,Padang,2025-07-20
9127,Vina Permata,22,College Student,Jakarta,2026-01-24
9128,Joko Sari,26,Office Worker,Bandung,2025-11-19
9129,Andi Kurniawan,33,Office Worker,Bandung,2025-12-11
9130,Tio Permata,23,Office Worker,Medan,2026-02-20
9131,Eka Nugraha,18,High School Student,Bandung,2025-04-07
9132,Rian Saputra,31,Office Worker,Jakarta,2026-06-25
9133,Eka Saputra,22,College Student,Yogyakarta,2025-12-25
9134,Rian Lestari,18,College Student,Makassar,2025-04-19
9135,Citra Pratama,31,Office Worker,Jakarta,2026-03-26
9136,Hadi Putra,18,College Student,Bandung,2026-06-07
9137,Hadi Sari,22,Office Worker,Yogyakarta,2025-04-05
9138,Budi Kurniawan,18,College Student,Yogyakarta,2025-05-12
9139,Gita Nugraha,18,College Student,Padang,2025-08-30
9140,Vina Putra,28,Office Worker,Semarang,2026-01-12
9141,Fajar Permata,21,College Student,Jakarta,2025-07-14
9142,Salsa Sari,18,High School Student,Yogyakarta,2025-09-15
9143,Salsa Sari,28,Office Worker,Yogyakarta,2025-10-31
9144,Gita Pratama,22,College Student,Semarang,2026-05-16
9145,Joko Lestari,33,Office Worker,Makassar,2025-07-09
9146,Lina Wijaya,23,College Student,Jakarta,2025-12-05
9147,Citra Ramadhan,24,College Student,Bandung,2025-01-19
9148,Citra Kurniawan,19,College Student,Surabaya,2026-02-19
9149,Fajar Ramadhan,23,College Student,Jakarta,2025-03-03
9150,Hadi Lestari,24,College Student,Yogyakarta,2025-03-08
9151,Karin Wijaya,21,College Student,Semarang,2025-06-24
9152,Putri Kurniawan,19,College Student,Yogyakarta,2026-01-16
9153,Karin Ramadhan,18,High School Student,Bandung,2026-06-03
9154,Rian Permata,19,College Student,Yogyakarta,2025-08-21
9155,Salsa Pratama,18,High School Student,Jakarta,2026-06-18
9156,Salsa Putra,15,High School Student,Jakarta,2025-12-16
9157,Joko Saputra,26,Office Worker,Pekanbaru,2025-05-05
9158,Intan Putra,30,Office Worker,Jakarta,2025-02-07
9159,Dina Lestari,30,Office Worker,Makassar,2025-09-05
9160,Nanda Sari,23,College Student,Surabaya,2025-05-21
9161,Tio Ramadhan,29,Office Worker,Medan,2025-04-07
9162,Putri Wijaya,29,Office Worker,Yogyakarta,2025-09-13
9163,Tio Kurniawan,25,Office Worker,Medan,2025-12-20
9164,Oki Putra,23,College Student,Medan,2026-04-20
9165,Dina Permata,25,Office Worker,Surabaya,2026-06-11
9166,Hadi Sari,35,Office Worker,Surabaya,2026-01-03
9167,Putri Saputra,23,Office Worker,Medan,2026-06-19
9168,Rian Sari,18,High School Student,Makassar,2025-09-22
9169,Eka Nugraha,21,College Student,Makassar,2025-11-01
9170,Lina Sari,23,College Student,Pekanbaru,2026-03-05
9171,Eka Lestari,20,College Student,Medan,2025-10-15
9172,Dina Pratama,23,Office Worker,Yogyakarta,2025-10-20
9173,Fajar Kurniawan,17,High School Student,Semarang,2025-02-06
9174,Dina Lestari,18,High School Student,Makassar,2025-10-28
9175,Karin Permata,19,College Student,Semarang,2025-05-16
9176,Putri Ramadhan,18,High School Student,Makassar,2026-05-03
9177,Oki Wijaya,17,High School Student,Makassar,2025-08-29
9178,Intan Pratama,24,Office Worker,Yogyakarta,2025-06-24
9179,Karin Ramadhan,23,College Student,Surabaya,2025-12-04
9180,Fajar Putra,16,High School Student,Surabaya,2025-12-25
9181,Eka Kurniawan,19,College Student,Semarang,2025-09-14
9182,Salsa Nugraha,23,College Student,Jakarta,2026-03-28
9183,Lina Sari,15,High School Student,Surabaya,2025-08-06
9184,Budi Sari,34,Office Worker,Makassar,2025-07-22
9185,Intan Putra,29,Office Worker,Medan,2025-09-12
9186,Vina Putra,32,Office Worker,Bandung,2025-04-06
9187,Intan Lestari,33,Office Worker,Medan,2025-12-14
9188,Lina Saputra,18,High School Student,Bandung,2025-05-11
9189,Joko Wijaya,26,Office Worker,Yogyakarta,2025-10-15
9190,Andi Pratama,28,Office Worker,Yogyakarta,2025-02-25
9191,Andi Nugraha,27,Office Worker,Yogyakarta,2025-11-30
9192,Nanda Ramadhan,17,High School Student,Jakarta,2025-07-03
9193,Intan Ramadhan,28,Office Worker,Surabaya,2025-01-04
9194,Nanda Permata,34,Office Worker,Bandung,2026-03-11
9195,Andi Ramadhan,30,Office Worker,Jakarta,2026-05-28
9196,Gita Nugraha,17,High School Student,Semarang,2026-01-29
9197,Fajar Lestari,31,Office Worker,Medan,2025-06-13
9198,Andi Putra,28,Office Worker,Bandung,2026-01-13
9199,Lina Saputra,34,Office Worker,Surabaya,2025-02-17
9200,Budi Putra,19,College Student,Jakarta,2026-06-14
9201,Budi Putra,24,Office Worker,Yogyakarta,2025-11-28
9202,Gita Putra,22,College Student,Jakarta,2025-06-05
9203,Intan Saputra,19,College Student,Surabaya,2026-05-14
9204,Citra Saputra,21,College Student,Jakarta,2025-01-09
9205,Tio Pratama,28,Office Worker,Medan,2025-06-01
9206,Vina Nugraha,18,High School Student,Surabaya,2026-04-19
9207,Lina Permata,18,College Student,Semarang,2025-01-27
9208,Tio Lestari,27,Office Worker,Semarang,2025-07-18
9209,Fajar Lestari,32,Office Worker,Jakarta,2025-03-24
9210,Nanda Pratama,23,College Student,Jakarta,2025-02-23
9211,Oki Ramadhan,27,Office Worker,Makassar,2025-05-23
9212,Maya Putra,23,Office Worker,Yogyakarta,2025-09-10
9213,Nanda Putra,15,High School Student,Surabaya,2025-04-07
9214,Putri Pratama,20,College Student,Jakarta,2026-03-11
9215,Nanda Sari,18,High School Student,Bandung,2026-03-29
9216,Joko Lestari,23,College Student,Palembang,2025-08-17
9217,Dina Ramadhan,19,College Student,Makassar,2025-07-16
9218,Fajar Nugraha,27,Office Worker,Palembang,2026-04-30
9219,Joko Kurniawan,34,Office Worker,Jakarta,2025-06-20
9220,Joko Putra,18,High School Student,Palembang,2026-05-29
9221,Lina Ramadhan,16,High School Student,Makassar,2025-10-13
9222,Dina Permata,22,College Student,Surabaya,2026-05-12
9223,Maya Kurniawan,22,College Student,Makassar,2026-04-04
9224,Nanda Permata,19,College Student,Palembang,2025-02-02
9225,Maya Sari,31,Office Worker,Jakarta,2026-06-07
9226,Budi Nugraha,26,Office Worker,Jakarta,2026-01-15
9227,Tio Kurniawan,18,College Student,Jakarta,2025-02-23
9228,Joko Pratama,35,Office Worker,Semarang,2025-11-27
9229,Joko Permata,22,College Student,Pekanbaru,2025-04-07
9230,Maya Permata,34,Office Worker,Medan,2026-05-20
9231,Andi Saputra,19,College Student,Bandung,2025-05-28
9232,Rian Pratama,16,High School Student,Makassar,2026-06-01
9233,Maya Pratama,32,Office Worker,Bandung,2026-05-10
9234,Tio Permata,21,College Student,Bandung,2025-10-07
9235,Joko Saputra,31,Office Worker,Jakarta,2026-02-20
9236,Nanda Pratama,23,College Student,Bandung,2025-10-14
9237,Eka Ramadhan,16,High School Student,Makassar,2025-04-16
9238,Salsa Wijaya,18,High School Student,Jakarta,2025-07-25
9239,Putri Lestari,24,College Student,Bandung,2025-04-28
9240,Tio Saputra,22,Office Worker,Pekanbaru,2026-04-25
9241,Vina Nugraha,21,College Student,Pekanbaru,2026-01-06
9242,Hadi Ramadhan,23,Office Worker,Jakarta,2025-08-16
9243,Oki Kurniawan,31,Office Worker,Jakarta,2025-10-08
9244,Citra Lestari,24,Office Worker,Jakarta,2026-03-11
9245,Intan Permata,24,College Student,Yogyakarta,2025-04-27
9246,Nanda Sari,28,Office Worker,Palembang,2026-06-25
9247,Intan Lestari,18,College Student,Makassar,2025-01-25
9248,Oki Saputra,24,College Student,Jakarta,2025-03-28
9249,Tio Sari,15,High School Student,Medan,2025-07-06
9250,Tio Nugraha,23,College Student,Semarang,2025-09-12
9251,Salsa Pratama,16,High School Student,Bandung,2026-01-31
9252,Lina Ramadhan,23,Office Worker,Semarang,2025-06-27
9253,Maya Pratama,18,High School Student,Medan,2025-05-20
9254,Intan Lestari,20,College Student,Medan,2025-03-23
9255,Andi Putra,31,Office Worker,Palembang,2026-03-08
9256,Andi Permata,24,College Student,Medan,2026-06-15
9257,Gita Permata,15,High School Student,Yogyakarta,2026-01-03
9258,Eka Sari,16,High School Student,Makassar,2025-02-22
9259,Vina Nugraha,26,Office Worker,Pekanbaru,2026-01-04
9260,Gita Pratama,17,High School Student,Surabaya,2025-02-20
9261,Lina Wijaya,20,College Student,Yogyakarta,2025-12-27
9262,Rian Wijaya,19,College Student,Jakarta,2025-02-12
9263,Karin Saputra,35,Office Worker,Jakarta,2026-06-11
9264,Joko Nugraha,32,Office Worker,Padang,2025-03-10
9265,Intan Putra,23,Office Worker,Palembang,2025-03-26
9266,Citra Pratama,16,High School Student,Yogyakarta,2025-06-18
9267,Karin Wijaya,22,College Student,Makassar,2025-01-30
9268,Intan Pratama,21,College Student,Yogyakarta,2025-05-27
9269,Andi Kurniawan,17,High School Student,Makassar,2025-03-29
9270,Citra Lestari,18,College Student,Medan,2025-10-29
9271,Eka Kurniawan,23,College Student,Surabaya,2025-01-24
9272,Karin Nugraha,18,College Student,Medan,2026-02-24
9273,Lina Wijaya,32,Office Worker,Palembang,2025-06-26
9274,Intan Sari,18,College Student,Padang,2025-07-06
9275,Putri Sari,26,Office Worker,Palembang,2025-08-02
9276,Nanda Putra,21,College Student,Makassar,2025-10-22
9277,Salsa Kurniawan,23,College Student,Jakarta,2025-07-16
9278,Citra Saputra,24,College Student,Jakarta,2026-03-24
9279,Eka Putra,16,High School Student,Padang,2025-06-30
9280,Tio Ramadhan,16,High School Student,Makassar,2025-02-23
9281,Intan Saputra,24,College Student,Jakarta,2025-06-14
9282,Oki Putra,26,Office Worker,Makassar,2026-03-12
9283,Joko Sari,27,Office Worker,Makassar,2026-06-14
9284,Tio Pratama,15,High School Student,Bandung,2025-09-13
9285,Budi Wijaya,31,Office Worker,Makassar,2025-10-25
9286,Nanda Nugraha,22,Office Worker,Jakarta,2025-05-16
9287,Nanda Putra,34,Office Worker,Medan,2026-04-22
9288,Salsa Ramadhan,31,Office Worker,Medan,2025-04-24
9289,Rian Sari,20,College Student,Makassar,2025-12-23
9290,Vina Pratama,18,High School Student,Medan,2026-02-27
9291,Intan Kurniawan,18,College Student,Medan,2025-11-13
9292,Karin Wijaya,24,College Student,Palembang,2025-07-06
9293,Fajar Sari,23,College Student,Surabaya,2025-09-23
9294,Oki Permata,18,College Student,Padang,2025-02-11
9295,Fajar Kurniawan,22,Office Worker,Makassar,2025-03-29
9296,Oki Lestari,22,Office Worker,Bandung,2025-10-12
9297,Fajar Sari,28,Office Worker,Medan,2025-06-04
9298,Rian Ramadhan,34,Office Worker,Jakarta,2025-10-21
9299,Intan Wijaya,26,Office Worker,Yogyakarta,2026-06-21
9300,Nanda Ramadhan,16,High School Student,Jakarta,2025-10-21
9301,Dina Sari,22,College Student,Jakarta,2025-02-28
9302,Putri Sari,24,College Student,Makassar,2026-04-11
9303,Intan Permata,35,Office Worker,Medan,2026-06-03
9304,Hadi Putra,23,College Student,Semarang,2025-07-15
9305,Hadi Putra,34,Office Worker,Yogyakarta,2025-10-24
9306,Fajar Putra,18,High School Student,Surabaya,2025-07-21
9307,Fajar Lestari,19,College Student,Bandung,2026-03-11
9308,Nanda Saputra,34,Office Worker,Jakarta,2025-10-19
9309,Maya Wijaya,16,High School Student,Palembang,2026-04-26
9310,Fajar Sari,20,College Student,Bandung,2025-10-10
9311,Vina Pratama,22,College Student,Palembang,2025-08-07
9312,Vina Ramadhan,20,College Student,Surabaya,2025-10-17
9313,Hadi Permata,34,Office Worker,Surabaya,2026-05-17
9314,Rian Nugraha,20,College Student,Bandung,2026-05-24
9315,Citra Sari,21,College Student,Medan,2026-01-25
9316,Vina Nugraha,17,High School Student,Jakarta,2025-02-28
9317,Karin Sari,23,Office Worker,Surabaya,2025-02-26
9318,Salsa Permata,18,College Student,Yogyakarta,2025-02-06
9319,Vina Ramadhan,27,Office Worker,Bandung,2026-04-12
9320,Gita Permata,24,Office Worker,Makassar,2025-05-06
9321,Joko Pratama,15,High School Student,Padang,2026-04-08
9322,Rian Nugraha,25,Office Worker,Jakarta,2025-12-03
9323,Rian Wijaya,25,Office Worker,Makassar,2025-07-04
9324,Intan Wijaya,24,College Student,Medan,2025-02-21
9325,Citra Kurniawan,17,High School Student,Pekanbaru,2025-12-10
9326,Eka Putra,28,Office Worker,Jakarta,2026-02-18
9327,Joko Kurniawan,31,Office Worker,Surabaya,2025-11-12
9328,Lina Ramadhan,17,High School Student,Semarang,2025-05-26
9329,Gita Sari,19,College Student,Jakarta,2026-01-11
9330,Dina Saputra,32,Office Worker,Pekanbaru,2025-07-24
9331,Salsa Sari,26,Office Worker,Semarang,2026-04-03
9332,Joko Sari,28,Office Worker,Jakarta,2025-08-19
9333,Hadi Wijaya,21,College Student,Yogyakarta,2025-09-25
9334,Karin Nugraha,29,Office Worker,Jakarta,2025-12-24
9335,Fajar Putra,18,College Student,Bandung,2026-05-04
9336,Joko Wijaya,15,High School Student,Makassar,2025-02-09
9337,Nanda Permata,33,Office Worker,Jakarta,2025-07-11
9338,Fajar Permata,24,Office Worker,Yogyakarta,2025-10-02
9339,Vina Nugraha,24,College Student,Palembang,2025-12-22
9340,Putri Lestari,21,College Student,Pekanbaru,2025-06-04
9341,Gita Saputra,31,Office Worker,Pekanbaru,2026-06-03
9342,Maya Saputra,18,College Student,Jakarta,2025-07-10
9343,Intan Permata,22,Office Worker,Palembang,2025-03-18
9344,Eka Wijaya,23,Office Worker,Makassar,2025-02-24
9345,Budi Lestari,18,High School Student,Jakarta,2026-04-26
9346,Hadi Permata,28,Office Worker,Surabaya,2025-05-19
9347,Lina Pratama,34,Office Worker,Medan,2026-02-05
9348,Putri Ramadhan,23,Office Worker,Bandung,2025-08-18
9349,Fajar Saputra,28,Office Worker,Semarang,2025-11-18
9350,Budi Putra,22,Office Worker,Semarang,2025-03-08
9351,Nanda Saputra,17,High School Student,Jakarta,2025-04-08
9352,Rian Putra,20,College Student,Pekanbaru,2025-04-24
9353,Putri Lestari,26,Office Worker,Surabaya,2026-02-20
9354,Salsa Nugraha,16,High School Student,Bandung,2025-01-13
9355,Fajar Lestari,18,High School Student,Yogyakarta,2025-08-10
9356,Rian Saputra,35,Office Worker,Jakarta,2026-02-27
9357,Nanda Lestari,32,Office Worker,Medan,2025-01-21
9358,Dina Saputra,16,High School Student,Medan,2026-05-11
9359,Karin Ramadhan,34,Office Worker,Pekanbaru,2025-08-03
9360,Putri Permata,30,Office Worker,Jakarta,2025-05-24
9361,Tio Ramadhan,18,College Student,Yogyakarta,2026-05-05
9362,Hadi Saputra,24,Office Worker,Makassar,2025-12-06
9363,Tio Saputra,23,College Student,Pekanbaru,2025-04-22
9364,Putri Lestari,18,High School Student,Bandung,2026-01-17
9365,Gita Kurniawan,22,College Student,Yogyakarta,2025-03-19
9366,Rian Wijaya,21,College Student,Makassar,2025-03-27
9367,Oki Permata,24,College Student,Semarang,2025-12-27
9368,Putri Lestari,27,Office Worker,Surabaya,2026-04-29
9369,Rian Kurniawan,29,Office Worker,Bandung,2026-04-19
9370,Gita Sari,23,College Student,Jakarta,2025-03-17
9371,Lina Pratama,25,Office Worker,Bandung,2025-01-31
9372,Intan Putra,16,High School Student,Bandung,2025-12-26
9373,Joko Nugraha,17,High School Student,Makassar,2025-11-20
9374,Vina Pratama,32,Office Worker,Palembang,2025-06-17
9375,Intan Putra,17,High School Student,Jakarta,2025-10-10
9376,Budi Permata,15,High School Student,Padang,2025-08-08
9377,Dina Sari,32,Office Worker,Jakarta,2025-09-29
9378,Citra Putra,21,College Student,Palembang,2026-01-02
9379,Gita Lestari,34,Office Worker,Surabaya,2025-04-23
9380,Lina Permata,18,College Student,Jakarta,2026-06-09
9381,Oki Kurniawan,15,High School Student,Bandung,2025-12-30
9382,Fajar Wijaya,24,College Student,Palembang,2025-10-15
9383,Gita Ramadhan,22,College Student,Medan,2025-02-24
9384,Fajar Pratama,20,College Student,Padang,2025-08-31
9385,Hadi Pratama,20,College Student,Yogyakarta,2025-06-02
9386,Putri Wijaya,30,Office Worker,Palembang,2025-06-18
9387,Budi Ramadhan,30,Office Worker,Medan,2025-04-19
9388,Hadi Putra,21,College Student,Makassar,2025-12-04
9389,Gita Sari,22,College Student,Bandung,2025-02-05
9390,Tio Saputra,20,College Student,Bandung,2025-12-06
9391,Citra Wijaya,25,Office Worker,Makassar,2025-05-11
9392,Andi Sari,32,Office Worker,Yogyakarta,2025-02-28
9393,Joko Saputra,15,High School Student,Jakarta,2026-05-06
9394,Rian Kurniawan,34,Office Worker,Makassar,2025-06-09
9395,Salsa Permata,19,College Student,Jakarta,2025-11-25
9396,Intan Kurniawan,15,High School Student,Yogyakarta,2026-01-03
9397,Karin Pratama,16,High School Student,Bandung,2025-12-10
9398,Nanda Saputra,19,College Student,Jakarta,2025-11-08
9399,Salsa Saputra,24,College Student,Medan,2025-08-02
9400,Hadi Putra,17,High School Student,Makassar,2025-06-07
9401,Hadi Permata,25,Office Worker,Yogyakarta,2025-06-13
9402,Oki Putra,19,College Student,Makassar,2025-10-09
9403,Nanda Sari,19,College Student,Pekanbaru,2025-02-19
9404,Hadi Pratama,21,College Student,Padang,2025-05-10
9405,Tio Lestari,15,High School Student,Jakarta,2025-12-28
9406,Fajar Pratama,21,College Student,Jakarta,2025-09-20
9407,Dina Kurniawan,16,High School Student,Padang,2025-06-04
9408,Gita Pratama,18,College Student,Semarang,2025-12-02
9409,Salsa Ramadhan,17,High School Student,Yogyakarta,2025-11-01
9410,Joko Saputra,18,College Student,Bandung,2025-02-15
9411,Gita Ramadhan,17,High School Student,Semarang,2025-09-05
9412,Nanda Lestari,31,Office Worker,Yogyakarta,2025-08-01
9413,Intan Lestari,29,Office Worker,Surabaya,2026-02-14
9414,Joko Saputra,18,High School Student,Semarang,2026-05-24
9415,Citra Lestari,21,College Student,Medan,2025-01-02
9416,Karin Lestari,18,High School Student,Makassar,2025-11-16
9417,Lina Kurniawan,23,College Student,Jakarta,2025-09-10
9418,Maya Ramadhan,23,College Student,Medan,2026-04-17
9419,Karin Pratama,22,College Student,Bandung,2025-03-30
9420,Oki Sari,20,College Student,Yogyakarta,2025-01-15
9421,Karin Pratama,28,Office Worker,Bandung,2025-06-14
9422,Eka Kurniawan,20,College Student,Pekanbaru,2026-03-03
9423,Putri Lestari,20,College Student,Semarang,2026-04-20
9424,Rian Ramadhan,24,College Student,Padang,2026-02-23
9425,Oki Wijaya,26,Office Worker,Medan,2026-02-14
9426,Intan Wijaya,25,Office Worker,Jakarta,2026-04-14
9427,Salsa Putra,20,College Student,Jakarta,2026-03-13
9428,Tio Nugraha,29,Office Worker,Makassar,2025-07-24
9429,Lina Ramadhan,21,College Student,Palembang,2025-01-30
9430,Lina Lestari,29,Office Worker,Yogyakarta,2026-06-06
9431,Oki Lestari,31,Office Worker,Padang,2025-10-12
9432,Rian Sari,17,High School Student,Bandung,2026-01-27
9433,Gita Nugraha,31,Office Worker,Bandung,2026-03-13
9434,Karin Saputra,22,College Student,Jakarta,2025-05-19
9435,Budi Saputra,18,College Student,Yogyakarta,2026-02-18
9436,Putri Kurniawan,23,College Student,Pekanbaru,2026-06-14
9437,Gita Permata,26,Office Worker,Padang,2025-05-17
9438,Putri Putra,15,High School Student,Yogyakarta,2026-01-25
9439,Karin Permata,15,High School Student,Medan,2025-07-17
9440,Rian Lestari,24,Office Worker,Makassar,2026-02-10
9441,Tio Lestari,16,High School Student,Jakarta,2026-04-02
9442,Lina Pratama,16,High School Student,Makassar,2026-03-30
9443,Budi Saputra,17,High School Student,Yogyakarta,2025-03-28
9444,Gita Permata,18,College Student,Surabaya,2025-07-28
9445,Joko Kurniawan,24,College Student,Pekanbaru,2025-08-12
9446,Salsa Kurniawan,17,High School Student,Yogyakarta,2025-09-10
9447,Joko Putra,35,Office Worker,Padang,2025-06-09
9448,Karin Putra,28,Office Worker,Jakarta,2025-08-17
9449,Maya Kurniawan,24,College Student,Makassar,2025-07-14
9450,Lina Putra,22,College Student,Padang,2026-01-12
9451,Fajar Putra,21,College Student,Pekanbaru,2025-05-24
9452,Hadi Saputra,30,Office Worker,Jakarta,2025-05-10
9453,Salsa Pratama,16,High School Student,Jakarta,2026-03-27
9454,Joko Saputra,18,High School Student,Yogyakarta,2025-02-10
9455,Tio Permata,22,Office Worker,Medan,2025-01-14
9456,Vina Permata,20,College Student,Makassar,2026-03-09
9457,Budi Ramadhan,24,College Student,Semarang,2026-03-09
9458,Rian Nugraha,25,Office Worker,Makassar,2026-06-23
9459,Budi Kurniawan,24,Office Worker,Bandung,2026-02-27
9460,Budi Ramadhan,23,College Student,Jakarta,2025-11-25
9461,Vina Ramadhan,26,Office Worker,Surabaya,2026-06-06
9462,Oki Saputra,17,High School Student,Bandung,2025-03-26
9463,Salsa Sari,34,Office Worker,Palembang,2025-01-02
9464,Putri Wijaya,18,College Student,Semarang,2025-07-26
9465,Citra Sari,34,Office Worker,Medan,2026-02-16
9466,Hadi Sari,26,Office Worker,Jakarta,2025-05-01
9467,Citra Wijaya,35,Office Worker,Jakarta,2026-04-02
9468,Tio Saputra,23,Office Worker,Bandung,2026-06-26
9469,Gita Wijaya,19,College Student,Semarang,2025-01-09
9470,Eka Sari,20,College Student,Bandung,2025-11-08
9471,Maya Saputra,24,College Student,Makassar,2025-07-23
9472,Salsa Permata,32,Office Worker,Palembang,2026-05-15
9473,Dina Putra,23,Office Worker,Yogyakarta,2025-05-25
9474,Karin Pratama,15,High School Student,Surabaya,2026-02-05
9475,Intan Ramadhan,31,Office Worker,Makassar,2026-04-28
9476,Dina Ramadhan,24,Office Worker,Palembang,2025-04-10
9477,Maya Ramadhan,25,Office Worker,Surabaya,2025-07-22
9478,Intan Permata,26,Office Worker,Bandung,2025-07-27
9479,Hadi Pratama,23,College Student,Yogyakarta,2025-09-24
9480,Eka Wijaya,18,High School Student,Surabaya,2026-05-21
9481,Dina Putra,18,High School Student,Jakarta,2025-09-07
9482,Putri Lestari,22,College Student,Bandung,2026-03-15
9483,Budi Putra,31,Office Worker,Jakarta,2026-01-22
9484,Gita Pratama,30,Office Worker,Surabaya,2026-04-07
9485,Budi Sari,33,Office Worker,Palembang,2026-05-11
9486,Maya Wijaya,30,Office Worker,Padang,2025-05-17
9487,Budi Pratama,16,High School Student,Semarang,2025-06-22
9488,Gita Wijaya,16,High School Student,Surabaya,2025-01-02
9489,Putri Lestari,16,High School Student,Jakarta,2025-04-29
9490,Fajar Sari,20,College Student,Jakarta,2026-05-13
9491,Karin Ramadhan,21,College Student,Yogyakarta,2025-04-30
9492,Tio Ramadhan,16,High School Student,Jakarta,2026-01-12
9493,Andi Nugraha,20,College Student,Yogyakarta,2025-05-29
9494,Maya Permata,16,High School Student,Bandung,2025-08-07
9495,Intan Pratama,31,Office Worker,Palembang,2025-07-02
9496,Maya Permata,21,College Student,Palembang,2026-05-31
9497,Andi Wijaya,20,College Student,Jakarta,2025-07-17
9498,Vina Pratama,23,College Student,Palembang,2026-01-09
9499,Eka Ramadhan,32,Office Worker,Medan,2026-03-19
9500,Rian Lestari,16,High School Student,Semarang,2025-01-26
9501,Karin Lestari,19,College Student,Yogyakarta,2026-04-03
9502,Nanda Permata,30,Office Worker,Jakarta,2025-04-23
9503,Vina Pratama,23,College Student,Palembang,2025-08-17
9504,Salsa Lestari,22,Office Worker,Jakarta,2025-12-26
9505,Salsa Wijaya,21,College Student,Surabaya,2026-01-20
9506,Intan Nugraha,19,College Student,Jakarta,2026-03-17
9507,Andi Nugraha,17,High School Student,Surabaya,2025-04-08
9508,Citra Pratama,25,Office Worker,Jakarta,2025-10-31
9509,Tio Ramadhan,24,College Student,Pekanbaru,2025-01-21
9510,Joko Nugraha,15,High School Student,Padang,2025-06-24
9511,Lina Pratama,19,College Student,Yogyakarta,2025-10-06
9512,Budi Nugraha,22,College Student,Palembang,2025-07-27
9513,Nanda Nugraha,16,High School Student,Semarang,2026-01-19
9514,Eka Pratama,23,Office Worker,Jakarta,2025-11-01
9515,Eka Putra,34,Office Worker,Jakarta,2025-12-21
9516,Tio Permata,17,High School Student,Makassar,2025-01-31
9517,Gita Sari,20,College Student,Medan,2025-05-05
9518,Rian Ramadhan,32,Office Worker,Surabaya,2026-03-07
9519,Maya Kurniawan,18,College Student,Jakarta,2025-10-18
9520,Eka Putra,19,College Student,Jakarta,2026-04-04
9521,Joko Kurniawan,23,College Student,Makassar,2025-02-03
9522,Maya Wijaya,34,Office Worker,Semarang,2026-06-11
9523,Rian Saputra,35,Office Worker,Medan,2025-12-07
9524,Eka Lestari,22,Office Worker,Makassar,2025-12-03
9525,Putri Ramadhan,15,High School Student,Pekanbaru,2025-06-19
9526,Dina Kurniawan,23,College Student,Semarang,2025-05-26
9527,Oki Permata,28,Office Worker,Medan,2025-11-16
9528,Citra Nugraha,15,High School Student,Medan,2025-01-29
9529,Dina Saputra,30,Office Worker,Jakarta,2026-01-09
9530,Tio Sari,29,Office Worker,Semarang,2026-01-06
9531,Budi Pratama,15,High School Student,Jakarta,2025-01-10
9532,Salsa Putra,26,Office Worker,Yogyakarta,2026-02-20
9533,Hadi Lestari,23,College Student,Jakarta,2025-04-25
9534,Salsa Ramadhan,27,Office Worker,Bandung,2025-03-25
9535,Karin Sari,21,College Student,Makassar,2025-02-25
9536,Andi Sari,18,College Student,Medan,2025-10-27
9537,Hadi Kurniawan,24,Office Worker,Jakarta,2025-08-10
9538,Nanda Putra,31,Office Worker,Makassar,2025-08-21
9539,Tio Putra,17,High School Student,Medan,2025-06-27
9540,Tio Ramadhan,24,College Student,Jakarta,2025-03-15
9541,Dina Sari,18,High School Student,Surabaya,2025-10-15
9542,Joko Ramadhan,21,College Student,Pekanbaru,2025-12-12
9543,Joko Permata,22,College Student,Surabaya,2025-02-22
9544,Hadi Sari,21,College Student,Makassar,2026-03-08
9545,Oki Putra,23,College Student,Bandung,2026-04-10
9546,Joko Sari,15,High School Student,Jakarta,2025-04-28
9547,Tio Wijaya,15,High School Student,Bandung,2025-08-06
9548,Intan Sari,17,High School Student,Jakarta,2026-06-26
9549,Lina Pratama,24,College Student,Medan,2025-10-09
9550,Putri Wijaya,32,Office Worker,Yogyakarta,2025-10-25
9551,Andi Ramadhan,15,High School Student,Surabaya,2025-10-25
9552,Budi Sari,25,Office Worker,Bandung,2025-02-08
9553,Hadi Ramadhan,30,Office Worker,Yogyakarta,2025-11-13
9554,Joko Permata,30,Office Worker,Surabaya,2025-10-30
9555,Maya Pratama,22,Office Worker,Medan,2025-06-29
9556,Hadi Putra,26,Office Worker,Jakarta,2025-06-10
9557,Gita Putra,15,High School Student,Bandung,2025-06-04
9558,Andi Wijaya,21,College Student,Jakarta,2025-06-06
9559,Dina Ramadhan,26,Office Worker,Jakarta,2026-01-19
9560,Joko Lestari,21,College Student,Medan,2025-10-11
9561,Dina Ramadhan,34,Office Worker,Bandung,2026-03-27
9562,Nanda Kurniawan,18,High School Student,Jakarta,2025-12-28
9563,Citra Nugraha,23,Office Worker,Padang,2026-04-22
9564,Oki Wijaya,19,College Student,Yogyakarta,2025-05-24
9565,Eka Lestari,19,College Student,Semarang,2025-04-10
9566,Oki Pratama,19,College Student,Bandung,2025-09-14
9567,Fajar Sari,34,Office Worker,Bandung,2025-12-04
9568,Salsa Wijaya,22,Office Worker,Semarang,2026-01-23
9569,Intan Putra,20,College Student,Pekanbaru,2025-05-12
9570,Vina Putra,35,Office Worker,Semarang,2026-02-08
9571,Karin Putra,20,College Student,Jakarta,2025-11-15
9572,Andi Saputra,16,High School Student,Jakarta,2026-04-12
9573,Vina Permata,15,High School Student,Yogyakarta,2025-04-26
9574,Budi Kurniawan,18,High School Student,Yogyakarta,2025-02-26
9575,Budi Ramadhan,18,College Student,Surabaya,2026-01-12
9576,Vina Ramadhan,21,College Student,Makassar,2025-10-03
9577,Dina Kurniawan,24,Office Worker,Surabaya,2026-05-13
9578,Oki Sari,30,Office Worker,Makassar,2026-05-20
9579,Citra Lestari,15,High School Student,Medan,2025-06-15
9580,Dina Pratama,16,High School Student,Pekanbaru,2025-06-01
9581,Fajar Saputra,20,College Student,Palembang,2025-07-31
9582,Vina Nugraha,18,College Student,Jakarta,2025-10-07
9583,Tio Ramadhan,18,High School Student,Jakarta,2025-11-22
9584,Rian Kurniawan,17,High School Student,Medan,2025-04-12
9585,Andi Saputra,22,Office Worker,Jakarta,2026-01-18
9586,Andi Putra,25,Office Worker,Pekanbaru,2026-01-09
9587,Dina Saputra,16,High School Student,Medan,2025-10-08
9588,Intan Nugraha,18,College Student,Jakarta,2026-04-25
9589,Citra Pratama,21,College Student,Palembang,2026-04-10
9590,Maya Ramadhan,24,Office Worker,Jakarta,2026-03-29
9591,Eka Sari,19,College Student,Jakarta,2025-09-30
9592,Eka Permata,15,High School Student,Semarang,2026-04-02
9593,Lina Sari,27,Office Worker,Padang,2026-05-29
9594,Nanda Ramadhan,21,College Student,Bandung,2025-12-05
9595,Joko Lestari,24,College Student,Jakarta,2026-06-05
9596,Intan Lestari,23,College Student,Palembang,2025-05-03
9597,Budi Sari,18,College Student,Bandung,2025-04-14
9598,Rian Putra,21,College Student,Makassar,2025-03-24
9599,Vina Putra,15,High School Student,Yogyakarta,2025-04-19
9600,Vina Permata,19,College Student,Jakarta,2025-04-30
9601,Eka Sari,17,High School Student,Yogyakarta,2026-03-28
9602,Fajar Pratama,23,Office Worker,Surabaya,2025-08-16
9603,Fajar Wijaya,15,High School Student,Padang,2025-09-24
9604,Citra Kurniawan,15,High School Student,Jakarta,2026-05-11
9605,Oki Putra,26,Office Worker,Jakarta,2025-08-05
9606,Oki Pratama,22,Office Worker,Yogyakarta,2025-10-13
9607,Hadi Sari,28,Office Worker,Palembang,2026-01-06
9608,Dina Ramadhan,18,College Student,Medan,2025-06-23
9609,Joko Saputra,16,High School Student,Jakarta,2025-10-01
9610,Dina Putra,35,Office Worker,Makassar,2026-04-26
9611,Dina Lestari,23,Office Worker,Surabaya,2025-02-28
9612,Vina Permata,16,High School Student,Medan,2026-02-23
9613,Putri Lestari,30,Office Worker,Bandung,2026-02-10
9614,Karin Saputra,17,High School Student,Makassar,2026-01-05
9615,Putri Sari,30,Office Worker,Surabaya,2025-08-03
9616,Tio Permata,29,Office Worker,Jakarta,2025-11-03
9617,Rian Wijaya,34,Office Worker,Padang,2025-03-06
9618,Budi Lestari,33,Office Worker,Yogyakarta,2026-02-03
9619,Gita Ramadhan,28,Office Worker,Surabaya,2026-02-16
9620,Andi Putra,18,High School Student,Palembang,2025-09-09
9621,Intan Pratama,19,College Student,Surabaya,2025-10-25
9622,Eka Sari,16,High School Student,Semarang,2025-05-28
9623,Salsa Ramadhan,20,College Student,Palembang,2025-08-16
9624,Hadi Putra,28,Office Worker,Semarang,2025-07-16
9625,Joko Putra,21,College Student,Palembang,2025-08-31
9626,Lina Ramadhan,20,College Student,Jakarta,2025-06-20
9627,Citra Saputra,19,College Student,Makassar,2026-04-08
9628,Eka Kurniawan,35,Office Worker,Pekanbaru,2025-09-15
9629,Vina Nugraha,15,High School Student,Surabaya,2026-04-17
9630,Putri Ramadhan,24,College Student,Jakarta,2025-05-31
9631,Fajar Permata,17,High School Student,Yogyakarta,2026-03-06
9632,Nanda Permata,28,Office Worker,Padang,2026-01-17
9633,Eka Nugraha,18,High School Student,Jakarta,2026-02-21
9634,Intan Permata,31,Office Worker,Makassar,2025-10-27
9635,Gita Nugraha,20,College Student,Jakarta,2025-08-25
9636,Oki Kurniawan,17,High School Student,Padang,2025-06-02
9637,Maya Putra,23,Office Worker,Palembang,2025-10-18
9638,Oki Putra,17,High School Student,Makassar,2026-02-23
9639,Tio Kurniawan,18,College Student,Jakarta,2026-03-03
9640,Tio Lestari,16,High School Student,Palembang,2026-03-28
9641,Rian Nugraha,23,College Student,Medan,2025-07-09
9642,Dina Putra,23,College Student,Bandung,2025-06-08
9643,Joko Nugraha,22,College Student,Makassar,2025-02-01
9644,Fajar Wijaya,16,High School Student,Yogyakarta,2025-11-18
9645,Dina Nugraha,21,College Student,Yogyakarta,2025-03-01
9646,Tio Pratama,29,Office Worker,Makassar,2025-06-28
9647,Salsa Putra,35,Office Worker,Semarang,2025-07-24
9648,Dina Sari,23,College Student,Padang,2026-02-05
9649,Salsa Lestari,23,College Student,Surabaya,2025-04-25
9650,Nanda Putra,15,High School Student,Semarang,2025-03-09
9651,Putri Kurniawan,21,College Student,Palembang,2025-08-11
9652,Gita Lestari,17,High School Student,Pekanbaru,2026-02-26
9653,Rian Saputra,17,High School Student,Pekanbaru,2026-01-22
9654,Gita Wijaya,16,High School Student,Palembang,2025-11-06
9655,Oki Nugraha,18,College Student,Makassar,2025-07-29
9656,Rian Lestari,23,College Student,Semarang,2026-01-04
9657,Citra Permata,33,Office Worker,Jakarta,2026-06-22
9658,Vina Sari,17,High School Student,Medan,2025-11-24
9659,Eka Kurniawan,29,Office Worker,Palembang,2025-03-29
9660,Salsa Putra,25,Office Worker,Jakarta,2025-04-17
9661,Budi Sari,18,College Student,Makassar,2025-08-25
9662,Joko Ramadhan,24,College Student,Jakarta,2025-11-08
9663,Dina Nugraha,23,College Student,Palembang,2025-07-23
9664,Eka Sari,15,High School Student,Makassar,2026-06-21
9665,Karin Permata,20,College Student,Semarang,2025-01-27
9666,Nanda Permata,35,Office Worker,Palembang,2025-12-21
9667,Vina Putra,15,High School Student,Makassar,2026-06-18
9668,Eka Kurniawan,16,High School Student,Yogyakarta,2025-07-23
9669,Putri Putra,27,Office Worker,Makassar,2025-11-07
9670,Citra Sari,26,Office Worker,Semarang,2025-09-22
9671,Rian Nugraha,23,College Student,Palembang,2025-02-23
9672,Budi Putra,24,Office Worker,Yogyakarta,2026-01-09
9673,Eka Wijaya,18,College Student,Jakarta,2026-02-27
9674,Andi Lestari,18,High School Student,Yogyakarta,2025-08-08
9675,Joko Lestari,22,College Student,Makassar,2026-04-22
9676,Lina Putra,20,College Student,Palembang,2026-06-04
9677,Eka Kurniawan,23,Office Worker,Jakarta,2025-12-29
9678,Karin Sari,18,High School Student,Jakarta,2026-03-29
9679,Rian Pratama,23,College Student,Bandung,2025-09-10
9680,Gita Kurniawan,24,College Student,Padang,2025-08-01
9681,Salsa Sari,22,College Student,Medan,2025-05-24
9682,Salsa Lestari,17,High School Student,Makassar,2025-01-11
9683,Lina Lestari,18,College Student,Makassar,2026-06-15
9684,Salsa Nugraha,22,Office Worker,Surabaya,2026-03-24
9685,Intan Kurniawan,19,College Student,Yogyakarta,2025-02-21
9686,Joko Pratama,20,College Student,Palembang,2025-07-24
9687,Karin Sari,22,College Student,Bandung,2025-12-22
9688,Joko Wijaya,19,College Student,Makassar,2025-12-05
9689,Joko Pratama,20,College Student,Bandung,2025-11-29
9690,Budi Ramadhan,25,Office Worker,Yogyakarta,2025-07-18
9691,Nanda Lestari,25,Office Worker,Palembang,2026-03-15
9692,Salsa Saputra,20,College Student,Palembang,2025-05-30
9693,Vina Wijaya,18,College Student,Yogyakarta,2025-02-19
9694,Hadi Ramadhan,22,Office Worker,Padang,2025-12-06
9695,Vina Sari,21,College Student,Yogyakarta,2026-06-15
9696,Maya Saputra,18,College Student,Pekanbaru,2025-05-26
9697,Gita Pratama,17,High School Student,Makassar,2025-02-19
9698,Fajar Putra,30,Office Worker,Palembang,2026-02-03
9699,Maya Sari,20,College Student,Surabaya,2026-01-11
9700,Salsa Saputra,27,Office Worker,Yogyakarta,2025-01-23
9701,Dina Nugraha,32,Office Worker,Padang,2025-03-17
9702,Nanda Saputra,15,High School Student,Yogyakarta,2025-10-10
9703,Salsa Permata,32,Office Worker,Yogyakarta,2025-01-06
9704,Oki Wijaya,34,Office Worker,Palembang,2025-10-07
9705,Dina Nugraha,21,College Student,Yogyakarta,2026-01-28
9706,Putri Ramadhan,16,High School Student,Medan,2026-03-22
9707,Budi Lestari,18,High School Student,Jakarta,2025-03-11
9708,Intan Putra,22,College Student,Palembang,2026-04-19
9709,Nanda Pratama,22,College Student,Yogyakarta,2025-11-30
9710,Intan Lestari,18,College Student,Jakarta,2026-04-29
9711,Karin Saputra,15,High School Student,Yogyakarta,2025-06-25
9712,Putri Pratama,29,Office Worker,Palembang,2025-08-19
9713,Andi Ramadhan,22,College Student,Jakarta,2025-03-28
9714,Budi Sari,15,High School Student,Padang,2026-01-24
9715,Vina Saputra,19,College Student,Jakarta,2025-07-01
9716,Lina Sari,19,College Student,Surabaya,2026-02-26
9717,Andi Saputra,17,High School Student,Yogyakarta,2026-03-29
9718,Lina Saputra,21,College Student,Jakarta,2025-07-20
9719,Rian Kurniawan,15,High School Student,Medan,2025-01-24
9720,Fajar Wijaya,32,Office Worker,Palembang,2026-05-17
9721,Fajar Sari,35,Office Worker,Makassar,2025-12-02
9722,Tio Permata,19,College Student,Semarang,2026-04-14
9723,Rian Ramadhan,30,Office Worker,Jakarta,2025-05-29
9724,Oki Ramadhan,34,Office Worker,Makassar,2025-05-21
9725,Intan Saputra,17,High School Student,Medan,2025-09-04
9726,Eka Nugraha,27,Office Worker,Surabaya,2025-03-12
9727,Eka Lestari,32,Office Worker,Jakarta,2026-01-27
9728,Dina Lestari,17,High School Student,Makassar,2025-09-05
9729,Salsa Putra,17,High School Student,Pekanbaru,2025-04-15
9730,Eka Permata,15,High School Student,Makassar,2025-02-21
9731,Intan Saputra,16,High School Student,Jakarta,2025-09-15
9732,Citra Putra,32,Office Worker,Pekanbaru,2026-04-30
9733,Karin Permata,23,College Student,Jakarta,2026-02-10
9734,Intan Lestari,31,Office Worker,Padang,2025-01-04
9735,Lina Lestari,28,Office Worker,Makassar,2026-01-02
9736,Joko Lestari,28,Office Worker,Jakarta,2025-01-07
9737,Intan Lestari,33,Office Worker,Bandung,2025-01-01
9738,Intan Pratama,15,High School Student,Semarang,2025-12-05
9739,Putri Lestari,19,College Student,Jakarta,2025-12-16
9740,Nanda Ramadhan,28,Office Worker,Medan,2025-02-24
9741,Nanda Putra,17,High School Student,Surabaya,2025-09-27
9742,Salsa Permata,16,High School Student,Yogyakarta,2025-09-29
9743,Andi Sari,32,Office Worker,Jakarta,2026-03-06
9744,Dina Kurniawan,27,Office Worker,Yogyakarta,2026-01-12
9745,Fajar Ramadhan,20,College Student,Semarang,2026-01-22
9746,Maya Putra,27,Office Worker,Bandung,2026-01-22
9747,Maya Ramadhan,28,Office Worker,Jakarta,2025-06-18
9748,Dina Nugraha,24,College Student,Makassar,2025-06-06
9749,Citra Kurniawan,15,High School Student,Pekanbaru,2026-02-28
9750,Oki Saputra,31,Office Worker,Surabaya,2025-10-04
9751,Rian Lestari,22,College Student,Jakarta,2025-05-28
9752,Budi Nugraha,17,High School Student,Jakarta,2025-04-01
9753,Andi Nugraha,23,College Student,Pekanbaru,2025-04-24
9754,Vina Pratama,35,Office Worker,Padang,2025-01-02
9755,Andi Sari,18,High School Student,Semarang,2026-05-16
9756,Citra Lestari,20,College Student,Yogyakarta,2025-06-20
9757,Putri Kurniawan,17,High School Student,Surabaya,2026-03-17
9758,Nanda Lestari,28,Office Worker,Jakarta,2025-08-13
9759,Putri Pratama,17,High School Student,Yogyakarta,2025-05-27
9760,Lina Permata,21,College Student,Pekanbaru,2026-03-24
9761,Rian Pratama,27,Office Worker,Makassar,2026-03-06
9762,Rian Wijaya,15,High School Student,Yogyakarta,2025-11-19
9763,Salsa Permata,31,Office Worker,Surabaya,2025-04-01
9764,Budi Kurniawan,23,Office Worker,Medan,2025-01-14
9765,Intan Sari,23,Office Worker,Bandung,2025-05-28
9766,Nanda Sari,16,High School Student,Padang,2026-04-16
9767,Budi Lestari,24,Office Worker,Semarang,2026-02-13
9768,Rian Putra,22,Office Worker,Palembang,2026-01-19
9769,Eka Permata,23,Office Worker,Surabaya,2026-01-23
9770,Joko Saputra,16,High School Student,Yogyakarta,2025-02-26
9771,Citra Lestari,34,Office Worker,Jakarta,2026-05-29
9772,Budi Permata,24,College Student,Jakarta,2025-12-11
9773,Tio Nugraha,18,High School Student,Medan,2025-03-28
9774,Gita Kurniawan,21,College Student,Semarang,2026-02-09
9775,Eka Putra,23,Office Worker,Semarang,2025-09-02
9776,Budi Ramadhan,20,College Student,Surabaya,2025-02-21
9777,Vina Permata,21,College Student,Semarang,2025-07-28
9778,Gita Permata,33,Office Worker,Jakarta,2025-05-23
9779,Oki Saputra,21,College Student,Bandung,2026-06-30
9780,Budi Lestari,25,Office Worker,Semarang,2025-04-14
9781,Eka Lestari,19,College Student,Jakarta,2025-02-13
9782,Salsa Ramadhan,23,College Student,Bandung,2025-11-29
9783,Lina Putra,22,Office Worker,Jakarta,2025-09-04
9784,Andi Sari,22,Office Worker,Surabaya,2026-06-14
9785,Lina Sari,20,College Student,Yogyakarta,2026-04-10
9786,Intan Permata,27,Office Worker,Yogyakarta,2025-10-28
9787,Oki Sari,17,High School Student,Yogyakarta,2026-06-22
9788,Lina Ramadhan,15,High School Student,Jakarta,2026-01-03
9789,Dina Lestari,18,College Student,Makassar,2025-07-25
9790,Citra Putra,15,High School Student,Padang,2025-12-23
9791,Eka Permata,18,College Student,Yogyakarta,2025-11-27
9792,Tio Lestari,18,College Student,Makassar,2025-10-07
9793,Gita Ramadhan,18,High School Student,Padang,2026-03-18
9794,Citra Kurniawan,20,College Student,Jakarta,2026-05-16
9795,Putri Saputra,21,College Student,Pekanbaru,2026-03-10
9796,Citra Pratama,20,College Student,Surabaya,2025-07-19
9797,Gita Saputra,29,Office Worker,Bandung,2025-07-19
9798,Joko Putra,30,Office Worker,Jakarta,2026-01-02
9799,Putri Saputra,23,College Student,Pekanbaru,2025-12-05
9800,Fajar Pratama,25,Office Worker,Jakarta,2026-02-24
9801,Hadi Nugraha,35,Office Worker,Yogyakarta,2025-10-04
9802,Intan Wijaya,16,High School Student,Bandung,2025-02-23
9803,Budi Sari,16,High School Student,Pekanbaru,2025-06-13
9804,Karin Sari,33,Office Worker,Jakarta,2026-01-21
9805,Maya Lestari,23,College Student,Yogyakarta,2025-03-17
9806,Oki Nugraha,25,Office Worker,Semarang,2026-02-26
9807,Gita Ramadhan,34,Office Worker,Bandung,2025-08-18
9808,Lina Wijaya,30,Office Worker,Semarang,2025-11-02
9809,Putri Permata,23,Office Worker,Jakarta,2025-04-27
9810,Intan Lestari,23,College Student,Yogyakarta,2025-08-28
9811,Maya Putra,17,High School Student,Padang,2026-05-21
9812,Fajar Wijaya,34,Office Worker,Jakarta,2026-06-17
9813,Lina Kurniawan,20,College Student,Pekanbaru,2025-02-26
9814,Intan Ramadhan,31,Office Worker,Bandung,2025-01-29
9815,Budi Sari,25,Office Worker,Palembang,2026-03-10
9816,Intan Kurniawan,23,Office Worker,Semarang,2025-08-06
9817,Tio Saputra,20,College Student,Yogyakarta,2026-06-30
9818,Lina Nugraha,19,College Student,Makassar,2026-04-11
9819,Karin Lestari,18,College Student,Palembang,2026-06-28
9820,Citra Permata,19,College Student,Padang,2026-05-19
9821,Joko Saputra,27,Office Worker,Yogyakarta,2026-01-23
9822,Lina Lestari,22,Office Worker,Makassar,2026-06-26
9823,Lina Saputra,27,Office Worker,Yogyakarta,2025-12-17
9824,Budi Pratama,17,High School Student,Makassar,2025-11-21
9825,Vina Ramadhan,24,College Student,Makassar,2026-06-25
9826,Joko Lestari,23,Office Worker,Bandung,2026-01-31
9827,Vina Pratama,18,College Student,Jakarta,2025-03-20
9828,Andi Kurniawan,18,College Student,Medan,2026-04-28
9829,Andi Sari,31,Office Worker,Makassar,2025-11-05
9830,Karin Sari,34,Office Worker,Jakarta,2026-02-23
9831,Andi Pratama,21,College Student,Semarang,2025-08-23
9832,Fajar Putra,25,Office Worker,Yogyakarta,2026-03-12
9833,Citra Sari,18,High School Student,Makassar,2026-03-13
9834,Fajar Putra,29,Office Worker,Palembang,2025-05-26
9835,Vina Kurniawan,15,High School Student,Surabaya,2025-06-15
9836,Oki Pratama,18,High School Student,Jakarta,2025-06-15
9837,Intan Lestari,28,Office Worker,Makassar,2026-01-30
9838,Andi Lestari,18,High School Student,Makassar,2025-09-10
9839,Putri Wijaya,28,Office Worker,Yogyakarta,2026-02-13
9840,Intan Pratama,30,Office Worker,Makassar,2026-03-22
9841,Fajar Saputra,34,Office Worker,Jakarta,2025-02-16
9842,Nanda Sari,31,Office Worker,Palembang,2025-04-05
9843,Gita Lestari,24,College Student,Bandung,2026-05-04
9844,Putri Sari,23,Office Worker,Yogyakarta,2025-09-20
9845,Vina Ramadhan,15,High School Student,Jakarta,2026-03-09
9846,Fajar Sari,18,College Student,Bandung,2025-08-31
9847,Rian Putra,28,Office Worker,Yogyakarta,2025-11-29
9848,Budi Wijaya,22,College Student,Semarang,2025-04-18
9849,Gita Permata,21,College Student,Makassar,2025-11-17
9850,Citra Kurniawan,22,College Student,Palembang,2026-04-19
9851,Dina Kurniawan,31,Office Worker,Surabaya,2025-09-29
9852,Karin Wijaya,31,Office Worker,Pekanbaru,2026-04-18
9853,Tio Putra,16,High School Student,Makassar,2026-04-12
9854,Andi Ramadhan,21,College Student,Palembang,2026-02-08
9855,Putri Saputra,31,Office Worker,Makassar,2025-08-12
9856,Nanda Putra,23,College Student,Jakarta,2025-04-22
9857,Salsa Pratama,15,High School Student,Surabaya,2026-03-31
9858,Vina Saputra,19,College Student,Makassar,2025-10-15
9859,Tio Saputra,20,College Student,Jakarta,2026-03-29
9860,Dina Pratama,18,High School Student,Padang,2025-12-07
9861,Hadi Permata,27,Office Worker,Surabaya,2025-06-07
9862,Nanda Lestari,21,College Student,Palembang,2025-07-05
9863,Karin Putra,33,Office Worker,Jakarta,2025-01-29
9864,Nanda Lestari,32,Office Worker,Palembang,2026-02-12
9865,Gita Permata,34,Office Worker,Makassar,2025-01-27
9866,Lina Saputra,15,High School Student,Bandung,2026-06-17
9867,Fajar Permata,21,College Student,Medan,2025-04-02
9868,Oki Ramadhan,16,High School Student,Jakarta,2025-06-21
9869,Putri Putra,29,Office Worker,Medan,2025-04-24
9870,Citra Pratama,15,High School Student,Medan,2025-04-08
9871,Lina Wijaya,19,College Student,Pekanbaru,2025-09-12
9872,Fajar Wijaya,18,College Student,Bandung,2025-01-22
9873,Rian Kurniawan,24,College Student,Surabaya,2025-05-01
9874,Maya Saputra,15,High School Student,Palembang,2025-07-30
9875,Budi Kurniawan,23,College Student,Makassar,2026-01-21
9876,Putri Pratama,16,High School Student,Bandung,2025-10-11
9877,Citra Lestari,18,High School Student,Palembang,2025-02-22
9878,Andi Saputra,19,College Student,Padang,2026-04-06
9879,Nanda Ramadhan,30,Office Worker,Jakarta,2025-11-04
9880,Intan Kurniawan,21,College Student,Pekanbaru,2025-11-29
9881,Lina Putra,19,College Student,Semarang,2025-08-01
9882,Citra Saputra,24,College Student,Pekanbaru,2026-06-20
9883,Andi Kurniawan,20,College Student,Jakarta,2025-07-09
9884,Maya Nugraha,24,Office Worker,Yogyakarta,2025-07-03
9885,Putri Wijaya,15,High School Student,Jakarta,2025-08-02
9886,Joko Lestari,34,Office Worker,Bandung,2025-04-03
9887,Eka Wijaya,30,Office Worker,Palembang,2026-02-12
9888,Intan Pratama,30,Office Worker,Bandung,2025-10-03
9889,Andi Wijaya,18,High School Student,Jakarta,2025-02-03
9890,Fajar Saputra,21,College Student,Padang,2025-09-02
9891,Nanda Pratama,35,Office Worker,Semarang,2025-11-05
9892,Joko Kurniawan,17,High School Student,Medan,2026-02-21
9893,Joko Pratama,34,Office Worker,Semarang,2026-01-15
9894,Citra Nugraha,29,Office Worker,Yogyakarta,2025-02-19
9895,Putri Sari,34,Office Worker,Makassar,2025-08-27
9896,Vina Ramadhan,17,High School Student,Bandung,2025-08-23
9897,Andi Permata,34,Office Worker,Palembang,2025-11-15
9898,Eka Putra,26,Office Worker,Bandung,2025-04-03
9899,Lina Pratama,34,Office Worker,Yogyakarta,2025-11-26
9900,Maya Lestari,17,High School Student,Makassar,2026-02-24
9901,Intan Permata,17,High School Student,Surabaya,2026-04-07
9902,Hadi Saputra,18,College Student,Palembang,2025-12-08
9903,Oki Wijaya,17,High School Student,Makassar,2025-08-30
9904,Intan Wijaya,18,College Student,Padang,2026-04-21
9905,Nanda Putra,27,Office Worker,Semarang,2026-04-29
9906,Eka Sari,20,College Student,Yogyakarta,2026-03-01
9907,Dina Putra,24,Office Worker,Yogyakarta,2025-08-15
9908,Dina Nugraha,16,High School Student,Padang,2025-06-04
9909,Andi Lestari,16,High School Student,Makassar,2026-06-26
9910,Hadi Sari,16,High School Student,Palembang,2025-06-09
9911,Karin Nugraha,18,College Student,Jakarta,2025-07-30
9912,Putri Ramadhan,34,Office Worker,Palembang,2026-05-04
9913,Rian Putra,18,High School Student,Bandung,2025-09-13
9914,Eka Lestari,23,Office Worker,Surabaya,2025-02-25
9915,Gita Lestari,21,College Student,Yogyakarta,2025-06-08
9916,Maya Permata,22,Office Worker,Makassar,2025-04-05
9917,Oki Ramadhan,17,High School Student,Yogyakarta,2025-08-27
9918,Budi Permata,16,High School Student,Surabaya,2025-08-04
9919,Nanda Kurniawan,17,High School Student,Medan,2026-03-14
9920,Oki Permata,18,College Student,Makassar,2025-05-26
9921,Fajar Sari,23,College Student,Makassar,2026-05-23
9922,Maya Pratama,29,Office Worker,Makassar,2025-05-04
9923,Rian Permata,29,Office Worker,Medan,2025-11-28
9924,Tio Lestari,30,Office Worker,Yogyakarta,2025-09-25
9925,Vina Kurniawan,24,College Student,Yogyakarta,2025-07-08
9926,Budi Permata,15,High School Student,Jakarta,2025-05-24
9927,Salsa Putra,24,College Student,Bandung,2025-05-08
9928,Vina Kurniawan,30,Office Worker,Makassar,2026-06-08
9929,Rian Sari,33,Office Worker,Surabaya,2025-12-28
9930,Rian Lestari,32,Office Worker,Bandung,2025-03-13
9931,Nanda Lestari,22,Office Worker,Bandung,2025-10-09
9932,Lina Lestari,16,High School Student,Surabaya,2026-02-28
9933,Lina Pratama,18,High School Student,Bandung,2026-03-15
9934,Tio Sari,18,High School Student,Jakarta,2025-06-08
9935,Nanda Pratama,19,College Student,Jakarta,2025-09-08
9936,Oki Nugraha,15,High School Student,Makassar,2025-11-23
9937,Fajar Wijaya,24,College Student,Jakarta,2026-06-01
9938,Vina Ramadhan,25,Office Worker,Medan,2025-12-04
9939,Fajar Permata,34,Office Worker,Medan,2025-03-25
9940,Andi Wijaya,23,Office Worker,Yogyakarta,2025-04-23
9941,Karin Lestari,32,Office Worker,Bandung,2026-01-04
9942,Gita Saputra,15,High School Student,Surabaya,2025-04-14
9943,Dina Ramadhan,15,High School Student,Jakarta,2025-06-29
9944,Eka Ramadhan,33,Office Worker,Makassar,2025-10-16
9945,Intan Saputra,20,College Student,Semarang,2026-03-24
9946,Vina Pratama,22,College Student,Bandung,2025-08-20
9947,Maya Sari,19,College Student,Makassar,2025-11-21
9948,Rian Ramadhan,23,College Student,Jakarta,2025-12-18
9949,Joko Kurniawan,20,College Student,Surabaya,2025-08-19
9950,Salsa Pratama,18,College Student,Pekanbaru,2025-11-20
9951,Lina Lestari,21,College Student,Padang,2025-09-21
9952,Tio Ramadhan,26,Office Worker,Palembang,2026-03-26
9953,Oki Sari,21,College Student,Bandung,2025-11-08
9954,Karin Putra,19,College Student,Semarang,2025-07-08
9955,Vina Putra,17,High School Student,Medan,2025-03-06
9956,Karin Putra,24,College Student,Jakarta,2026-03-02
9957,Eka Lestari,24,Office Worker,Semarang,2025-12-19
9958,Gita Permata,33,Office Worker,Makassar,2025-05-17
9959,Rian Wijaya,27,Office Worker,Surabaya,2025-05-16
9960,Oki Kurniawan,16,High School Student,Pekanbaru,2025-11-10
9961,Oki Permata,24,College Student,Semarang,2026-05-12
9962,Oki Wijaya,24,College Student,Yogyakarta,2025-11-06
9963,Lina Ramadhan,21,College Student,Jakarta,2026-03-14
9964,Vina Nugraha,18,College Student,Pekanbaru,2025-12-27
9965,Karin Sari,21,College Student,Semarang,2025-06-05
9966,Lina Sari,22,College Student,Jakarta,2026-01-01
9967,Intan Saputra,32,Office Worker,Medan,2025-03-22
9968,Nanda Permata,16,High School Student,Medan,2025-08-25
9969,Hadi Permata,27,Office Worker,Yogyakarta,2026-02-01
9970,Tio Lestari,18,High School Student,Yogyakarta,2025-02-28
9971,Fajar Wijaya,18,High School Student,Bandung,2025-08-25
9972,Oki Saputra,26,Office Worker,Bandung,2026-05-25
9973,Intan Wijaya,28,Office Worker,Semarang,2025-12-04
9974,Andi Kurniawan,16,High School Student,Semarang,2026-04-17
9975,Eka Sari,23,College Student,Jakarta,2026-02-19
9976,Nanda Saputra,16,High School Student,Medan,2025-10-16
9977,Nanda Pratama,23,College Student,Yogyakarta,2026-01-09
9978,Fajar Nugraha,29,Office Worker,Jakarta,2025-11-05
9979,Joko Ramadhan,34,Office Worker,Surabaya,2025-05-02
9980,Budi Sari,35,Office Worker,Palembang,2025-12-13
9981,Rian Putra,23,College Student,Yogyakarta,2025-02-05
9982,Nanda Sari,25,Office Worker,Palembang,2026-03-29
9983,Gita Ramadhan,21,College Student,Surabaya,2026-04-04
9984,Intan Wijaya,28,Office Worker,Makassar,2025-08-14
9985,Karin Wijaya,24,Office Worker,Jakarta,2026-01-12
9986,Dina Nugraha,18,College Student,Padang,2025-07-07
9987,Dina Kurniawan,22,College Student,Padang,2025-01-03
9988,Nanda Ramadhan,18,College Student,Bandung,2025-01-06
9989,Fajar Lestari,15,High School Student,Pekanbaru,2026-02-08
9990,Maya Wijaya,27,Office Worker,Bandung,2025-11-05
9991,Karin Wijaya,24,College Student,Medan,2025-12-25
9992,Gita Lestari,19,College Student,Medan,2026-05-23
9993,Andi Permata,19,College Student,Yogyakarta,2026-04-10
9994,Hadi Permata,27,Office Worker,Makassar,2026-06-02
9995,Rian Nugraha,17,High School Student,Bandung,2026-01-19
9996,Rian Kurniawan,34,Office Worker,Makassar,2026-05-05
9997,Hadi Sari,22,Office Worker,Makassar,2026-06-23
9998,Eka Permata,24,Office Worker,Jakarta,2026-05-04
9999,Citra Putra,24,College Student,Makassar,2025-11-03
10000,Eka Nugraha,15,High School Student,Pekanbaru,2025-10-02
